StartDate,EndDate,Status,Progress,Duration (in seconds),Finished,RecordedDate,ResponseId,DistributionChannel,UserLanguage,consent,vpcode_1,vpcode_2,vpcode_3,vpcode_4,exclusion_sight,mother_tongue_ger,language_level_ger,exclusion_age,time_thought_negnt _First Click,time_thought_negnt _Last Click,time_thought_negnt _Page Submit,time_thought_negnt _Click Count,time_response_negnt_First Click,time_response_negnt_Last Click,time_response_negnt_Page Submit,time_response_negnt_Click Count,response_negnt,temDist_negnt_exac,tempDist_negnt_feel_1,vivid_negnt_1,emoArous_negnt_1,valence_negnt_1,detail_negnt_1,relevance_negnt_1,imagery_negnt_1,perspec_negnt_1,active_negnt_1,ease_negnt_1,time_thought_neutr_First Click,time_thought_neutr_Last Click,time_thought_neutr_Page Submit,time_thought_neutr_Click Count,time_response_neutr_First Click,time_response_neutr_Last Click,time_response_neutr_Page Submit,time_response_neutr_Click Count,response_neutr,DempDist_neutr_exac,tempDist_neutr_feel _1,vivid_neutr _1,emoArous_neutr _1,valence_neutr_1,detail_neutr_1,relevance_neutr_1,imagery_neutr_1,perspec_neutr_1,active_neutr_1,ease_neutr_1,time_thought_trauma_First Click,time_thought_trauma_Last Click,time_thought_trauma_Page Submit,time_thought_trauma_Click Count,time_response_trauma_First Click,time_response_trauma_Last Click,time_response_trauma_Page Submit,time_response_trauma_Click Count,response_trauma,criterionA_trauma_1,criterionA_trauma_2,criterionA_trauma_3,criterionA_trauma_4,traumatic_trauma_1,tempDist_trauma_exac,tempDist_trauma_feel_1,vivid_trauma_1,emoArous_trauma_1,valence_trauma_1,detail_trauma_1,relevance_trauma_1,imagery_trauma_1,perspec_trauma_1,active_trauma_1,ease_trauma_1,PCL-5_1,PCL-5_2,PCL-5_3,PCL-5_4,PCL-5_5,PCL-5_6,PCL-5_7,PCL-5_8,PCL-5_9,PCL-5_10,PCL-5_11,PCL-5_12,PCL-5_13,PCL-5_14,PCL-5_15,PCL-5_16,PCL-5_17,PCL-5_18,PCL-5_19,PCL-5_20,dass21_1,dass21_2,dass21_3,dass21_4,dass21_5,dass21_6,dass21_7,dass21_8,dass21_9,dass21_10,dass21_11,dass21_12,dass21_13,dass21_14,dass21_15,dass21_16,dass21_17,dass21_18,dass21_19,dass21_20,dass21_21,swe_1,swe_2,swe_3,swe_4,swe_5,swe_6,swe_7,swe_8,swe_9,swe_10,LEC-5_1,LEC-5_2,LEC-5_3,LEC-5_4,LEC-5_5,LEC-5_6,LEC-5_7,LEC-5_8,LEC-5_9,LEC-5_10,LEC-5_11,LEC-5_12,LEC-5_13,LEC-5_14,LEC-5_15,LEC-5_16,LEC-5_17,told_event_lec5,phonTim_First Click,phonTim_Last Click,phonTim_Page Submit,phonTim_Click Count,phonP,semTime_First Click,semTime_Last Click,semTime_Page Submit,semTime_Click Count,semAnim,age,gender,validity_check,socioeconomic,education,understanding,understanding_2_TEXT,SC0,SC1,id,Test_Score,PTSD-Risk,Segment,WC,Analytic,Clout,Authentic,Tone,WPS,Sixltr,Dic,function,pronoun,ppron,i,we,you_total,you_sing,you_plur,you_formal,other,shehe,they,ipron,article,prep,auxverb,adverb,conj,negate,verb,adj,compare,interrog,number,quant,affect,posemo,negemo,anx,anger,sad,social,family,friend,female,male,cogproc,insight,cause,discrep,tentat,certain,differ,percept,see,hear,feel,bio,body,health,sexual,ingest,drives,affiliation,achiev,power,reward,risk,focuspast,focuspresent,focusfuture,relativ,motion,space,time,work,leisure,home,money,relig,death,informal,swear,netspeak,assent,nonflu,filler,AllPunc,Period,Comma,Colon,SemiC,QMark,Exclam,Dash,Quote,Apostro,Parenth,OtherP,Emoji
Start Date,End Date,Response Type,Progress,Duration (in seconds),Finished,Recorded Date,Response ID,Distribution Channel,User Language,"Einwilligungserklärung

Department of Behavioral and Clinical Neuroscience

 

Ich bin schriftlich über die Studie und den Versuchsablauf aufgeklärt worden. Ich willige ein, an der Studie teilzunehmen. Die Rechtsgrundlage zur Verarbeitung der mich betreffenden personenbezogenen Daten bilden bei Studien meine freiwillige schriftliche Einwilligung gemäß DS-GVO (Art. 6 Abs. 1 Buchst. a). Mit der beschriebenen Erhebung und Verarbeitung der Daten (Angst-, Depressions-, Selbstwirksamkeitsfragebogen, berichtete Erinnerungen, etc.) bin ich einverstanden. Die Erhebung und Auswertung der Daten erfolgt ohne Angabe meines Namens unter Verwendung eines persönlichen Codewortes, das ich selbst erstellt habe und das nur ich kenne. Das heißt, es ist niemandem außer mir möglich, meine Daten mit meinem Namen in Verbindung zu bringen. Mein Einverständnis zur Aufbewahrung bzw. Speicherung meiner Daten kann ich jederzeit mit Wirkung für die Zukunft widerrufen, ohne dass mir daraus Nachteile entstehen. Solange der Code existiert, kann ich eine Löschung all meiner Daten verlangen. Ich bin einverstanden, dass meine vollständig anonymisierten Daten zu Forschungszwecken weiterverwendet werden können. Dazu werden sie bis zu 10 Jahre nach Datenanonymisierung aufbewahrt (1.12.2035).

 Ich bin über die freiwillige Möglichkeit der Teilnahme an weiteren Experimenten und der daraus resultierenden zeitweisen Speicherung meiner E-Mail-Adresse in Verbindung mit meinem in diesem Experiment erstellten Code zum Zweck der zukünftigen Kontaktaufnahme informiert worden und kann durch einen entsprechenden Passus in einer E-Mail an die Versuchsleitung mein Einverständnis dafür geben. Ich bin darüber informiert worden, dass diese etwaige Speicherung separat von meinen erhobenen Daten auf einer verschlüsselten Kodierliste erfolgt. Diese Kodierliste ist nur den Versuchsleitern und dem Projektleiter zugänglich, das heißt, nur diese Personen können die erhobenen Daten mit meinem Namen in Verbindung bringen. Spätestens am 31.12.2026 wird diese Kodierliste gelöscht. Meine Daten sind dann anonymisiert. Damit ist es niemandem mehr möglich, die erhobenen Daten mit meinem Namen in Verbindung zu bringen. Ich bin darüber informiert, dass ich mein Einverständnis zur Aufbewahrung bzw. Speicherung dieser Daten mit Wirkung für die Zukunft widerrufen kann, ohne dass mir daraus Nachteile entstehen. Ich kann jederzeit eine Löschung all meiner Daten verlangen, solange der selbst erstellte Code existiert. 


 

Bei Fragen oder anderen Anliegen kann ich mich an folgende Personen wenden:

 

Projektleiter:

Prof. Dr. Armin Zlomuzica

Department of Behavioral and Clinical Neuroscience

Ruhr-University Bochum

Bochumer Fenster

Massenbergstraße 9 - 13

44787 Bochum

armin.zlomuzica@ruhr-uni-bochum.de

 

Versuchsleiter:

Giuliano Groer

Department of Behavioral and Clinical Neuroscience

Ruhr-University Bochum

Bochumer Fenster

Massenbergstraße 9 - 13

44787 Bochum

Giuliano.Groer@ruhr-uni-bochum.de","Bitte geben Sie die ersten beiden Buchstaben des Vornamens Ihrer Mutter (oder einer Person, die für Sie einer Mutter am nächsten kommt) an. (z.B. SU, wenn Ihre Mutter Susanne heißt)","Bitte geben Sie die ersten beiden Buchstaben Ihres Vornamens an. (z.B. PE, wenn Sie Peter heißen)",Bitte geben Sie den Tag Ihres Geburtstagsdatums an (z.B. 08 wenn Sie am 8. Februar Geburtstag haben).,Bitte geben Sie den Monat des Geburtstagsdatums Ihrer Mutter an (z.B. 02 wenn Sie am 12. Februar Geburtstag hat).,Besitzen Sie eine normale oder korrigierte (z.B. durch Kontaktlinsen oder Brille) Sehfähigkeit?,Ist Deutsch Ihre Muttersprache?,"Sprechen Sie Deutsch auf einem Niveau, das dem Ihrer Muttersprache entspricht?",Sind Sie mindestens 18 Jahre alt?,Timing - First Click,Timing - Last Click,Timing - Page Submit,Timing - Click Count,Timing - First Click,Timing - Last Click,Timing - Page Submit,Timing - Click Count,Bitte beschreiben Sie das Erlebnis in mehr als drei Sätzen.,"Bitte geben Sie so genau wie möglich an, wann das Erlebnis war, welches Sie gerade beschrieben haben.","Bitte geben Sie so genau wie möglich an, wie zeitlich nah Sie sich dem Ereignis fühlen, welches Sie gerade beschrieben haben.",vivid_negnt - Wie lebendig war das Erlebnis?,emoArous_negnt - Wie emotional erregend war das Erlebnis?,valence_negnt - Würden Sie das Erlebnis eher als positiv oder negativ beschreiben?,detail_negnt - Wie detaillreich war das Erlebnis?,relevance_negnt - Wie bedeutsam war das Erlebnis für Sie und Ihr Leben?,imagery_negnt - Wieviel haben Sie Ihre bildliche Vorstellungskraft genutzt?,perspec_negnt - Aus welcher Perspektive haben Sie das Erlebnis gesehen?,active_negnt - Hatten Sie in dem Erlebnis eher eine passive oder eine aktive Rolle?,ease_negnt - Wie schwierig war es für Sie an ein Erlebnis zu denken?,Timing - First Click,Timing - Last Click,Timing - Page Submit,Timing - Click Count,Timing - First Click,Timing - Last Click,Timing - Page Submit,Timing - Click Count,Bitte beschreiben Sie das Erlebnis in mehr als drei Sätzen.,"Bitte geben Sie so genau wie möglich an, wann das Erlebnis war, welches Sie gerade beschrieben haben.","Bitte geben Sie so genau wie möglich an, wie zeitlich nah Sie sich dem Ereignis fühlen, welches Sie gerade beschrieben haben.",vivid_neutr - Wie lebendig war das Erlebnis?,emoArous_neutr - Wie emotional erregend war das Erlebnis?,valence_neutr - Würden Sie das Erlebnis eher als positiv oder negativ beschreiben?,detail_neutr - Wie detaillreich war das Erlebnis?,relevance_neutr - Wie bedeutsam war das Erlebnis für Sie und Ihr Leben?,imagery_neutr - Wieviel haben Sie Ihre bildliche Vorstellungskraft genutzt?,perspec_neutr - Aus welcher Perspektive haben Sie das Erlebnis gesehen?,active_neutr - Hatten Sie in dem Erlebnis eher eine passive oder eine aktive Rolle?,ease_neutr - Wie schwierig war es für Sie an ein Erlebnis zu denken?,Timing - First Click,Timing - Last Click,Timing - Page Submit,Timing - Click Count,Timing - First Click,Timing - Last Click,Timing - Page Submit,Timing - Click Count,Bitte beschreiben Sie das Erlebnis in mehr als drei Sätzen.,"Bitte beurteilen Sie das Erlebnis bezüglich einiger Eigenschaften.

Bitte geben Sie an, ob Sie das gerade von Ihnen beschriebene Erlebnis selbst erfahren haben, ob Sie davon Zeuge wurden, das Erlebnis einem nahen Familienmitglied oder engem Freund widerfahren ist oder sie beispielsweise aus beruflichen Gründen dem traumatischen Erlebnis wiederholt ausgesetzt waren. Bitte kreuzen Sie bei jeder Frage jene Antwortfelder an, die für Sie zutreffen. - 1. tatsächlicher Tod einer Person","Bitte beurteilen Sie das Erlebnis bezüglich einiger Eigenschaften.

Bitte geben Sie an, ob Sie das gerade von Ihnen beschriebene Erlebnis selbst erfahren haben, ob Sie davon Zeuge wurden, das Erlebnis einem nahen Familienmitglied oder engem Freund widerfahren ist oder sie beispielsweise aus beruflichen Gründen dem traumatischen Erlebnis wiederholt ausgesetzt waren. Bitte kreuzen Sie bei jeder Frage jene Antwortfelder an, die für Sie zutreffen. - 2. angedrohter Tod einer Person","Bitte beurteilen Sie das Erlebnis bezüglich einiger Eigenschaften.

Bitte geben Sie an, ob Sie das gerade von Ihnen beschriebene Erlebnis selbst erfahren haben, ob Sie davon Zeuge wurden, das Erlebnis einem nahen Familienmitglied oder engem Freund widerfahren ist oder sie beispielsweise aus beruflichen Gründen dem traumatischen Erlebnis wiederholt ausgesetzt waren. Bitte kreuzen Sie bei jeder Frage jene Antwortfelder an, die für Sie zutreffen. - 3. schwere Verletzung","Bitte beurteilen Sie das Erlebnis bezüglich einiger Eigenschaften.

Bitte geben Sie an, ob Sie das gerade von Ihnen beschriebene Erlebnis selbst erfahren haben, ob Sie davon Zeuge wurden, das Erlebnis einem nahen Familienmitglied oder engem Freund widerfahren ist oder sie beispielsweise aus beruflichen Gründen dem traumatischen Erlebnis wiederholt ausgesetzt waren. Bitte kreuzen Sie bei jeder Frage jene Antwortfelder an, die für Sie zutreffen. - 4. sexuelle Gewalt",traumatic_trauma - Haben Sie das gerade von Ihnen beschriebene Erlebnis als traumatisch wahrgenommen?,"Bitte geben Sie so genau wie möglich an, wann das Erlebnis war, welches Sie gerade beschrieben haben.","Bitte geben Sie so genau wie möglich an, wie zeitlich nah Sie sich dem Ereignis fühlen, welches Sie gerade beschrieben haben.",vivid_trauma - Wie lebendig war das Erlebnis?,emoArous_trauma - Wie emotional erregend war das Erlebnis?,valence_trauma - Würden Sie das Erlebnis eher als positiv oder negativ beschreiben?,detail_trauma - Wie detaillreich war das Erlebnis?,relevance_trauma - Wie bedeutsam war das Erlebnis für Sie und Ihr Leben?,imagery_trauma - Wieviel haben Sie Ihre bildliche Vorstellungskraft genutzt?,perspec_trauma - Aus welcher Perspektive haben Sie das Erlebnis gesehen?,active_trauma - Hatten Sie in dem Erlebnis eher eine passive oder eine aktive Rolle?,ease_trauma - Wie schwierig war es für Sie an ein Erlebnis zu denken?,"PCL-5 - 1. Wiederholte, beunruhigende und ungewollte Erinnerungen an das belastende Erlebnis?","PCL-5 - 2. Wiederholte, beunruhigende Träume von dem belastenden Erlebnis?","PCL-5 - 3. Sich plötzlich fühlen oder sich verhalten, als ob das belastende Erlebnis tatsächlich wieder stattfinden würde (als ob Sie tatsächlich wieder dort wären und es wiedererleben würden)?","PCL-5 - 4. Sich emotional sehr belastet fühlen, wenn Sie etwas an das Erlebnis erinnert hat?","PCL-5 - 5. Starke körperliche Reaktionen haben, wenn Sie etwas an das belastende Ereignis erinnert hat (z.B. Herzklopfen, Schwierigkeiten beim Atmen, schwitzen)?","PCL-5 - 6. Vermeidung von Erinnerungen, Gedanken oder Gefühlen in Bezug auf das belastende Erlebnis?","PCL-5 - 7. Vermeidung äußerer Auslöser für Erinnerungen an das belastende Erlebnis (z.B. Personen, Plätze, Gespräche, Aktivitäten, Gegenstände oder Situationen)?","PCL-5 - 8. Schwierigkeiten, sich an wichtige Teile des belastenden Erlebnisses zu erinnern?","PCL-5 - 9. Starke negative Überzeugungen über sich selbst, andere Menschen oder die Welt haben (z.B. Gedanken haben wie: Ich bin schlecht, mit mir stimmt ernsthaft etwas nicht, man kann niemandem vertrauen, die Welt ist absolut gefährlich)?",PCL-5 - 10. Sich selbst oder jemand anderem Vorwürfe machen in Bezug auf das belastende Erlebnis oder was danach passiert ist?,"PCL-5 - 11. Starke negative Gefühle haben, wie zum Beispiel Angst, Schrecken, Ärger, Schuld oder Scham?","PCL-5 - 12. Verlust von Interesse an Aktivitäten, die Ihnen früher Spaß gemacht haben?",PCL-5 - 13. Sich von anderen Menschen entfernt oder wie abgeschnitten fühlen?,"PCL-5 - 14. Schwierigkeiten, positive Gefühle zu erleben (z.B. keine Freude empfinden können oder keine liebevollen Gefühle haben können gegenüber Menschen, die Ihnen nahestehen)?","PCL-5 - 15. Reizbares Verhalten, Wutausbrüche oder aggressives Verhalten?","PCL-5 - 16. Zu viele Risiken eingehen oder Dinge tun, die Ihnen Schaden zufügen könnten?","PCL-5 - 17. In erhöhter Alarmbereitschaft, wachsam oder auf der Hut sein?",PCL-5 - 18. Sich nervös oder schreckhaft fühlen?,PCL-5 - 19. Konzentrationsschwierigkeiten haben?,"PCL-5 - 20. Schwierigkeiten, ein- oder durchzuschlafen?","Fragen zu Ihrem BefindenBearbeitungshinweis: Bitte lesen Sie jede Aussage und kreuzen Sie die Zahl 0, 1, 2 oder 3 an, die angeben soll, wie sehr die Aussage während der letzten Woche auf Sie zutraf. Es gibt keine richtigen oder falschen Antworten. Versuchen Sie, sich spontan für eine Antwort zu entscheiden.
0 - Traf gar nicht auf mich zu1 - Traf bis zu einem gewissen Grad auf mich zu oder manchmal2 - Traf in beträchtlichem Maße auf mich zu oder ziemlich oft3 - Traf sehr stark auf mich zu oder die meiste Zeit - Ich fand es schwer, mich zu beruhigen.","Fragen zu Ihrem BefindenBearbeitungshinweis: Bitte lesen Sie jede Aussage und kreuzen Sie die Zahl 0, 1, 2 oder 3 an, die angeben soll, wie sehr die Aussage während der letzten Woche auf Sie zutraf. Es gibt keine richtigen oder falschen Antworten. Versuchen Sie, sich spontan für eine Antwort zu entscheiden.
0 - Traf gar nicht auf mich zu1 - Traf bis zu einem gewissen Grad auf mich zu oder manchmal2 - Traf in beträchtlichem Maße auf mich zu oder ziemlich oft3 - Traf sehr stark auf mich zu oder die meiste Zeit - Ich spürte, dass mein Mund trocken war.","Fragen zu Ihrem BefindenBearbeitungshinweis: Bitte lesen Sie jede Aussage und kreuzen Sie die Zahl 0, 1, 2 oder 3 an, die angeben soll, wie sehr die Aussage während der letzten Woche auf Sie zutraf. Es gibt keine richtigen oder falschen Antworten. Versuchen Sie, sich spontan für eine Antwort zu entscheiden.
0 - Traf gar nicht auf mich zu1 - Traf bis zu einem gewissen Grad auf mich zu oder manchmal2 - Traf in beträchtlichem Maße auf mich zu oder ziemlich oft3 - Traf sehr stark auf mich zu oder die meiste Zeit - Ich konnte überhaupt keine positiven Gefühle mehr erleben.","Fragen zu Ihrem BefindenBearbeitungshinweis: Bitte lesen Sie jede Aussage und kreuzen Sie die Zahl 0, 1, 2 oder 3 an, die angeben soll, wie sehr die Aussage während der letzten Woche auf Sie zutraf. Es gibt keine richtigen oder falschen Antworten. Versuchen Sie, sich spontan für eine Antwort zu entscheiden.
0 - Traf gar nicht auf mich zu1 - Traf bis zu einem gewissen Grad auf mich zu oder manchmal2 - Traf in beträchtlichem Maße auf mich zu oder ziemlich oft3 - Traf sehr stark auf mich zu oder die meiste Zeit - Ich hatte Atemprobleme (z.B. übermäßig schnelles Atmen, Atemlosigkeit ohne körperliche Anstrengung).","Fragen zu Ihrem BefindenBearbeitungshinweis: Bitte lesen Sie jede Aussage und kreuzen Sie die Zahl 0, 1, 2 oder 3 an, die angeben soll, wie sehr die Aussage während der letzten Woche auf Sie zutraf. Es gibt keine richtigen oder falschen Antworten. Versuchen Sie, sich spontan für eine Antwort zu entscheiden.
0 - Traf gar nicht auf mich zu1 - Traf bis zu einem gewissen Grad auf mich zu oder manchmal2 - Traf in beträchtlichem Maße auf mich zu oder ziemlich oft3 - Traf sehr stark auf mich zu oder die meiste Zeit - Es fiel mir schwer, mich dazu aufzuraffen, Dinge zu erledigen.","Fragen zu Ihrem BefindenBearbeitungshinweis: Bitte lesen Sie jede Aussage und kreuzen Sie die Zahl 0, 1, 2 oder 3 an, die angeben soll, wie sehr die Aussage während der letzten Woche auf Sie zutraf. Es gibt keine richtigen oder falschen Antworten. Versuchen Sie, sich spontan für eine Antwort zu entscheiden.
0 - Traf gar nicht auf mich zu1 - Traf bis zu einem gewissen Grad auf mich zu oder manchmal2 - Traf in beträchtlichem Maße auf mich zu oder ziemlich oft3 - Traf sehr stark auf mich zu oder die meiste Zeit - Ich tendierte dazu, auf Situationen überzureagieren.","Fragen zu Ihrem BefindenBearbeitungshinweis: Bitte lesen Sie jede Aussage und kreuzen Sie die Zahl 0, 1, 2 oder 3 an, die angeben soll, wie sehr die Aussage während der letzten Woche auf Sie zutraf. Es gibt keine richtigen oder falschen Antworten. Versuchen Sie, sich spontan für eine Antwort zu entscheiden.
0 - Traf gar nicht auf mich zu1 - Traf bis zu einem gewissen Grad auf mich zu oder manchmal2 - Traf in beträchtlichem Maße auf mich zu oder ziemlich oft3 - Traf sehr stark auf mich zu oder die meiste Zeit - Ich zitterte (z.B. an den Händen).","Fragen zu Ihrem BefindenBearbeitungshinweis: Bitte lesen Sie jede Aussage und kreuzen Sie die Zahl 0, 1, 2 oder 3 an, die angeben soll, wie sehr die Aussage während der letzten Woche auf Sie zutraf. Es gibt keine richtigen oder falschen Antworten. Versuchen Sie, sich spontan für eine Antwort zu entscheiden.
0 - Traf gar nicht auf mich zu1 - Traf bis zu einem gewissen Grad auf mich zu oder manchmal2 - Traf in beträchtlichem Maße auf mich zu oder ziemlich oft3 - Traf sehr stark auf mich zu oder die meiste Zeit - Ich fand alles anstrengend.","Fragen zu Ihrem BefindenBearbeitungshinweis: Bitte lesen Sie jede Aussage und kreuzen Sie die Zahl 0, 1, 2 oder 3 an, die angeben soll, wie sehr die Aussage während der letzten Woche auf Sie zutraf. Es gibt keine richtigen oder falschen Antworten. Versuchen Sie, sich spontan für eine Antwort zu entscheiden.
0 - Traf gar nicht auf mich zu1 - Traf bis zu einem gewissen Grad auf mich zu oder manchmal2 - Traf in beträchtlichem Maße auf mich zu oder ziemlich oft3 - Traf sehr stark auf mich zu oder die meiste Zeit - Ich machte mir Sorgen über Situationen, in denen ich in Panik geraten und mich lächerlich machen könnte.","Fragen zu Ihrem BefindenBearbeitungshinweis: Bitte lesen Sie jede Aussage und kreuzen Sie die Zahl 0, 1, 2 oder 3 an, die angeben soll, wie sehr die Aussage während der letzten Woche auf Sie zutraf. Es gibt keine richtigen oder falschen Antworten. Versuchen Sie, sich spontan für eine Antwort zu entscheiden.
0 - Traf gar nicht auf mich zu1 - Traf bis zu einem gewissen Grad auf mich zu oder manchmal2 - Traf in beträchtlichem Maße auf mich zu oder ziemlich oft3 - Traf sehr stark auf mich zu oder die meiste Zeit - Ich hatte das Gefühl, dass ich mich auf nichts mehr freuen konnte.","Fragen zu Ihrem BefindenBearbeitungshinweis: Bitte lesen Sie jede Aussage und kreuzen Sie die Zahl 0, 1, 2 oder 3 an, die angeben soll, wie sehr die Aussage während der letzten Woche auf Sie zutraf. Es gibt keine richtigen oder falschen Antworten. Versuchen Sie, sich spontan für eine Antwort zu entscheiden.
0 - Traf gar nicht auf mich zu1 - Traf bis zu einem gewissen Grad auf mich zu oder manchmal2 - Traf in beträchtlichem Maße auf mich zu oder ziemlich oft3 - Traf sehr stark auf mich zu oder die meiste Zeit - Ich bemerkte, dass ich mich schnell aufregte.","Fragen zu Ihrem BefindenBearbeitungshinweis: Bitte lesen Sie jede Aussage und kreuzen Sie die Zahl 0, 1, 2 oder 3 an, die angeben soll, wie sehr die Aussage während der letzten Woche auf Sie zutraf. Es gibt keine richtigen oder falschen Antworten. Versuchen Sie, sich spontan für eine Antwort zu entscheiden.
0 - Traf gar nicht auf mich zu1 - Traf bis zu einem gewissen Grad auf mich zu oder manchmal2 - Traf in beträchtlichem Maße auf mich zu oder ziemlich oft3 - Traf sehr stark auf mich zu oder die meiste Zeit - Ich fand es schwierig, mich zu entspannen.","Fragen zu Ihrem BefindenBearbeitungshinweis: Bitte lesen Sie jede Aussage und kreuzen Sie die Zahl 0, 1, 2 oder 3 an, die angeben soll, wie sehr die Aussage während der letzten Woche auf Sie zutraf. Es gibt keine richtigen oder falschen Antworten. Versuchen Sie, sich spontan für eine Antwort zu entscheiden.
0 - Traf gar nicht auf mich zu1 - Traf bis zu einem gewissen Grad auf mich zu oder manchmal2 - Traf in beträchtlichem Maße auf mich zu oder ziemlich oft3 - Traf sehr stark auf mich zu oder die meiste Zeit - Ich fühlte mich niedergeschlagen und traurig.","Fragen zu Ihrem BefindenBearbeitungshinweis: Bitte lesen Sie jede Aussage und kreuzen Sie die Zahl 0, 1, 2 oder 3 an, die angeben soll, wie sehr die Aussage während der letzten Woche auf Sie zutraf. Es gibt keine richtigen oder falschen Antworten. Versuchen Sie, sich spontan für eine Antwort zu entscheiden.
0 - Traf gar nicht auf mich zu1 - Traf bis zu einem gewissen Grad auf mich zu oder manchmal2 - Traf in beträchtlichem Maße auf mich zu oder ziemlich oft3 - Traf sehr stark auf mich zu oder die meiste Zeit - Ich reagierte ungehalten auf alles, was mich davon abhielt, meine momentane Tätigkeit fortzuführen.","Fragen zu Ihrem BefindenBearbeitungshinweis: Bitte lesen Sie jede Aussage und kreuzen Sie die Zahl 0, 1, 2 oder 3 an, die angeben soll, wie sehr die Aussage während der letzten Woche auf Sie zutraf. Es gibt keine richtigen oder falschen Antworten. Versuchen Sie, sich spontan für eine Antwort zu entscheiden.
0 - Traf gar nicht auf mich zu1 - Traf bis zu einem gewissen Grad auf mich zu oder manchmal2 - Traf in beträchtlichem Maße auf mich zu oder ziemlich oft3 - Traf sehr stark auf mich zu oder die meiste Zeit - Ich fühlte mich einer Panik nahe.","Fragen zu Ihrem BefindenBearbeitungshinweis: Bitte lesen Sie jede Aussage und kreuzen Sie die Zahl 0, 1, 2 oder 3 an, die angeben soll, wie sehr die Aussage während der letzten Woche auf Sie zutraf. Es gibt keine richtigen oder falschen Antworten. Versuchen Sie, sich spontan für eine Antwort zu entscheiden.
0 - Traf gar nicht auf mich zu1 - Traf bis zu einem gewissen Grad auf mich zu oder manchmal2 - Traf in beträchtlichem Maße auf mich zu oder ziemlich oft3 - Traf sehr stark auf mich zu oder die meiste Zeit - Ich war nicht in der Lage, mich für irgendetwas zu begeistern.","Fragen zu Ihrem BefindenBearbeitungshinweis: Bitte lesen Sie jede Aussage und kreuzen Sie die Zahl 0, 1, 2 oder 3 an, die angeben soll, wie sehr die Aussage während der letzten Woche auf Sie zutraf. Es gibt keine richtigen oder falschen Antworten. Versuchen Sie, sich spontan für eine Antwort zu entscheiden.
0 - Traf gar nicht auf mich zu1 - Traf bis zu einem gewissen Grad auf mich zu oder manchmal2 - Traf in beträchtlichem Maße auf mich zu oder ziemlich oft3 - Traf sehr stark auf mich zu oder die meiste Zeit - Ich fühlte mich als Person nicht viel wert.","Fragen zu Ihrem BefindenBearbeitungshinweis: Bitte lesen Sie jede Aussage und kreuzen Sie die Zahl 0, 1, 2 oder 3 an, die angeben soll, wie sehr die Aussage während der letzten Woche auf Sie zutraf. Es gibt keine richtigen oder falschen Antworten. Versuchen Sie, sich spontan für eine Antwort zu entscheiden.
0 - Traf gar nicht auf mich zu1 - Traf bis zu einem gewissen Grad auf mich zu oder manchmal2 - Traf in beträchtlichem Maße auf mich zu oder ziemlich oft3 - Traf sehr stark auf mich zu oder die meiste Zeit - Ich fand mich ziemlich empfindlich.","Fragen zu Ihrem BefindenBearbeitungshinweis: Bitte lesen Sie jede Aussage und kreuzen Sie die Zahl 0, 1, 2 oder 3 an, die angeben soll, wie sehr die Aussage während der letzten Woche auf Sie zutraf. Es gibt keine richtigen oder falschen Antworten. Versuchen Sie, sich spontan für eine Antwort zu entscheiden.
0 - Traf gar nicht auf mich zu1 - Traf bis zu einem gewissen Grad auf mich zu oder manchmal2 - Traf in beträchtlichem Maße auf mich zu oder ziemlich oft3 - Traf sehr stark auf mich zu oder die meiste Zeit - Ich habe meinen Herzschlag gespürt, ohne dass ich mich körperlich angestrengt hatte (z.B. Gefühl von Herzrasen oder Herzstolpern).","Fragen zu Ihrem BefindenBearbeitungshinweis: Bitte lesen Sie jede Aussage und kreuzen Sie die Zahl 0, 1, 2 oder 3 an, die angeben soll, wie sehr die Aussage während der letzten Woche auf Sie zutraf. Es gibt keine richtigen oder falschen Antworten. Versuchen Sie, sich spontan für eine Antwort zu entscheiden.
0 - Traf gar nicht auf mich zu1 - Traf bis zu einem gewissen Grad auf mich zu oder manchmal2 - Traf in beträchtlichem Maße auf mich zu oder ziemlich oft3 - Traf sehr stark auf mich zu oder die meiste Zeit - Ich fühlte mich grundlos ängstlich.","Fragen zu Ihrem BefindenBearbeitungshinweis: Bitte lesen Sie jede Aussage und kreuzen Sie die Zahl 0, 1, 2 oder 3 an, die angeben soll, wie sehr die Aussage während der letzten Woche auf Sie zutraf. Es gibt keine richtigen oder falschen Antworten. Versuchen Sie, sich spontan für eine Antwort zu entscheiden.
0 - Traf gar nicht auf mich zu1 - Traf bis zu einem gewissen Grad auf mich zu oder manchmal2 - Traf in beträchtlichem Maße auf mich zu oder ziemlich oft3 - Traf sehr stark auf mich zu oder die meiste Zeit - Ich empfand das Leben als sinnlos.","Bitte geben Sie an, wie sehr die folgenden Aussagen auf Sie zutreffen. - 1. Wenn sich Widerstände auftun, finde ich Mittel und Wege, mich durchzusetzen.","Bitte geben Sie an, wie sehr die folgenden Aussagen auf Sie zutreffen. - 2. Die Lösung schwieriger Probleme gelingt mir immer, wenn ich mich darum bemühe.","Bitte geben Sie an, wie sehr die folgenden Aussagen auf Sie zutreffen. - 3. Es bereitet mir keine Schwierigkeiten, meine Absichten und Ziele zu verwirklichen.","Bitte geben Sie an, wie sehr die folgenden Aussagen auf Sie zutreffen. - 4. In unerwarteten Situationen weiß ich immer, wie ich mich verhalten soll.","Bitte geben Sie an, wie sehr die folgenden Aussagen auf Sie zutreffen. - 5. Auch bei überraschenden Ereignissen glaube ich, dass ich gut mit ihnen zurechtkommen kann.","Bitte geben Sie an, wie sehr die folgenden Aussagen auf Sie zutreffen. - 6. Schwierigkeiten sehe ich gelassen entgegen, weil ich meinen Fähigkeiten immer vertrauen kann.","Bitte geben Sie an, wie sehr die folgenden Aussagen auf Sie zutreffen. - 7. Was auch immer passiert, ich werde schon klar kommen.","Bitte geben Sie an, wie sehr die folgenden Aussagen auf Sie zutreffen. - 8. Für jedes Problem kann ich eine Lösung finden.","Bitte geben Sie an, wie sehr die folgenden Aussagen auf Sie zutreffen. - 9. Wenn eine neue Sache auf mich zukommt, weiß ich wie ich damit umgehen kann.","Bitte geben Sie an, wie sehr die folgenden Aussagen auf Sie zutreffen. - 10. Wenn ein Problem auf mich zukommt, habe ich meist mehrere Ideen, wie ich es lösen kann.","Die folgende Auflistung enthält verschiedene belastende oder stressreiche Ereignisse, die Menschen
erleben können. Bitte kreuzen Sie für jedes dieser Ereignisse eines oder mehrere der Felder auf der
rechten Seiten an, um anzugeben, ob: a) Sie dies persönlich erlebt haben; b) Sie beobachtet haben,
wie es jemand anderem widerfahren ist; c) Sie davon erfahren haben, dass es einem nahestehenden
Familienmitglied oder nahestehenden Freund widerfahren ist; d) Sie damit im beruflichen Kontext
konfrontiert wurden (z.B. als Sanitäter, Polizei, Militär oder Ähnliches); e) Sie sich nicht sicher sind; f)
Sie dies nicht erlebt haben.
Bitte beziehen Sie sich beim Beantworten der Fragen auf Ihr gesamtes Leben (Kindheit und
Erwachsenalter). - 1. Naturkatastrophe (z. B. Flut, starker Sturm, Erdbeben)","Die folgende Auflistung enthält verschiedene belastende oder stressreiche Ereignisse, die Menschen
erleben können. Bitte kreuzen Sie für jedes dieser Ereignisse eines oder mehrere der Felder auf der
rechten Seiten an, um anzugeben, ob: a) Sie dies persönlich erlebt haben; b) Sie beobachtet haben,
wie es jemand anderem widerfahren ist; c) Sie davon erfahren haben, dass es einem nahestehenden
Familienmitglied oder nahestehenden Freund widerfahren ist; d) Sie damit im beruflichen Kontext
konfrontiert wurden (z.B. als Sanitäter, Polizei, Militär oder Ähnliches); e) Sie sich nicht sicher sind; f)
Sie dies nicht erlebt haben.
Bitte beziehen Sie sich beim Beantworten der Fragen auf Ihr gesamtes Leben (Kindheit und
Erwachsenalter). - 2. Feuer oder Explosion","Die folgende Auflistung enthält verschiedene belastende oder stressreiche Ereignisse, die Menschen
erleben können. Bitte kreuzen Sie für jedes dieser Ereignisse eines oder mehrere der Felder auf der
rechten Seiten an, um anzugeben, ob: a) Sie dies persönlich erlebt haben; b) Sie beobachtet haben,
wie es jemand anderem widerfahren ist; c) Sie davon erfahren haben, dass es einem nahestehenden
Familienmitglied oder nahestehenden Freund widerfahren ist; d) Sie damit im beruflichen Kontext
konfrontiert wurden (z.B. als Sanitäter, Polizei, Militär oder Ähnliches); e) Sie sich nicht sicher sind; f)
Sie dies nicht erlebt haben.
Bitte beziehen Sie sich beim Beantworten der Fragen auf Ihr gesamtes Leben (Kindheit und
Erwachsenalter). - 3. Verkehrsunfall (z.B. Autounfall,Bootunfall, Zugunglück,Flugzeugabsturz)","Die folgende Auflistung enthält verschiedene belastende oder stressreiche Ereignisse, die Menschen
erleben können. Bitte kreuzen Sie für jedes dieser Ereignisse eines oder mehrere der Felder auf der
rechten Seiten an, um anzugeben, ob: a) Sie dies persönlich erlebt haben; b) Sie beobachtet haben,
wie es jemand anderem widerfahren ist; c) Sie davon erfahren haben, dass es einem nahestehenden
Familienmitglied oder nahestehenden Freund widerfahren ist; d) Sie damit im beruflichen Kontext
konfrontiert wurden (z.B. als Sanitäter, Polizei, Militär oder Ähnliches); e) Sie sich nicht sicher sind; f)
Sie dies nicht erlebt haben.
Bitte beziehen Sie sich beim Beantworten der Fragen auf Ihr gesamtes Leben (Kindheit und
Erwachsenalter). - 4. Schwerer Unfall am Arbeitsplatz, im Haushalt, während Freizeitaktivitäten","Die folgende Auflistung enthält verschiedene belastende oder stressreiche Ereignisse, die Menschen
erleben können. Bitte kreuzen Sie für jedes dieser Ereignisse eines oder mehrere der Felder auf der
rechten Seiten an, um anzugeben, ob: a) Sie dies persönlich erlebt haben; b) Sie beobachtet haben,
wie es jemand anderem widerfahren ist; c) Sie davon erfahren haben, dass es einem nahestehenden
Familienmitglied oder nahestehenden Freund widerfahren ist; d) Sie damit im beruflichen Kontext
konfrontiert wurden (z.B. als Sanitäter, Polizei, Militär oder Ähnliches); e) Sie sich nicht sicher sind; f)
Sie dies nicht erlebt haben.
Bitte beziehen Sie sich beim Beantworten der Fragen auf Ihr gesamtes Leben (Kindheit und
Erwachsenalter). - 5. Kontakt mit toxischen Substanzen (z. B. giftige Chemikalien, radioaktive Strahlung)","Die folgende Auflistung enthält verschiedene belastende oder stressreiche Ereignisse, die Menschen
erleben können. Bitte kreuzen Sie für jedes dieser Ereignisse eines oder mehrere der Felder auf der
rechten Seiten an, um anzugeben, ob: a) Sie dies persönlich erlebt haben; b) Sie beobachtet haben,
wie es jemand anderem widerfahren ist; c) Sie davon erfahren haben, dass es einem nahestehenden
Familienmitglied oder nahestehenden Freund widerfahren ist; d) Sie damit im beruflichen Kontext
konfrontiert wurden (z.B. als Sanitäter, Polizei, Militär oder Ähnliches); e) Sie sich nicht sicher sind; f)
Sie dies nicht erlebt haben.
Bitte beziehen Sie sich beim Beantworten der Fragen auf Ihr gesamtes Leben (Kindheit und
Erwachsenalter). - 6. Körperlicher Angriff (z. B. attackiert, geschlagen, getreten, verprügelt werden)","Die folgende Auflistung enthält verschiedene belastende oder stressreiche Ereignisse, die Menschen
erleben können. Bitte kreuzen Sie für jedes dieser Ereignisse eines oder mehrere der Felder auf der
rechten Seiten an, um anzugeben, ob: a) Sie dies persönlich erlebt haben; b) Sie beobachtet haben,
wie es jemand anderem widerfahren ist; c) Sie davon erfahren haben, dass es einem nahestehenden
Familienmitglied oder nahestehenden Freund widerfahren ist; d) Sie damit im beruflichen Kontext
konfrontiert wurden (z.B. als Sanitäter, Polizei, Militär oder Ähnliches); e) Sie sich nicht sicher sind; f)
Sie dies nicht erlebt haben.
Bitte beziehen Sie sich beim Beantworten der Fragen auf Ihr gesamtes Leben (Kindheit und
Erwachsenalter). - 7. Angriff mit einer Waffe (z. B. beschossen, erstochen, mit einem Messer/ Schusswaffe bedroht werden)","Die folgende Auflistung enthält verschiedene belastende oder stressreiche Ereignisse, die Menschen
erleben können. Bitte kreuzen Sie für jedes dieser Ereignisse eines oder mehrere der Felder auf der
rechten Seiten an, um anzugeben, ob: a) Sie dies persönlich erlebt haben; b) Sie beobachtet haben,
wie es jemand anderem widerfahren ist; c) Sie davon erfahren haben, dass es einem nahestehenden
Familienmitglied oder nahestehenden Freund widerfahren ist; d) Sie damit im beruflichen Kontext
konfrontiert wurden (z.B. als Sanitäter, Polizei, Militär oder Ähnliches); e) Sie sich nicht sicher sind; f)
Sie dies nicht erlebt haben.
Bitte beziehen Sie sich beim Beantworten der Fragen auf Ihr gesamtes Leben (Kindheit und
Erwachsenalter). - 8. Sexueller Übergriff (Vergewaltigung, versuchte Vergewaltigung, Zwang zu sexuellen Handlungen durch Gewaltandrohung)","Die folgende Auflistung enthält verschiedene belastende oder stressreiche Ereignisse, die Menschen
erleben können. Bitte kreuzen Sie für jedes dieser Ereignisse eines oder mehrere der Felder auf der
rechten Seiten an, um anzugeben, ob: a) Sie dies persönlich erlebt haben; b) Sie beobachtet haben,
wie es jemand anderem widerfahren ist; c) Sie davon erfahren haben, dass es einem nahestehenden
Familienmitglied oder nahestehenden Freund widerfahren ist; d) Sie damit im beruflichen Kontext
konfrontiert wurden (z.B. als Sanitäter, Polizei, Militär oder Ähnliches); e) Sie sich nicht sicher sind; f)
Sie dies nicht erlebt haben.
Bitte beziehen Sie sich beim Beantworten der Fragen auf Ihr gesamtes Leben (Kindheit und
Erwachsenalter). - 9. Andere ungewollte oder unangenehme sexuelle Erfahrung","Die folgende Auflistung enthält verschiedene belastende oder stressreiche Ereignisse, die Menschen
erleben können. Bitte kreuzen Sie für jedes dieser Ereignisse eines oder mehrere der Felder auf der
rechten Seiten an, um anzugeben, ob: a) Sie dies persönlich erlebt haben; b) Sie beobachtet haben,
wie es jemand anderem widerfahren ist; c) Sie davon erfahren haben, dass es einem nahestehenden
Familienmitglied oder nahestehenden Freund widerfahren ist; d) Sie damit im beruflichen Kontext
konfrontiert wurden (z.B. als Sanitäter, Polizei, Militär oder Ähnliches); e) Sie sich nicht sicher sind; f)
Sie dies nicht erlebt haben.
Bitte beziehen Sie sich beim Beantworten der Fragen auf Ihr gesamtes Leben (Kindheit und
Erwachsenalter). - 10. Kampfeinsatz oder Aufenthalt in Kriegsgebiet (beim Militär oder als Zivilist)","Die folgende Auflistung enthält verschiedene belastende oder stressreiche Ereignisse, die Menschen
erleben können. Bitte kreuzen Sie für jedes dieser Ereignisse eines oder mehrere der Felder auf der
rechten Seiten an, um anzugeben, ob: a) Sie dies persönlich erlebt haben; b) Sie beobachtet haben,
wie es jemand anderem widerfahren ist; c) Sie davon erfahren haben, dass es einem nahestehenden
Familienmitglied oder nahestehenden Freund widerfahren ist; d) Sie damit im beruflichen Kontext
konfrontiert wurden (z.B. als Sanitäter, Polizei, Militär oder Ähnliches); e) Sie sich nicht sicher sind; f)
Sie dies nicht erlebt haben.
Bitte beziehen Sie sich beim Beantworten der Fragen auf Ihr gesamtes Leben (Kindheit und
Erwachsenalter). - 11. Gefangenschaft (z. B. entführt werden, Geiselnahme, Kriegsgefangenschaft)","Die folgende Auflistung enthält verschiedene belastende oder stressreiche Ereignisse, die Menschen
erleben können. Bitte kreuzen Sie für jedes dieser Ereignisse eines oder mehrere der Felder auf der
rechten Seiten an, um anzugeben, ob: a) Sie dies persönlich erlebt haben; b) Sie beobachtet haben,
wie es jemand anderem widerfahren ist; c) Sie davon erfahren haben, dass es einem nahestehenden
Familienmitglied oder nahestehenden Freund widerfahren ist; d) Sie damit im beruflichen Kontext
konfrontiert wurden (z.B. als Sanitäter, Polizei, Militär oder Ähnliches); e) Sie sich nicht sicher sind; f)
Sie dies nicht erlebt haben.
Bitte beziehen Sie sich beim Beantworten der Fragen auf Ihr gesamtes Leben (Kindheit und
Erwachsenalter). - 12. Lebensbedrohliche Krankheit oder Verletzung","Die folgende Auflistung enthält verschiedene belastende oder stressreiche Ereignisse, die Menschen
erleben können. Bitte kreuzen Sie für jedes dieser Ereignisse eines oder mehrere der Felder auf der
rechten Seiten an, um anzugeben, ob: a) Sie dies persönlich erlebt haben; b) Sie beobachtet haben,
wie es jemand anderem widerfahren ist; c) Sie davon erfahren haben, dass es einem nahestehenden
Familienmitglied oder nahestehenden Freund widerfahren ist; d) Sie damit im beruflichen Kontext
konfrontiert wurden (z.B. als Sanitäter, Polizei, Militär oder Ähnliches); e) Sie sich nicht sicher sind; f)
Sie dies nicht erlebt haben.
Bitte beziehen Sie sich beim Beantworten der Fragen auf Ihr gesamtes Leben (Kindheit und
Erwachsenalter). - 13. Schweres menschliches Leid","Die folgende Auflistung enthält verschiedene belastende oder stressreiche Ereignisse, die Menschen
erleben können. Bitte kreuzen Sie für jedes dieser Ereignisse eines oder mehrere der Felder auf der
rechten Seiten an, um anzugeben, ob: a) Sie dies persönlich erlebt haben; b) Sie beobachtet haben,
wie es jemand anderem widerfahren ist; c) Sie davon erfahren haben, dass es einem nahestehenden
Familienmitglied oder nahestehenden Freund widerfahren ist; d) Sie damit im beruflichen Kontext
konfrontiert wurden (z.B. als Sanitäter, Polizei, Militär oder Ähnliches); e) Sie sich nicht sicher sind; f)
Sie dies nicht erlebt haben.
Bitte beziehen Sie sich beim Beantworten der Fragen auf Ihr gesamtes Leben (Kindheit und
Erwachsenalter). - 14. Plötzlicher gewaltsamer Tod (z. B. Mord, Selbstmord)","Die folgende Auflistung enthält verschiedene belastende oder stressreiche Ereignisse, die Menschen
erleben können. Bitte kreuzen Sie für jedes dieser Ereignisse eines oder mehrere der Felder auf der
rechten Seiten an, um anzugeben, ob: a) Sie dies persönlich erlebt haben; b) Sie beobachtet haben,
wie es jemand anderem widerfahren ist; c) Sie davon erfahren haben, dass es einem nahestehenden
Familienmitglied oder nahestehenden Freund widerfahren ist; d) Sie damit im beruflichen Kontext
konfrontiert wurden (z.B. als Sanitäter, Polizei, Militär oder Ähnliches); e) Sie sich nicht sicher sind; f)
Sie dies nicht erlebt haben.
Bitte beziehen Sie sich beim Beantworten der Fragen auf Ihr gesamtes Leben (Kindheit und
Erwachsenalter). - 15. Plötzlicher Unfalltod","Die folgende Auflistung enthält verschiedene belastende oder stressreiche Ereignisse, die Menschen
erleben können. Bitte kreuzen Sie für jedes dieser Ereignisse eines oder mehrere der Felder auf der
rechten Seiten an, um anzugeben, ob: a) Sie dies persönlich erlebt haben; b) Sie beobachtet haben,
wie es jemand anderem widerfahren ist; c) Sie davon erfahren haben, dass es einem nahestehenden
Familienmitglied oder nahestehenden Freund widerfahren ist; d) Sie damit im beruflichen Kontext
konfrontiert wurden (z.B. als Sanitäter, Polizei, Militär oder Ähnliches); e) Sie sich nicht sicher sind; f)
Sie dies nicht erlebt haben.
Bitte beziehen Sie sich beim Beantworten der Fragen auf Ihr gesamtes Leben (Kindheit und
Erwachsenalter). - 16. Ernsthafte Verletzung, Leid oder Tod, durch Sie jemand anderem zugefügt","Die folgende Auflistung enthält verschiedene belastende oder stressreiche Ereignisse, die Menschen
erleben können. Bitte kreuzen Sie für jedes dieser Ereignisse eines oder mehrere der Felder auf der
rechten Seiten an, um anzugeben, ob: a) Sie dies persönlich erlebt haben; b) Sie beobachtet haben,
wie es jemand anderem widerfahren ist; c) Sie davon erfahren haben, dass es einem nahestehenden
Familienmitglied oder nahestehenden Freund widerfahren ist; d) Sie damit im beruflichen Kontext
konfrontiert wurden (z.B. als Sanitäter, Polizei, Militär oder Ähnliches); e) Sie sich nicht sicher sind; f)
Sie dies nicht erlebt haben.
Bitte beziehen Sie sich beim Beantworten der Fragen auf Ihr gesamtes Leben (Kindheit und
Erwachsenalter). - 17. Ein(e) andere(s) sehr belastendes Ereignis oder Erfahrung","Die Folgende Auflistung enthält verschiedene belastende oder stressreiche Ereignisse, die Menschen
erleben können.  Bitte geben Sie an, welcher Kategorie das von Ihnen in der Abfrage Ihres schlimmsten Erlebnisses berichtete Ereignis am meisten entspricht. Bitte wählen Sie nur eine der verfügbaren Kategorien aus.",Timing - First Click,Timing - Last Click,Timing - Page Submit,Timing - Click Count,"Bitte versuchen Sie, möglichst schnell viele verschiedene Wörter mit dem Anfangsbuchstaben ""P"" zu nennen.",Timing - First Click,Timing - Last Click,Timing - Page Submit,Timing - Click Count,"Bitte versuchen Sie, möglichst schnell viele verschiedene Tiere zu nennen.",Bitte geben Sie hier Ihr Alter in Jahren an.,Bitte geben Sie hier Ihr Ihnen bei Ihrer Geburt zugewiesenes Geschlecht an.,Bitte wählen Sie hier die Option 4 aus.,"Bitte gebe Sie hier ihr jährliches Einkommen an (Brutto).



 

Wenn Sie noch nicht berufstätig geworden sind geben Sie bitte das jährliche Einkommen des Elternteils an, welches am meisten verdient.",Bitte geben Sie Ihren höchsten Bildungsabschluss an,Hatten Sie an irgendeiner Stelle im Experiment Probleme zu verstehen was von Ihnen gefordert wird? Falls ja geben Sie diese bitte hier an. - Selected Choice,"Hatten Sie an irgendeiner Stelle im Experiment Probleme zu verstehen was von Ihnen gefordert wird? Falls ja geben Sie diese bitte hier an. - Ja, ich hatte Verständnisprobleme, und zwar: - Text",Score,PCL-5,id,Test_Score,PTSD-Risk,1,10,67.59,73.63,94.8,99,10,20,80,40,20,10,0,0,0,0,0,0,10,10,10,0,10,20,0,10,20,0,20,20,20,0,10,10,10,10,0,0,0,0,20,0,0,0,0,30,10,0,0,0,0,10,0,0,0,0,0,0,0,0,0,0,0,0,0,0,0,0,10,0,20,0,10,10,0,0,0,0,0,0,0,0,0,0,0,0,10,10,0,0,0,0,0,0,0,0,0,0,0
"{""ImportId"":""startDate"",""timeZone"":""Europe/Berlin""}","{""ImportId"":""endDate"",""timeZone"":""Europe/Berlin""}","{""ImportId"":""status""}","{""ImportId"":""progress""}","{""ImportId"":""duration""}","{""ImportId"":""finished""}","{""ImportId"":""recordedDate"",""timeZone"":""Europe/Berlin""}","{""ImportId"":""_recordId""}","{""ImportId"":""distributionChannel""}","{""ImportId"":""userLanguage""}","{""ImportId"":""QID1214902630""}","{""ImportId"":""QID1214902650_TEXT""}","{""ImportId"":""QID1214902649_TEXT""}","{""ImportId"":""QID1214902651_TEXT""}","{""ImportId"":""QID1214902652_TEXT""}","{""ImportId"":""QID1214902681""}","{""ImportId"":""QID1214902539""}","{""ImportId"":""QID712""}","{""ImportId"":""QID1214902541""}","{""ImportId"":""QID718_FIRST_CLICK""}","{""ImportId"":""QID718_LAST_CLICK""}","{""ImportId"":""QID718_PAGE_SUBMIT""}","{""ImportId"":""QID718_CLICK_COUNT""}","{""ImportId"":""QID719_FIRST_CLICK""}","{""ImportId"":""QID719_LAST_CLICK""}","{""ImportId"":""QID719_PAGE_SUBMIT""}","{""ImportId"":""QID719_CLICK_COUNT""}","{""ImportId"":""QID720_TEXT""}","{""ImportId"":""QID722_TEXT""}","{""ImportId"":""QID723_1""}","{""ImportId"":""QID724_4""}","{""ImportId"":""QID725_1""}","{""ImportId"":""QID726_1""}","{""ImportId"":""QID727_1""}","{""ImportId"":""QID728_1""}","{""ImportId"":""QID729_1""}","{""ImportId"":""QID730_1""}","{""ImportId"":""QID731_1""}","{""ImportId"":""QID732_1""}","{""ImportId"":""QID735_FIRST_CLICK""}","{""ImportId"":""QID735_LAST_CLICK""}","{""ImportId"":""QID735_PAGE_SUBMIT""}","{""ImportId"":""QID735_CLICK_COUNT""}","{""ImportId"":""QID736_FIRST_CLICK""}","{""ImportId"":""QID736_LAST_CLICK""}","{""ImportId"":""QID736_PAGE_SUBMIT""}","{""ImportId"":""QID736_CLICK_COUNT""}","{""ImportId"":""QID737_TEXT""}","{""ImportId"":""QID738_TEXT""}","{""ImportId"":""QID739_1""}","{""ImportId"":""QID740_4""}","{""ImportId"":""QID741_1""}","{""ImportId"":""QID742_1""}","{""ImportId"":""QID743_1""}","{""ImportId"":""QID744_1""}","{""ImportId"":""QID745_1""}","{""ImportId"":""QID746_1""}","{""ImportId"":""QID747_1""}","{""ImportId"":""QID748_1""}","{""ImportId"":""QID714_FIRST_CLICK""}","{""ImportId"":""QID714_LAST_CLICK""}","{""ImportId"":""QID714_PAGE_SUBMIT""}","{""ImportId"":""QID714_CLICK_COUNT""}","{""ImportId"":""QID687_FIRST_CLICK""}","{""ImportId"":""QID687_LAST_CLICK""}","{""ImportId"":""QID687_PAGE_SUBMIT""}","{""ImportId"":""QID687_CLICK_COUNT""}","{""ImportId"":""QID688_TEXT""}","{""ImportId"":""QID704_1""}","{""ImportId"":""QID704_2""}","{""ImportId"":""QID704_3""}","{""ImportId"":""QID704_4""}","{""ImportId"":""QID757_5""}","{""ImportId"":""QID689_TEXT""}","{""ImportId"":""QID713_1""}","{""ImportId"":""QID690_4""}","{""ImportId"":""QID691_1""}","{""ImportId"":""QID692_1""}","{""ImportId"":""QID693_1""}","{""ImportId"":""QID694_1""}","{""ImportId"":""QID695_1""}","{""ImportId"":""QID696_1""}","{""ImportId"":""QID697_1""}","{""ImportId"":""QID698_1""}","{""ImportId"":""QID657_1""}","{""ImportId"":""QID657_2""}","{""ImportId"":""QID657_3""}","{""ImportId"":""QID657_4""}","{""ImportId"":""QID657_5""}","{""ImportId"":""QID657_6""}","{""ImportId"":""QID657_7""}","{""ImportId"":""QID657_8""}","{""ImportId"":""QID657_9""}","{""ImportId"":""QID657_10""}","{""ImportId"":""QID657_11""}","{""ImportId"":""QID657_12""}","{""ImportId"":""QID657_13""}","{""ImportId"":""QID657_14""}","{""ImportId"":""QID657_15""}","{""ImportId"":""QID657_16""}","{""ImportId"":""QID657_17""}","{""ImportId"":""QID657_18""}","{""ImportId"":""QID657_19""}","{""ImportId"":""QID657_20""}","{""ImportId"":""QID1214902623_1""}","{""ImportId"":""QID1214902623_2""}","{""ImportId"":""QID1214902623_3""}","{""ImportId"":""QID1214902623_4""}","{""ImportId"":""QID1214902623_5""}","{""ImportId"":""QID1214902623_6""}","{""ImportId"":""QID1214902623_7""}","{""ImportId"":""QID1214902623_8""}","{""ImportId"":""QID1214902623_9""}","{""ImportId"":""QID1214902623_10""}","{""ImportId"":""QID1214902623_11""}","{""ImportId"":""QID1214902623_12""}","{""ImportId"":""QID1214902623_13""}","{""ImportId"":""QID1214902623_14""}","{""ImportId"":""QID1214902623_15""}","{""ImportId"":""QID1214902623_16""}","{""ImportId"":""QID1214902623_17""}","{""ImportId"":""QID1214902623_18""}","{""ImportId"":""QID1214902623_19""}","{""ImportId"":""QID1214902623_20""}","{""ImportId"":""QID1214902623_21""}","{""ImportId"":""QID1214902580_1""}","{""ImportId"":""QID1214902580_2""}","{""ImportId"":""QID1214902580_3""}","{""ImportId"":""QID1214902580_4""}","{""ImportId"":""QID1214902580_5""}","{""ImportId"":""QID1214902580_6""}","{""ImportId"":""QID1214902580_7""}","{""ImportId"":""QID1214902580_8""}","{""ImportId"":""QID1214902580_9""}","{""ImportId"":""QID1214902580_10""}","{""ImportId"":""QID659_1""}","{""ImportId"":""QID659_2""}","{""ImportId"":""QID659_3""}","{""ImportId"":""QID659_4""}","{""ImportId"":""QID659_5""}","{""ImportId"":""QID659_6""}","{""ImportId"":""QID659_7""}","{""ImportId"":""QID659_8""}","{""ImportId"":""QID659_9""}","{""ImportId"":""QID659_10""}","{""ImportId"":""QID659_11""}","{""ImportId"":""QID659_12""}","{""ImportId"":""QID659_13""}","{""ImportId"":""QID659_14""}","{""ImportId"":""QID659_15""}","{""ImportId"":""QID659_16""}","{""ImportId"":""QID659_17""}","{""ImportId"":""QID756""}","{""ImportId"":""QID750_FIRST_CLICK""}","{""ImportId"":""QID750_LAST_CLICK""}","{""ImportId"":""QID750_PAGE_SUBMIT""}","{""ImportId"":""QID750_CLICK_COUNT""}","{""ImportId"":""QID751_TEXT""}","{""ImportId"":""QID753_FIRST_CLICK""}","{""ImportId"":""QID753_LAST_CLICK""}","{""ImportId"":""QID753_PAGE_SUBMIT""}","{""ImportId"":""QID753_CLICK_COUNT""}","{""ImportId"":""QID754_TEXT""}","{""ImportId"":""QID1214902646_TEXT""}","{""ImportId"":""QID1214902645""}","{""ImportId"":""QID710""}","{""ImportId"":""QID1214902654""}","{""ImportId"":""QID1214902642""}","{""ImportId"":""QID1214902597""}","{""ImportId"":""QID1214902597_2_TEXT""}","{""ImportId"":""SC_1LJFseGXWk7mM62""}","{""ImportId"":""SC_5cEVXeMEglRUfhI""}","{""ImportId"":""id""}","{""ImportId"":""Test_Score""}","{""ImportId"":""PTSD-Risk""}",1,2,,,,,2,100,50,0,0,0,0,0,0,0,0,0,0,0,0,0,0,0,0,0,0,0,0,0,0,0,50,0,0,0,0,0,0,0,0,0,0,0,0,0,0,0,0,0,0,0,0,0,0,0,0,0,0,0,0,0,0,0,0,0,0,0,0,0,0,0,0,0,0,0,0,0,0,0,0,0,0,0,0,0,400,0,0,50,0,0,0,0,200,0,0,150,0
2025-01-10 19:08:23,2025-01-10 19:42:30,0,100,2047,1,2025-01-10 19:42:31,R_83or6ZudLiBqawF,anonymous,EN,4,YO,JU,13,2,1,1,,1,0,0,16.903,0,1.101,92.855,300.024,3,"Mein Bruder war im Sommer letzten Jahres fast verstorben. Er erlitt aufgrund einer Kariesinfektion ein Problem an seiner Herzklappe. Das fing sehr langsam an und wir hielten es. Wir konnten das zuerst auch gar nicht bemerken, weil er zu Beginn des Monats Mai an einer ganz normalen Grippe erkrankt ist. Allerdings gingen es ihm nach der Genesung nicht so gut, wie erwartet. Der besagte Bruder lebt leider auch nicht in unserem Wohnort, weshalb wir keinen richtigen Bezug zu seinem Gesundheitsstatus hatten. Es ging ihm anschließend über den Monat Juni und Juli immer schlechter. Er hatte versucht einen Arzttermin zu erhalten. Jedoch konnte er kaum einen bekommen, weil er in einem recht kleinen Dorf lebt, wo es wenig Allgemeinärzte gab. Erst Ende Juli erhielt er einen Termin beim Arzt, wobei der ihn dann ins Krankenhaus schickte, wo genau diese Problematik erkannt worden ist. Im Krankenhaus wurde dann beschlossen, dass er in ein anderes Krankenhaus transportiert wird, wo er dann direkt operiert werden musste. Meine Eltern gingen davon aus, dass mein Bruder sogar sterben könnte. Diesen Gedanken hatte ich zu keinem Zeitpunkt. Spannender ist wohl auch, dass es sich so anfühlt, als wäre er im Schnitt deutlich glücklicher mit seinem eigenen Leben. Er war schon immer griesgrämig aber nach dieser Erfahrung wirkt er wie ein ganz anderer Mensch.",vom Mai bis November im Jahre 2024,67,3,2,1,7,5,5,1,1,6,0,0,2.159,0,0.768,178.11,300.124,2,"Besonders negativ noch besonders positiv war die Situation in der ich erfuhr, dass eine nahe stehende Person für mich Gefühle entwickelt hatte. Das entscheidende war nicht, dass ich davor davon erfahren hatte, sondern das Gespräch mit der Person selbst. Im Nachhinein kann ich mich leider auch nicht mehr daran erinnern, was ich sagte oder was ich sah, zumindest nicht mehr an alles von der Situation. Ich bin mir auch nicht sicher, ob ich es richtig gehandhabt habe, aber es war etwas, was ich so leicht nicht vergessen kann und vergessen werde. Für einige kann solch eine Situation negativ sein oder sogar positiv, weil sie das eigene Ego stärken, aber ich möchte weder die Gefühle der Person verletzen noch irgendwas dergleichen und wollte das Problem so schnell wie möglich aus der Welt schaffen. Ich weiß auch nicht, ob die Reaktion der anderen Person diese Situation für mich in der retroperspektiven Bewertung weder negativ noch positiv gemacht hätte. Hätte es einen emotionalen Ausbruch gegeben, hätte ich es wohl heute als etwas negatives bewertet. Hätte es eine akzeptierende Haltung gegeben, hätte ich es heute wohl als etwas positives bewertet. Dieses nichtssagende Ergebnis des Gesprächs, lässt einen aber leider nur in der Luft hängen und sagt mir nicht, ob ich richtig oder falsch gehandelt hatte.",18.06.2024,22,1,6,3,1,3,1,11,7,3,0,0,1.474,0,0.642,0.642,300.13,1,"Das schlimmste Erlebnis, welches ich erlebt hatte, war als ich in der 12. Klasse von zuhause weg gelaufen war. Ich war in der Zeit suizidal und ging kurz darauf auch in Therapie. An dem Tag selbst hatte ich mich entschieden nach Berlin zu fahren und da irgendwie ein neues Leben anzufangen. Es war natürlich unglaublich naiv im Alter von 17 Jahren und ich wollte auch vor vielen damaligen Problemen weg laufen. Ich erinnere mich noch haargenau, wie ich durch die Straßen von Berlin wanderte. Ich hatte überhaupt keine Idee, was ich machen sollte und wie es weiter gehen könnte. Am Ende hatte ich auch viel Zeit um über alles nachzudenken, aber als ich dann von der Polizei aufgesammelt wurde und mit auf der Polizeiwache saß, werde",3,3,5,3,6,November des Jahres 2016,100,1,6,1,5,6,1,11,1,2,0,0,0,0,0,0,0,1,3,3,2,3,2,2,1,3,0,0,3,3,1,1,0,0,3,0,0,0,2,1,0,1,2,2,0,1,0,0,0,0,2,3,4,2,1,3,3,4,4,3,4,2,2,6,6,6,6,6,6,6,6,6,"2,3","2,3",6,6,6,1,17,1.232,77.229,120.173,2,"Planke
Panne
Pfanne
Pol
Pioniere
Pastor
Peru
Pakistan
Phantom
Power
Pflug
Pyrotechniker
Proletariat
Penny
Paris
Polar
Polarlichter
Pantomime
P",0.897,0.897,120.009,1,"Wal
Delfin
Affe
Schlange
Qualle
Ente
Rentier
Taube
Zebra
Uhu
Igel
Pinguin
Giraffe
Hahn
Huhn
Krokodil
Faultier
Leopard
Yak
Vogel
Bär
Nasenbär
Katze
Hund",25,2,4,5,6,1,,73,26,17194,26,0,1,126,43.23,19.38,99,17.39,15.75,18.25,90.48,62.7,15.87,10.32,10.32,0,0,0,0,0,0,0,0,4.76,7.14,16.67,11.9,5.56,15.08,0.79,16.67,10.32,3.97,3.17,1.59,3.17,4.76,2.38,2.38,0,0,1.59,3.97,0,0,0,0,17.46,2.38,3.17,3.97,2.38,1.59,3.17,0,0,0,0,3.17,0,2.38,0,0,7.14,0,3.97,1.59,0,1.59,11.9,0,1.59,30.16,4.76,16.67,11.11,1.59,1.59,0.79,0,0.79,0.79,2.38,0,0,0.79,0,0,10.32,5.56,4.76,0,0,0,0,0,0,0,0,0,0
2025-01-10 16:30:29,2025-01-10 21:31:48,0,100,18079,1,2025-01-10 21:31:49,R_83qLClUC1bexEdj,anonymous,EN,4,DA,JI,5,8,1,3,1,1,0,0,1.401,0,0.761,141.622,389.028,8,Meine beide Familienhunde sind im Jahr 2024 gestorben. Ich bin mit ihnen aufgewachsen und das war sehr traurig. Jetzt haben wir nur noch einen Hund.,2024,30,7,5,2,6,7,1,5,2,3,0,0,2.086,0,0.813,299.404,300.055,14,Die Großmutter meiner besten Freundinn ist gestorben. Sie stand ihrer Großmutter sehr nah und für sie war das sehr schlimm. Ich kannte die Großmutter jedoch nicht wirklich und begleitet meine Freundin auf den Friedhof für die Beerdigung. Diese habe ich als weder sehr positig noch sehr negativ für mich empfunden.,Juli 2022,100,3,3,4,4,2,2,9,2,6,0,0,4.3,0,1.704,428.289,436.929,28,"Ich habe von meinem Ex-Freund die Nase gebrochen und meinen Finger verstaucht bekommen. Ich befand mich zu dem Zeitpunkt in seiner Wohnung und eun Streit ist ausgebrochen. Anschließen schlug er mich mit der Faust ins Gesicht und es hat angefangen zu bluten und während einigen Stunden angehalten. Erst am nächsten Tag bin ich zur Polizei und in die Klinik gefahren, da ich am Abend selbst zu viel Angst hatte.",1,1,1,1,7,November 2023,32,6,7,1,4,7,1,4,2,5,2,4,1,3,1,3,3,3,4,0,3,3,3,2,1,4,3,2,4,3,1,1,1,2,3,2,0,3,1,1,1,2,2,2,2,1,3,1,1,3,2,3,3,3,2,3,3,4,3,3,3,6,3,3,6,6,1,6,1,1,6,6,3,1,6,6,6,1,6,0.939,107.963,120.166,22,"Palme, Pizza, Piranha, Plural, Pelz, Pinguin, Puppe",2.705,99.121,120.058,7,"Robbe, Papagei, Ganz, Ente , Esel , Pferd, Pony, Kaninchen, Katze, Hund, Meerschweinchen, Hamster, Fisch",26,2,4,11,4,1,,117,52,17221,52,1,1,69,92.39,33.53,99,1,17.25,24.64,91.3,56.52,15.94,14.49,11.59,0,0,0,0,0,2.9,2.9,0,1.45,8.7,17.39,8.7,1.45,11.59,0,15.94,2.9,0,0,1.45,1.45,5.8,1.45,4.35,1.45,2.9,0,8.7,0,1.45,0,2.9,5.8,1.45,1.45,0,1.45,0,1.45,1.45,0,0,0,8.7,5.8,1.45,0,0,8.7,1.45,1.45,2.9,0,1.45,7.25,5.8,0,27.54,2.9,13.04,13.04,2.9,0,1.45,0,0,0,0,0,0,0,0,0,8.7,5.8,1.45,0,0,0,0,1.45,0,0,0,0,0
2025-01-10 23:15:21,2025-01-10 23:18:44,0,100,202,1,2025-01-10 23:18:44,R_2vcEgh9Y4xAmamL,anonymous,EN,4,MA,MA,17,1,3,3,2,,,,,,,,,,,,,,,,,,,,,,,,,,,,,,,,,,,,,,,,,,,,,,,,,,,,,,,,,,,,,,,,,,,,,,,,,,,,,,,,,,,,,,,,,,,,,,,,,,,,,,,,,,,,,,,,,,,,,,,,,,,,,,,,,,,,,,,,,,,,,,,,,,,,,,,,,0,0,17308,,,1,0,,,,,,,,,,,,,,,,,,,,,,,,,,,,,,,,,,,,,,,,,,,,,,,,,,,,,,,,,,,,,,,,,,,,,,,,,,,,,,,,,,,,,,,,,,,,,,,,,
2025-01-11 12:29:09,2025-01-11 13:26:51,0,100,3462,1,2025-01-11 13:26:52,R_2pu9u27pGywz0yC,anonymous,EN,4,MA,JO,10,8,1,1,,1,0,0,12.678,0,0.908,0.908,300.016,1,"Es war an einem Tag, an dem ich noch mit meiner Familie zusammen im alten Haus gewohnt habe. Wir hatten zwei Katzen, wovon aber bereits die eine verstorben war. Meine Eltern waren an jenem Wochenende nicht da und ich war nur mit meinem Bruder und unserer anderen Katze zu Hause. Im Laufe des Tages ist mir ein merkwürdiges Verhalten der anderen Katze aufgefallen und ich habe angefangen mir Sorgen zu machen. Ich habe daher meinen Bruder hinzugeholt und meine Eltern angerufen. Diese kamen an dem Tag auch wieder, haben sich unsere Katze angeschaut und gleich auch angefangen sich Sogen zu machen. Findus, unser Kater, saß nur noch schwer atment in der Wohnzimmerecke und seine Bauchdecke hebte sich unregelmäßig und schwer. Wir kontaktierten eine Ärztin per Videocall, da es an einem Samstag war und diese verwies uns auf einen sofortigen Besuch im Tierkrankenhaus. Mein Bruder fuhr mit meinem Papa und Findus hin und als sie wiederkamen, hatten sie Findus nicht mehr dabei. Ich blickte nur in die traurigen Augen meines Bruders und Vaters und mich hat die Trauer dann auch übernommen.",16.04.2023,70,6,5,1,6,5,6,9,5,5,0,0,48.643,0,1.079,293.973,300.113,12,"Ich bin meinen üblichen Weg von dem Studentenwohnheim aus zur Haltestelle der U-Bahn gelaufen. Es war ein kalter Morgen, weshalb ich mich warm anziehen musste. Vor mir liefen ebenfalls Menschen in Richtung U-Bahn, gleichzeitig kamen mir aber auch andere Menschen entgegen. Auf dem Weg hörte ich über meine Kopfhörer Songs aus meiner Lieblingsplaylist. Meine Gedanken waren bei den Dingen, die an dem Tag anstanden, wie ich vorhabe den Tag zu strukturieren und diesen auch zeitlich zu koordinieren.",Am 08.01.2025,23,3,1,4,3,4,3,11,7,7,0,0,45.848,0,1.177,49.261,300.016,3,"Ich war spät abends auf dem Heimweg von einem Treffen mit Freunden. Unterwegs war ich mit dem Motorrad in komplett schwarzer Kleidung. Ich bin eine andere Route als üblich gefahren. Am Kreisverkehr war das die erste und nicht wie sonst immer die zweite Ausfahrt. Vor mir fuhr ein schwarzer Golf. Ich bin hinter ihm gefahren und habe dann gesehen, dass der Wagen vor mir rechts rangefahren ist. Dementsprechend bin ich weitergefahren ohne mir dabei etwas weiterzudenken. Doch plötzlich hat das Auto vor mir ohne zu blinken einen U-Turn um die mittlere Fußgängerinsel zwischen den Bushaltestellen machen wollen. Ich konnte nicht schnell genug reagieren und bin mit fast 20 km/h in die Fahrertür gefahren. Darauffolgenden bin ich links zur Seite gefallen samt Motorrad und ich stand völlig unter Schock. Der Fahrer ist mit Beifahrer ausgestiegen und hat wüst auf mich eingeredet. Ich habe nur die Hälfte des Gesagten wahrnehmen können, weil ich mehr damit beschäftigt war zu verstehen, was gerade passiert ist. Zum Glück hat ein vorbeigehender Passant das gesehen und mich aufgefordert die Polizei zur Hilfe zu rufen. Das habe ich dann auch getan.",5,5,5,5,1,Juli 2017,85,5,2,2,6,2,6,10,6,2,0,0,0,0,0,0,0,0,0,0,0,0,0,0,0,0,0,0,1,0,0,0,0,0,0,0,0,0,0,0,0,0,0,0,0,0,0,0,0,0,0,4,4,4,3,3,4,4,4,4,3,6,1,1,2,6,"2,3",6,6,1,6,6,6,6,6,6,6,6,3,1.269,66.919,120.01,4,"Pause, Papa, Privat, Post, Platzen, Parkhaus, Pumpe, Pinkeln, Persistieren, Plan, Pfad, Pfand, Pflaster, Penis, Pollen, Pasta, Party, Papagei, Prusten, Prahlen",0.861,0.861,120.01,1,"Zebra, Ameise, Papagei, Pferd, Hund, Hase, Katze, Elefant, Affe, Vogel, Adler, Meerschweinchen, Habicht, Zebra, Giraffe, Nilpferd, Ochse, Reh, Hirsch, Ameisenbär, Frosch, Grille, Antilope, Wolf, Löwe, Gepard, Puma, Schlange, Libelle, Fisch, Krokodil, Frettchen, Maus, Ratte",23,1,4,6,5,1,,38,1,,1,0,1,185,48.17,17.73,98.77,28.9,13.21,23.78,85.41,63.78,14.59,10.27,9.19,0,0,0,0,0,1.08,1.08,0,2.7,11.89,16.76,14.59,7.57,14.05,2.16,21.62,5.41,1.62,1.08,2.16,1.08,2.7,1.62,1.08,0.54,0,0,4.32,0,0.54,0,0,11.35,1.08,2.7,0.54,1.62,3.24,3.78,2.16,1.08,0.54,0,1.62,0,0,0,0,9.73,1.08,4.86,1.62,1.08,2.7,8.11,8.11,0.54,20.54,4.86,12.43,6.49,1.62,1.08,0,0,0,0,1.08,0,0,0,0,0,10.27,7.57,1.62,0,0,0,0,0.54,0,0,0,0.54,0
2025-01-11 12:12:19,2025-01-11 13:46:53,0,100,5674,1,2025-01-11 13:46:54,R_2mmB2zG3eESUbPd,anonymous,EN,4,Bi,Ni,10,2,1,1,,1,2.97,58.663,177.901,7,3.427,294.129,300.121,21,"Es war ein Streit zwischen mir und meiner Mutter. Wir waren mit der restlichen Familie inklusive Cousin und Cousine im Urlaub in einem Ferienhaus. Meiner Mutter ist es immer sehr wichtig gewesen Bilder zu machen, besonders von der Familie und ich fand es schrecklich fotografiert zu werden, insbesondere bei „gestellteren“ Bildern. So kam es zum auch in diesem Urlaub zum Streit darüber. Ich weiß nicht, ob es um ein Gruppen oder Einzelbild ging, jedenfalls führte der Streit dazu, dass wir mehrfach Abstand voneinander brauchten und ich mit meinem Cousin auf der Trambolin eine Debatte über die Grundsätzliche Prob",Vor 5 Jahren - 10 Jahren,93,2,2,3,1,2,5,3,5,1,10.39,10.39,276.479,1,0.593,288.403,300.01,41,"Das Ereignis war Geschichtsunterricht. Es ist war eigentlich sehr gewöhnlicher Unterricht. Wir haben die Aufgaben bearbeitet, die uns gestellt wurde. Ich war einigermaßen involviert in das Unterrichtsgespräch auch wenn es nicht übermäßig spannend oder langweilig war. Die gestellten Aufgaben waren auch nicht übermäßig schwer, es war hat einen aber auch die Zeit über größtenteils beschäftigt. Man konnte nicht nur mit",Vor 4-7 Jahren,100,2,1,4,1,1,4,7,3,1,0,0,10.617,0,0.69,296.688,300.118,24,"In der Grundschule nach dem Unterricht auf dem Nachhauseweg sind einmal meine Freunde vor mir weggelaufen. Ich musste dann mit einer Nachbarin (und anderen vll. anderen) nach Hause laufen, was mich damals aber enorm gestört hat, da ich unfreiwillig mit ihr lief, es also wie ein Gefallen wirkte und ich deswegen nicht mit ihr laufen wollte. Damals fand ich es auch besonders schlimm, dass ich gezwungen war mit den Mädchen nach Hause zu laufen. Es wirkte wie ein „von den Freunden im stich gelassen werden“, sodass es mir besonders schlimm vorkam",5,5,5,5,4,Vor ca 13-15 Jahren,70,5,6,2,2,4,4,6,1,5,0,0,0,0,1,2,0,1,0,1,2,0,0,0,0,0,0,0,1,1,0,0,0,0,1,0,0,0,0,0,0,0,0,0,0,0,0,0,1,0,0,4,4,4,3,3,3,4,4,3,3,6,6,6,6,6,6,6,6,6,6,6,3,6,6,6,6,6,17,2.705,111.894,120.117,14,Plastik Praktikant Probieren Privat Pass Perle Perlmutt Persönlich Perspektive Pinkeln Penthouse Passiv Pendeln Pension,2.082,62.373,120.019,5,Katze Maus Hund Giraffe Elefant Qualle Stier Nashorn Nasenbär Braunbär Erdmännchen Hase Fuchs Tiger Löwe Garzelle Antilope Hamster Mücke Biene Hummel Zecke Tintenfisch Hai Adler Ratte Krähe,22,1,4,8,5,1,,46,9,,9,0,1,91,14.69,38.7,94.02,43.62,18.2,21.98,93.41,68.13,20.88,12.09,9.89,0,2.2,0,2.2,0,2.2,2.2,2.2,8.79,8.79,14.29,12.09,6.59,15.38,1.1,18.68,9.89,2.2,3.3,0,0,7.69,4.4,3.3,0,1.1,2.2,10.99,0,3.3,1.1,0,17.58,1.1,5.49,5.49,0,2.2,4.4,0,0,0,0,0,0,0,0,0,7.69,2.2,3.3,1.1,0,0,12.09,2.2,1.1,21.98,6.59,13.19,4.4,2.2,3.3,3.3,0,0,0,1.1,0,0,0,0,0,13.19,4.4,5.49,0,0,0,0,0,1.1,0,2.2,0,0
2025-01-11 19:29:04,2025-01-11 20:18:13,0,100,2948,1,2025-01-11 20:18:13,R_2kNQQoiJfR6in3O,anonymous,EN,4,AN,LO,6,8,1,1,,1,0,0,20.697,0,0.711,284.022,300.036,53,"Doofe Klausur. Vor etwa 1 Monat. 
Ich saß am Schreibtisch, bereit für meine Klausur. Wochenlang hatte ich gelernt, gut vorbereitet, dachte ich. Doch als ich im Online-System war, begann das Chaos. Die Seite lud ewig, und stürzte 2 mal an. Mein Herz klopfte wie verrückt, während die Minuten verrannen.
Endlich war ich drin, aber die Aufsichtsperson war nicht gerade eine hilfe und vorallem unfreundlich. Ich stellte eine Frage zur technischen Einrichtung, und sie antwortete, als würde sie von Google übersetzer übersetzeb – mit sehr unverständlichen deutsch und dementsprechend keiner Erklärung.
 
Als die Klausur begann, ging die proctorin aus dem online Raum und nahm mich irgendwie mit so das ich aus der Klausur flog, das ging 5 mal so",Vor etwa 1 Monat im 16:00,0,5,4,3,5,3,4,10,6,6,0,0,1.942,0,0.572,283.205,300.031,12,"Man sollte Sauerteigstarter am besten immer zur selben Zeit täglich füttern, und heute war’s ca. 30-35min zu spät. Ist zwar nicht toll aber auch nicht so schlimm. (30 min wird er noch verkraftet haben ohne Schäden, aber es wird auch keinen positiven Effekt auf ihn gehabt haben)",Heute 17:00,0,6,1,4,2,1,3,11,7,7,0,0,9.042,0,1.242,288.49,300.016,7,"Der Tod meiner Mutter. 12.02.2012.
Meine Mutter hatte seitdem ich 4 Jahre alt war Krebs und wurde unzählige Male operiert und verlor ihre Haare durch mehrfache chemo etc., und am 12.02.2012 erlag sie dem Krebs. Ich war 9 Jahre alt, meine Mutter war schon einige Wochen im Sterben und wohnte zu der Zeit bei meiner Wahloma. Da meine Oma mein Onkel, die beste Freundin meine Mutter, mein Vater und meine Wahloma wussten es ist bald zuende waren wir alle ein paar Tage zusammen, bis am 12.02. meine Mutter das Sterben begann. Ich wollte zu ihr, da sie nach Luftschnappze und ich wollte da sein, aber die beste Freundin meiner Mutter dachte es sei zu viel für mich und schickte mich weg, ich rannte nach oben in mein Zimmer, versteckte mich unterm Bett und betete dass Gott meine Mama da lässt. Nach etwa 5 min kam meine Wahloma und holte mich, denn ich sollte dabei sein, also verabschiedete ich mich und sachte sie",3,5,5,5,6,"12.02.2012 (hinzugefügt zum letzten Text: sagte ich ihr es ist in Ordnung du kannst gehen alle passen gut auf mich auf, weil ich merkte sie kämpfte und wollte mich nicht alleine lassen, kurze Zeit später ließ sie los (am Nachmittag gegen 17:30), und wir saßen als Familie noch einige Zeit bei ihr)",13,7,7,1,6,6,6,10,5,4,0,0,0,0,0,0,0,0,0,0,0,0,0,0,0,0,0,0,0,0,0,1,0,0,1,0,0,0,0,0,0,0,0,0,0,0,0,0,0,0,0,3,3,3,3,3,3,3,3,3,4,6,6,"1,3",3,3,2,2,6,"1,2,3,4",6,6,"2,3","2,3",6,6,6,"3,4,5",12,1.261,1.261,120.024,1,"Papagei, Papa, Polizei, Penner, Panda, Puma, Pullover, Polster, Pizza, Pasta, Pinguin, Pflaster, Plan, Pesto, Pflanze, Party, Panzer, Pyramide, Post, Pistazien",2.094,2.094,120.014,1,"Affe, Koala, Giraffe, Hund, Hase, Pinguin, Adler, Maus, Ratte, Biene, Schlange, Puma, Papagei, Katze, Schildkröte, Hecht, Forelle, Fisch, Ameise, Frosch, Blutegel, Molch, Elefant, Löwe",22,2,4,4,4,2,Bei der Frage wie schwer es war sich daran zu erinnern (emotional oder vom Erinnerungsvermögen) …? An einer anderen stelle ebenfalls aber ich kann’s nicht mehr nennen,33,0,15823,0,0,1,162,23.16,44.71,99,8.45,20.25,10.49,94.44,55.56,23.46,20.99,16.05,0.62,0.62,0,0.62,0,4.32,4.32,3.09,1.85,5.56,9.88,8.02,1.85,12.35,0,14.81,3.7,1.23,0,3.7,3.09,3.09,1.23,1.85,0,0,1.23,16.67,6.17,1.85,6.17,1.23,17.9,8.02,3.7,3.09,1.85,1.23,0.62,1.23,0.62,0,0.62,3.7,0.62,2.47,0,0,11.73,7.41,3.09,0.62,1.23,0.62,12.35,1.23,0.62,20.37,1.85,11.11,8.02,0,0.62,1.23,0,1.23,2.47,0.62,0,0,0,0,0,14.81,8.02,6.79,0,0,0,0,0,0,0,0,0,0
2025-01-11 22:43:42,2025-01-11 23:35:03,0,100,3081,1,2025-01-11 23:35:04,R_21ocM2Bb7UI2oz6,anonymous,EN,4,OL,VE,9,2,1,3,1,1,0,0,4.734,0,2.14,235.739,300.128,15,"Mein Chef hat mich ermutigt, Sex zu haben, den ich nicht wollte. Dies geschah vor mehr als 3 Jahren, als ich im Ausland arbeitete, nicht viel Erfahrung hatte, an mir selbst zweifelte und mich sehr einsam fühlte. Durch Manipulation, Drohungen und Anschuldigungen zwang er mich, mit ihm zu schlafen. Er wendete keine Gewalt an, also dachte ich im ersten Jahr, dass es einvernehmlich war, aber wenn ich darüber nachdenke, wird mir klar, dass es nicht einvernehmlich war.",vor 3 Jahren (2021),93,5,4,3,5,3,2,11,6,4,0,0,4.619,0,2.664,91.773,300.192,3,"Ich habe mit dem Studium begonnen. Einerseits bin ich froh, dass ich in Deutschland studiere (ich bin Ausländerin), aber nach der Einschreibung habe ich gemerkt, dass das Studium nicht sehr interessant ist. Daher bewerte ich diese Erfahrung als neutral (weder besonders positiv noch besonders negativ).",2022,30,5,5,4,7,6,4,11,7,4,0,0,84.615,0,0.801,126.529,307.37,9,"Das Mädchen, in das ich mich verliebt hatte, wies mich zurück und sorgte für Mobbing in der Schule. In der 9. Klasse verliebte ich mich in einen Klassenkameraden, mit dem ich eine freundschaftliche Beziehung hatte. Nach einigem Zögern beschloss ich, ihr das zu gestehen. Ich erwartete keine Gegenleistung, aber ganz sicher nicht, dass sie mich schikanieren und meine Klassenkameraden ermutigen würde, das Gleiche zu tun. Am Ende war ich ein Jahr lang Opfer von Mobbing. Erst vor 2 Jahren (das war vor über 10 Jahren) konnte ich mit einem Berater und engen Freunden darüber sprechen. Ich glaube, wenn die Situation nicht passiert wäre, wäre ich ein selbstbewussterer und weniger ängstlicher Mensch gewesen.",2,1,2,1,6,2013,91,7,7,1,7,7,7,11,7,5,0,0,0,3,4,4,4,0,4,2,3,3,3,0,0,2,3,4,2,2,1,0,0,0,1,0,0,2,0,1,0,1,1,0,1,0,0,0,0,1,2,3,2,2,2,2,3,2,3,2,2,1,6,2,4,1,5,6,1,1,6,6,6,6,"1,3",6,6,6,17,1.408,44.817,120.168,3,"Problem, Prädikat, Pralinen, Paragleiter, Paradressur, Papier, Penis, Paprika, Paradox,",2.396,2.396,120.026,1,"Hund, Katze, Pferd, Giraffe, Pinguin, Eichhörnchen, Biene, Kuhl, Fux, Hamster, Ameise, Reiher, Krähe, Taube,",26,2,4,5,6,1,,77,43,7966,43,1,1,112,45.07,25.67,95.56,5.82,14,24.11,93.75,62.5,21.43,15.18,12.5,0,0.89,0,0.89,0,2.68,2.68,1.79,2.68,13.39,14.29,12.5,3.57,12.5,2.68,20.54,6.25,1.79,0,3.57,3.57,11.61,5.36,6.25,2.68,0.89,0,12.5,0,2.68,0.89,1.79,14.29,3.57,0,5.36,7.14,2.68,3.57,0,0,0,0,0,0,0,0,0,13.39,3.57,4.46,3.57,0,1.79,8.93,0,0,18.75,0,13.39,8.93,5.36,0,0,0,2.68,0.89,0.89,0,0,0.89,0,0,16.96,7.14,8.04,0,0,0,0,0,0,0,1.79,0,0
2025-01-11 23:07:07,2025-01-11 23:57:10,0,100,3003,1,2025-01-11 23:57:11,R_8z6dni2KiukNZJI,anonymous,EN,4,IM,FL,6,1,1,1,,1,0,0,13.021,0,1,298.477,300.132,20,"Als es unserer Katze nicht gut ging, habe ich meiner Mama bescheid gesagt gehabt, doch sie dachte es läge am Wetter. Am nächsten Tag bin ich (am Wochenende) etwas später aufgestandnen als sonst und hinunter gegangen zu meinem Vater und habe gefragt wo unsere Katze ist, da sie sonst immer neben mir im Bett geschlafen hat. Dann meinte er sie sei beim Tierarzt. Dann kam der Anruf von der Tierarztpraxis... sie sagten es sehe nicht so gut aus und meine Eltern sollen entscheiden ob sie eingeschläfert werden solle. Ich habe das Gespräch nicht ganz mitbekommen und hatte meinen Papa nur gefragt gehabt wie es ihr geht und er zeigte mit einem traurigen Gesicht während des Telefonats einen Daumen nach unten. Ich war sehr traurig und habe leider bis heute den gesamten Tag noch vor Augen. 
Alles passt nur  im zusammenhang mit der zeit nicht ins textfeld:)",Sommer 2017,24,6,6,1,7,6,6,4,5,5,0,0,39.287,0,1.376,291.029,300.041,27,"Ein Freund von mir erlebte eine nicht so schöne Trennung und musste aus deren gemeinsamer Wohnung ausziehen. Er zog in eine neue Stadt und fand kurz darauf seine neue Freundin. Ich habe sie an Silvester kennengelernt und mich sehr für ihn gefreut, dennoch war es weder ein positives noch ein negatives Erlebnis. Bei dem Kennenlernen war unser Freundeskreis dabei und es war auch bereits spät abends. Die anderen tranken alkohol.",31.12.2024,66,2,2,4,2,3,1,2,3,3,0,0,9.189,0,7.255,297.04,300.127,9,"Ich war 16 Jahre alt und lernte einen jungen Mann kennen. Paar Wochen später hatte ich ihn abends wiedergesehen auf einem Dorffest. Es war spät abends und von dort aus kam ich nicht mehr nach Hause also bot er mir an mich entweder alkoholisiert nach hause zu fahren oder ich könne mit bei einem Kumpel von ihm übernachen. Dann übernachtete ich mit ihm zu zweit bei seinem Kumpel. Er fasste mich gegen meinen willen an. So ins detail kann ich nicht mehr gehen, weil ich ab dem Punkt wo ich nein gesagt hatte, nichts mehr weiß. Ich weiß nur noch, dass ich morgens mich nicht getraut hatte aus dem Zimmer zu gehen und da blieb bis er mich nach hause fuhr am nächsten tag.",5,5,5,1,5,Ca. 2018/2019,54,4,4,2,3,5,5,2,4,3,1,1,0,3,3,4,2,4,1,4,3,0,3,0,1,0,1,2,2,3,1,2,0,2,1,1,1,2,3,0,0,1,1,0,1,1,2,3,3,1,1,2,3,2,2,2,2,4,4,1,2,3,3,6,"1,2,4",6,"3,6",3,"1,5",1,3,6,"2,3",6,3,3,6,5,8,5.165,119.309,120.04,14,"Panik, panisch, Petrol, Parallel, Plastik, Pudder, Puddel, Plätzchen, perfekt",2.7,5.207,120.116,2,"Hai, Fisch, Katze, Löwe, Elefant, Meerschweinchen, Capibara, Hamster, Seeigel, Stachelrochen, Maus, Ratte, Hase, Reh, Fuchs, Wildschwein, Hausschwein,  Wal, Delfine, Vogel, Uhu, Eule, Nasenbär, Braunbär, Biber, Adle",22,2,4,6,5,1,,89,38,12028,38,1,1,124,21.77,12.46,99,35.65,17.71,7.26,95.97,65.32,21.77,20.16,12.9,0,0,0,0,0,7.26,7.26,0,3.23,4.84,17.74,10.48,4.84,12.1,4.03,19.35,8.06,4.84,0.81,1.61,4.84,0.81,0.81,0,0,0,0,12.1,0.81,2.42,0,5.65,16.13,4.84,2.42,0,0.81,5.65,5.65,1.61,0.81,0.81,0,1.61,0,1.61,0,0.81,4.84,2.42,0.81,0.81,0,0.81,9.68,2.42,0.81,31.45,4.03,20.16,11.29,0,0.81,3.23,0,0,0,1.61,0,0,0,0,0,8.06,5.65,2.42,0,0,0,0,0,0,0,0,0,0
2025-01-12 11:37:13,2025-01-12 12:12:40,0,100,2127,1,2025-01-12 12:12:41,R_8rk6A26yEBrdWQs,anonymous,EN,4,CH,CA,4,6,1,1,,1,0,0,6.969,0,0.939,281.579,300.02,7,Das Erlebnis als mich das erste mal beim Kellnern ein Kunde angeschrien hat. Ich bin gerade aus der Pause gekommen und der Laden war super voll ( es gab sogar eine Schlange wartender Personen an der Tür). Da ich vorher in der Pause war hatte ein Kollege meinen Tische übernommen und ich wollte gucken ob die Personen etwas brauchten. Ich stand gerade beim ersten Tisch da fing der Man an mich laut und aggressiv anzuschreien. Es hatte sich richtig in Rage geredet und ich hatte keine Ahnung was das Problem war weil ich zuvor in der Pause war. Ich versuchte mit ruhiger Stimme auf ihn einzureden aber es wurde immer lauter bis meine Chefin kam und mit ihm sprach.,2022,6,7,7,1,7,4,6,11,6,7,0,0,18.013,0,2.274,218.052,300.024,11,Das Vorstellungsgespräch für meinen ersten Job. Ich war an Anfang etwas nervös als ich in das Büro meiner Chefin eingetreten bin aber sie hat mir etwas zu trinken angeboten und war sehr freundlich. Sie hat mich gefragt ob ich gut her gekommen wäre und danach hat sie mir einige Frauen zu meiner Personen gestellt. Anschließend hat sie mich nach meinen Zielen und Erwartungen gefragt und ich haben ihr dazu Angaben gemacht. An Ende des Gespräches gaben wir uns zur Verabschiedung die Hand.,Dezember 2021,68,4,2,4,2,5,3,11,7,4,0,0,5.746,0,0.743,290.83,300.019,4,"Ich haben nach dem Abi ein FSJ im Krankenhaus absolviert und dort einige Erfahrungen mit dem Tod gemacht. Als ich das erste mal eine Reanimation mit erlebt haben von einem Patienten den ich einige Stunden zuvor nach gepflegt hatte war das sehr schlimm. Alles ging super schnell. Eine Frau die Essen austeilte bemerkte dass die Version nicht mehr atmete und daraufhin rannten alle in das Zimmer und es wurde direkt mit der Reanimation gestartet. Die anderen beiden Patienten auf dem Zimmer wurden von mir und noch einer weiteren Personen auf den Flur geschoben, damit sie keine Panik bekommen. Das Reha Team kam, aber es war schon zu spät. Ich hatte glücklicherweise viele Kollegen die mit mir über das Ereignis geredet haben sodass ich es zwar als schlimm empfand",2,5,2,5,4,2022,70,5,5,1,3,3,5,11,5,6,0,0,0,1,1,3,2,4,0,0,0,0,0,0,0,0,0,0,0,0,0,0,0,0,0,0,0,0,0,0,0,0,0,0,0,0,0,0,0,0,0,4,4,4,4,4,4,4,4,4,4,2,2,3,1,6,1,2,6,1,6,6,2,"1,2",3,3,6,1,12,1.215,116.009,120.117,5,Paul Paula Panik Platz Plastik planen platzen platzieren Pädagoge Postleitzahl Politik Polizei Papa Palliative Personal praktisch privat prüfen pressen Paket,1.687,1.687,120.116,1,Giraffe Kamel Löwe tiger Kuh Maus Elefant Huhn Schwein Ziege Hund Affe Nashorn nielpferd Pferd Gorilla Küken Taube Reh Katze Elch Hirsch Schlange Spinne Krokodile Leopard,21,2,4,4,5,1,,51,11,16639,11,0,1,128,55.88,37.24,97.08,17.39,18.29,22.66,92.19,57.81,17.19,7.03,5.47,0,0,0,0,0,1.56,1.56,0.78,7.03,15.63,13.28,10.94,4.69,17.19,1.56,18.75,8.59,2.34,0,0.78,6.25,6.25,3.13,3.13,0.78,0,1.56,9.38,0.78,0.78,0.78,0.78,12.5,0.78,0.78,0.78,2.34,3.13,5.47,1.56,0,0,0,3.13,0.78,1.56,0.78,0.78,5.47,1.56,2.34,1.56,0,0.78,10.94,0,0,21.88,3.13,10.94,8.59,4.69,1.56,2.34,0,0,0.78,0.78,0,0.78,0,0,0,6.25,4.69,1.56,0,0,0,0,0,0,0,0,0,0
2025-01-12 10:06:01,2025-01-12 16:02:45,0,100,21403,1,2025-01-12 16:02:45,R_8R1Q76PxpD0lAtj,anonymous,EN,4,PE,SE,28,10,3,1,,1,0,0,1.102,0,1.57,92.323,300.019,3,"Meine Familie und ich hatten einen schweren Autounfall. Ein Motorrad, das ein Wohnmobil überholen wollte, hat uns übersehen und ist frontal in uns gefahren. Seitdem ist meine Hand verletzt, sodass ich meine. Job als Gitarrenlehrer verloren habe. Weiter leide ich noch immer unter Depressionen und ptbs.",12.09.2021,16,7,7,2,7,7,5,11,4,7,0,0,2.222,0,1.537,85.445,300.019,3,"Meine Familie und ich hatten eine schweren Autounfall. Ein Motorradfahrer hat ein Wohnmobil überholt, uns übersehen und ist frontal in uns gefahren. Dabei wurde meine Hand so schwer verletzt, das ich meinen Job als Gitarren Lehrer verloren habe. Seitdem leide ich unter Depressionen und ptbs.",21.09.2021,86,2,3,2,2,3,5,3,2,3,0,0,1.158,0,1.822,1.822,300.178,1,"Meine Familie und ich hatten einen schweren Autounfall. Ein Motorradfahrer, der ein Wohnmobil überholen wollte, ist frontal in uns gefahren. Dabei wurde meine Hand so schwer verletzt, dass ich meinen Job als gitarrenlehrer verloren habe. Weiter leide ich deswegen noch immer unter Depressionen und ptbs",5,5,1,5,6,21.09.2021,14,7,7,2,7,7,4,10,3,6,2,2,2,2,2,2,2,2,2,2,2,2,2,2,2,2,2,2,2,2,2,2,2,2,2,2,2,2,2,2,2,2,2,2,2,2,2,2,2,2,2,3,3,3,3,3,3,3,3,3,3,6,6,1,6,6,1,6,6,6,6,6,6,6,6,6,6,1,3,3.505,110.123,120.12,4,"Parkplatz
Pause 
Privatjet
Projektor
Polarlicht
Pizza
Pose",1.223,1.223,120.116,1,"Tiger, Löwe, Leguan, Elefant, Hund, Katze, Maus, Eisbär, Ameise, Vogel, Giraffe, Antilope, Pelikan,",38,1,4,4,7,1,,112,40,17158,40,1,1,45,13.74,16.86,99,1,11.25,28.89,86.67,57.78,17.78,15.56,13.33,2.22,0,0,0,0,0,0,0,2.22,8.89,8.89,11.11,8.89,13.33,0,17.78,8.89,2.22,0,0,0,13.33,0,13.33,0,0,11.11,4.44,2.22,0,0,0,22.22,6.67,2.22,2.22,0,2.22,4.44,4.44,0,0,4.44,8.89,2.22,4.44,0,0,8.89,4.44,2.22,0,0,2.22,11.11,6.67,2.22,15.56,2.22,6.67,8.89,2.22,4.44,2.22,0,0,0,0,0,0,0,0,0,13.33,6.67,6.67,0,0,0,0,0,0,0,0,0,0
2025-01-12 19:49:58,2025-01-12 20:24:00,0,100,2041,1,2025-01-12 20:24:00,R_8Shq29PVgeExkRP,anonymous,EN,4,AN,LU,4,6,1,1,,1,0,0,20.962,0,1.53,266.66,300.12,15,"Früher wurde ich aufgrund meines Aussehens und sportlicher Leistungen in der Schule gemobbt. Ich war auch unbeliebt bei Lehrern bzw. hatte ich sehr unangenehme Lehrer, bei denen ich mich nicht getraut habe irgendetwas zu sagen und von denen ich mich auch irgendwo gemobbt gefühlt hatte. Das hat sich von der 5. bis zur 12. Klasse gezogen. Ich habe mich eigentlich jede Woche krank gestellt, damit ich nicht zur Schule muss. Dadurhc hatte ich ein schlechtes Abizeugnis, was mich noch unzuversichtlicher für meine Zukunft stimmte. Aufgrund meiner Erlebnisse und um mich besser zu fühlen war ich gemein zu anderen Kindern, die es auch nicht leicht hatten, was ich bis heute bereue. Durch diese Erfahrungen habe ich eine Depression entwickelt, von der ich niemandem erzählt hatte, bis ich mit 19 eine Psychologin aufgesucht habe.",2010-2017,71,7,7,1,7,7,1,8,4,4,0,0,3.699,0,1.236,152.677,300.131,3,"Mein letzter Geburtstag war weder besonders positiv noch besonders negativ. Meine Famile & mein Freund war da. Es hat sich nicht angefühlt wie ein besonderer Tag, also war nicht besonders positiv, aber ich hab auch keine besonderen negativen Erlebnisse an diesem Tag gehabt.",04.2024,99,3,1,4,2,2,2,2,2,4,0,0,2.34,0,0.845,107.85,300.113,4,"Als ich klein war, hatte ich entdeckt, dass meine Mama immer wieder Dosen vor meinem Papa versteckt hatte. Ich dachte es wäre Cappucino - dabei war es Prosecco. Eines Tages, als ich ca. 12 Jahre alt war, habe ich meine Mama im Erdgeschoss unseres Hauses schreien hören und als ich nach unten gegangen bin lag sie weinend in den Armen meines Vaters. Sie war komplett betrunken und hat mir verkündet, dass meine Eltern sich trennen werden. Ich bin weinend nach oen gegangen. Dann hörte ich einen lauten Knall und bin nach unten gegangen und hab gesehen dass meine Mama über einem Tisch kniete und ihre Nase blutete. sie war auf den Tisch gestürzt und hatte ihre Nase gebrochen, weil sie sich nicht mehr auf den Beinen halten konnten. Panisch habe ich ausversehen bei meiner damals besten Freundin auf dem Festnetz angerufen, dann aufgelegt als ich gemerkt hatte ich hatte falsch gewählt und dann bei meinen Großeltern angerufen. Mein Papa fuhr meine Mama ins Krankenhaus und ich blieb ca. 1 Woche bei meinen Großeltern weil ich nicht nach Hause wollte. Bis heute trinkt sie heimlich und das beeinflusst auch wie ich über sie denke",2,5,5,3,5,2012,72,6,5,2,6,5,6,9,3,4,1,1,1,1,1,2,1,0,3,3,2,2,2,2,2,0,1,1,2,2,1,0,1,1,2,2,0,2,2,1,2,2,2,2,0,1,1,2,1,1,1,2,2,2,2,2,2,3,2,2,2,6,6,2,2,"3,6",2,6,1,1,6,6,"3,6","3,6","3,6","3,6",6,5,17,1.415,47.653,120.112,3,"Papa, Parole, Pistole, Pflaume, Party, Protest, Paar, Problem, Perücke, Prost, Papst, Priester, Politik, Panne, Pracht, Pailletten, Portemonnaie, P",1.144,1.144,120.01,1,"Löwe, Elefant, Katze, Affe, Nashirn, Schlange, Hund, Ratte, Meerschweinchen, Maus, Hase, Kaninchen, Kakerlake, Giraffe, Zebra, Hippo, Capybara, Strauß, Pinguin, Taube, Raupe, Schmetterling, Motte, Made, Fliege, Otter, Gans,",25,2,4,4,5,2,"Schiwerigkeit an das Erlebnis zu denken, wusste nicht ob gemeint war, wie schwierig es fällt daran zu denken oder ob es schwergefallen ist, dass ein Erlebnis einfällt",78,30,17326,30,0,1,192,8.16,30.25,99,1,16,18.23,91.15,60.94,21.88,19.79,13.54,0.52,0,0,0,0,4.69,4.69,4.17,2.08,4.17,12.5,13.02,3.65,13.02,1.04,20.83,6.77,3.65,0.52,1.04,1.56,3.13,0.52,2.6,0.52,0,1.04,13.54,4.17,0.52,2.6,1.56,14.58,5.73,2.08,1.04,1.56,2.08,3.13,6.25,1.04,3.65,0,4.17,2.08,1.56,0,1.04,9.9,2.08,1.56,4.69,0.52,1.56,13.54,4.69,0.52,18.23,2.6,9.9,7.81,1.04,0.52,1.04,0.52,0,0,0,0,0,0,0,0,9.9,5.73,3.65,0,0,0,0,0.52,0,0,0,0,0
2025-01-13 14:16:43,2025-01-13 15:04:58,0,100,2894,1,2025-01-13 15:04:58,R_8v1eZCHraRrJ4nY,anonymous,EN,4,AN,MA,13,11,3,1,,1,0,0,10.516,0,20.557,20.557,396.959,1,"Vor einigen Jahren, an einem kalten Wintertag, fand ich einen kleinen, verlorenen Hund im Wald. Er zitterte und sah mich mit großen, traurigen Augen an. Ich nahm ihn mit nach Hause und versuchte, ihm zu helfen, aber leider starb er in meinen Armen. Es war ein herzzerreißender Moment, den ich nie vergessen werde.",20 jahre,9,1,1,1,2,3,2,3,2,2,0,0,1.713,0,4.416,169.006,352.019,7,"Es war ein sonniger Nachmittag, als AN, die Mutter, mit ihrem Sohn auf dem Spielplatz war. Plötzlich bemerkte AN, dass er nicht mehr auf der Rutsche war, wo er eben noch fröhlich gespielt hatte. In Panik begann sie, ihn überall zu suchen, ihr Herz raste und dunkle Gedanken krochen in ihren Kopf. Die Minuten schienen wie Stunden zu vergehen, bis sie ihn schließlich in einer Ecke fand, wo er mit einem anderen Kind spielte. Obwohl er sicher war, ließ das Erlebnis AN nicht los; die Angst, ihn zu verlieren, hatte sich tief in ihr Herz gegraben und verfolgte sie in den stillen Momenten des Alltags.",vor 20 jahren,100,2,2,4,2,2,2,2,1,1,0,0,1.545,0,0,0,380.66,0,,5,5,5,5,1,leider habe ich es nicht geschaffen das feld auszufüllen,100,1,1,1,1,1,1,1,1,1,1,0,1,0,2,1,1,1,2,2,1,1,2,2,2,2,1,1,2,3,1,1,1,2,2,0,1,1,2,2,3,3,2,2,3,3,1,1,1,2,1,2,2,3,3,4,3,3,4,4,3,6,6,6,6,5,6,5,5,6,6,5,5,6,6,5,5,6,13,5.855,22.632,120.071,2,"Papagei
Palme
Papier
Park
Pinsel
Pizza
Planet
Plakat
Post
Pyramide
Puppe
Puzzle
Pfanne
Pfirsich
Pilz",3.467,89.95,121.391,3,"Hund
Katze
Elefant
Löwe
Tiger
Giraffe
Zebra
Känguru
Pinguin
Delfin
Wal
Adler
Fuchs
Bär
Eule",26,1,4,4,4,1,,94,28,17338,28,0,1,0,,,,,,,,,,,,,,,,,,,,,,,,,,,,,,,,,,,,,,,,,,,,,,,,,,,,,,,,,,,,,,,,,,,,,,,,,,,,,,,,,,,,,,,,,,,,,,,,,
2025-01-13 16:30:31,2025-01-13 17:02:30,0,100,1918,1,2025-01-13 17:02:30,R_2SqRpW82lJmYrOE,anonymous,EN,4,NA,MA,30,4,1,1,,1,20.9,22.165,44.057,2,56.919,289.346,300.108,23,"Als ich meine Noten von ABI bekam, erfuhr ich, dass ich in allen Prüfungen eine 1,0 hatte. Am nächsten Tag sprach niemand mit mir. Ich dachte, die Nachricht würde mich freuen, aber kein einziger Freund gratulierte mir. Im Gegenteil, ich wurde nicht mehr zu Geburtstagen eingeladen, in der Schule sprach niemand mehr mit mir, der Erfolg wurde zum Albtraum. Ein ganzes Jahr lang war ich allein, ganz allein. Wenn ich jetzt einen Erfolg habe, erzähle ich niemandem davon. Ich habe Angst, wenn ich es tue, werde ich wieder allein sein. Der Erfolg macht mich nicht mehr glücklich, er erinnert mich daran, wie sehr es weh tat, niemals angerufen zu werden und niemanden zu haben, der mit mir sprach.",Vor 2 Jahren,4,6,7,2,2,7,5,11,4,5,0,0,3.331,0,115.792,148.179,300.113,4,"Vorgestern war ein wunderschöner sonniger Tag, und ich bin nach draußen gegangen. Ich bin wirklich gestresst, weil die Prüfungen bevorstehen, aber es war so sonnig und schön, dass ich mich ein bisschen beruhigt habe. Es war ein schöner Tag, aber mir war ein bisschen kühl, weil es ein bisschen kalt war. Eine Frau hat mich versehentlich auf der Straße geschubst, aber was soll man machen, das passiert. Ich kam spät nach Hause, machte mir eine Tasse Tee und begann zu lernen.",Vorgestern,9,7,6,4,4,4,4,11,7,5,0,0,2.16,0,138.079,255.287,300.077,20,"Als ich ein Kind war, wurde bei mir eine schwere Allergie auf der ganzen Haut diagnostiziert. Die Narben taten nicht nur weh, sie sahen auch unschön aus, und im Sommer musste ich sie mit dicker Kleidung und Schmerztabletten verstecken. Ich war ein halbes Jahr lang oft im Krankenhaus... bis heute ist das eine der traurigsten und schrecklichsten Erfahrungen meines Lebens. Eines Tages zeigten die anderen Kinder auf meine roten Flecken und lachten. Und ich konnte nichts tun, und meine ganze Haut schmerzte so sehr.",1,5,1,5,7,Als ich 5 Jahre alt war,6,7,7,1,4,7,4,11,4,5,0,0,0,0,0,0,1,0,0,0,2,1,0,1,0,0,0,2,2,3,1,1,2,0,0,0,0,3,2,2,2,2,3,0,2,3,3,3,0,0,2,1,3,2,2,3,2,3,4,3,2,2,2,5,6,6,6,"3,6",6,6,6,6,6,6,6,6,4,2,12,1.703,115.131,120.116,4,Praktikum Privatsphäre Privatleben Priorität Park Pirat Papagei Person Party Portion Prinzessin P,1.25,107.429,120.015,2,Papagei Löwe Tiger Pinguin Dromedar Katze Hund Schildkröte Hamster Kaninchen Schwein Pferd Huhn Wolf Schwanen Ratte,19,2,4,5,6,1,,68,12,16858,12,0,1,84,45.07,22,96.62,1,14,19.05,92.86,60.71,14.29,11.9,9.52,0,0,0,0,0,2.38,2.38,2.38,1.19,11.9,10.71,11.9,4.76,14.29,2.38,19.05,13.1,3.57,0,1.19,5.95,5.95,1.19,4.76,1.19,1.19,4.76,7.14,1.19,0,0,0,16.67,3.57,0,1.19,1.19,3.57,3.57,8.33,2.38,0,3.57,13.1,7.14,10.71,0,1.19,3.57,0,1.19,1.19,0,1.19,10.71,4.76,0,17.86,0,10.71,9.52,1.19,0,0,0,0,0,0,0,0,0,0,0,14.29,9.52,4.76,0,0,0,0,0,0,0,0,0,0
2025-01-13 22:14:33,2025-01-13 22:43:43,0,100,1750,1,2025-01-13 22:43:44,R_25yfvqcvlLXlbB8,anonymous,EN,4,MA,MA,20,1,1,3,1,1,0,0,2.211,0,2.329,299.566,300.04,2,"not to much 
yes very nice 
not",yes,31,4,4,5,4,5,4,6,5,6,0,0,2.408,0,3.138,73.361,300.063,10,"I don't have very experienced about me
But I know the people don't like me 
I meet lots of people",yes,52,4,4,4,5,5,4,4,6,5,0,0,2.783,0,6.909,106.232,364.323,8,"I have very nice experience about this job.
I'm not the German people very punctual.
I love German people",5,5,4,5,3,not,6,3,2,5,3,4,3,4,3,4,2,3,2,3,3,3,2,3,3,3,2,3,3,3,3,2,3,3,4,4,2,1,2,2,2,2,2,2,2,1,2,2,2,3,3,2,2,3,3,3,3,3,4,3,2,3,3,3,4,3,4,4,5,6,6,6,3,6,6,6,6,6,6,6,6,6,6,6,1,3.97,65.924,120.135,11,"Paper
Pencil
Penguin
Pillow
Park
Phone
Pirate
Pizza
Purple
Pot
Parade
Paint
Planet
Parrot
Problem
Price
Present
Power
Patience
Perfect",2.893,25.226,120.046,7,"Dog
Cat
Elephant
Lion
Tiger
Giraffe
Kangaroo
Bear
Zebra
Monkey
Dolphin
Horse
Penguin
Eagle
Snake
Fish
Rabbit
Panda
Rhino
Gorilla",33,1,4,5,6,1,,135,57,14218,57,1,1,19,,74.24,1,17.39,6.33,10.53,21.05,0,0,0,0,0,0,0,0,0,0,0,0,0,0,0,0,0,0,0,0,5.26,0,0,0,0,10.53,5.26,5.26,5.26,0,0,5.26,0,0,0,0,5.26,5.26,0,0,0,0,0,0,0,0,0,5.26,5.26,0,0,0,5.26,5.26,0,0,0,0,0,0,0,0,0,0,0,5.26,0,0,5.26,0,0,10.53,0,10.53,0,0,0,15.79,10.53,0,0,0,0,0,0,0,5.26,0,0,0
2025-01-14 11:10:50,2025-01-14 11:11:39,0,100,49,1,2025-01-14 11:11:40,R_2aJqEGcC8UVqGhF,anonymous,EN,4,HU,WA,14,5,1,3,2,,,,,,,,,,,,,,,,,,,,,,,,,,,,,,,,,,,,,,,,,,,,,,,,,,,,,,,,,,,,,,,,,,,,,,,,,,,,,,,,,,,,,,,,,,,,,,,,,,,,,,,,,,,,,,,,,,,,,,,,,,,,,,,,,,,,,,,,,,,,,,,,,,,,,,,,,0,0,15829,,,1,0,,,,,,,,,,,,,,,,,,,,,,,,,,,,,,,,,,,,,,,,,,,,,,,,,,,,,,,,,,,,,,,,,,,,,,,,,,,,,,,,,,,,,,,,,,,,,,,,,
2025-01-14 14:09:57,2025-01-14 14:46:22,0,100,2185,1,2025-01-14 14:46:23,R_262uS8RpxMlxb5D,anonymous,EN,4,AN,UW,25,11,3,1,,1,0,0,1.646,0,0.936,120.86,300.011,5,"Ich habe das erste mal Hausaufgabenbetreuung an einer Hauptschule in den Fächern Englisch und Deutsch gemacht. Die Hausaufgabenbetreuung war in einer fünften Klasse mit etwa 20 Schüler/innen. Am Anfang war es sehr schwer seine Autorität durchzusetzen, weswegen die Klasse sehr unruhig, laut und unkonzentriert war. Ich hatte das Gefühl, dass die Kinder ihre Hausaufgaben nicht schaffen werden und das ein schlechtes Licht auf mich wirft.",09.01.2025,61,6,5,4,3,2,2,10,7,6,0,0,6.48,0,7.888,172.838,300.045,13,"Es war ein gewöhnlicher Nachmittag, an dem ich mit einer guten Freundin spazieren ging. Wir waren in einem Park, den wir regelmäßig besuchten, und es war nicht besonders voll an diesem Tag. Wir unterhielten uns über die neuesten Ereignisse in unserem Leben und was in der nächsten Woche bei uns beiden ansteht oder was wir am Wochenende vorhaben. Es war keine besonders aufregende oder dramatische Unterhaltung. Es war eher ein ruhiges Gespräch, bei dem wir durch den Park gingen. Zwischendurch haben wir uns auf eine Bank gesetzt und andere Spaziergänger beobachtet.",13.01.2025,4,3,2,5,5,3,5,10,5,6,0,0,1.671,0,0.912,299.417,300.111,16,"Ich wurde Zeuge bei einem Autounfall, ich war der Beifahrer, mein Papa der Fahrer. Uns kam jemand mit sehr hoher Geschwindigkeit entgegen der die Kurve schnitt, dann auswich und neben die Straße, in einen kleinen Wald fuhr und gegen einen Baum prallte. Wir sind direkt ausgestiegen und konnten feststellen dass das ein sehr schlimmer Unfall war. Mein Papa meinte direkt, dass diese Person bestimmt nicht mehr lebt. Er ist dann zum Auto und hat die Person aus dem Auto geholt. Sie hat noch gelebt, hatte aber sehr schlimme Verletzungen. Diese Person hatte ebenfalls einen leeren Kasten Bier im Auto der kaputt gegangen ist und sie deshalb unzählige Schnittwunden am ganzen Körper hatte. Die Person kam gerade von einem Badeausflug und war deswegen nur sehr leicht bekleidet, weshalb man das Ausmaß der Verletzungen  sehr gesehen hat.",1,5,2,5,5,2014,60,6,5,2,7,6,7,3,6,6,0,0,0,1,0,1,0,0,0,0,0,0,0,0,0,0,0,0,0,0,0,0,0,0,0,0,0,0,0,0,0,0,0,0,0,0,0,0,0,1,0,4,4,3,3,3,4,4,3,3,2,1,6,2,"2,4",6,6,6,6,1,6,6,"2,3",2,2,6,6,1,3,1.569,110.257,120.011,5,"Park, Polizei, Pflanzen, Pony, Pirat, Pudel, Panda, Promi, Pinguin, Palast, Parlament, Panzer, Po, Poridge, Palme, P",3.621,3.621,120.114,1,"Panda, Pferd, Pinguin, Hase, Hund, Hamster, Affe, Giraffe, Otter, Seelöwe, Strauß, Flamingo, Ziege, Schaf, Eichhörnchen, Fisch, Schildkröte, Krokodil, Wal, Hai, Qualle, Krake, Oktupus, Krebs, Kuh, Gans, Ente, Huhn, Leopard, Löwe, Tiger, Bär,",23,2,4,8,5,1,,36,2,17380,2,0,1,135,47.61,65.48,20.3,1,16.88,19.26,88.89,59.26,14.81,8.15,2.96,1.48,0,0,0,0,3.7,3.7,1.48,6.67,14.07,8.89,11.85,8.89,11.11,0.74,20.74,7.41,1.48,0.74,0,5.19,5.93,1.48,4.44,0,0,2.96,10.37,1.48,0,0,2.22,11.11,1.48,2.22,0.74,0.74,2.96,3.7,0.74,0.74,0,0,4.44,2.22,2.22,0,0.74,5.19,1.48,0.74,1.48,0,0.74,11.85,5.93,0,14.81,4.44,9.63,2.22,1.48,3.7,0,0,0,0,0,0,0,0,0,0,11.11,5.93,5.19,0,0,0,0,0,0,0,0,0,0
2025-01-14 15:24:39,2025-01-14 16:01:02,0,100,2182,1,2025-01-14 16:01:03,R_2mWuaQoF6Z9mJ6K,anonymous,EN,4,MI,SA,24,11,1,1,,1,0,0,102.186,0,2.08,274.604,300.108,11,"Meine Schwester, die nicht wirklich meine Schwester war, sondern eig meine Tante aber sich wie eine schwerster angefühlt hat, weil sie kein riesen alter unterschied hatte und wir zusammen bei meiner Oma aufgewachsen sind, ist mit ihren 50 jährigen freund (er war freund der familie) abgehauen. Er hat sie kennen gelernt, als sie 17 war. Sie hat sich nicht von mir verabschiedet und ich habe sie seit 10 Jahren nicht mehr gesehen. Ich habe ihr wohl nichts bedeutet.",Es war eine sehr negative Erfahrung über die ich lange nachgedacht habe und immernoch tue,70,6,6,5,5,5,5,9,4,4,0,0,13.469,0,1.014,1.014,300.014,1,"Ich war in der Vorlesung mit einigen anderen Studenten. Ich habe es erst nicht bemerkt, bis ich gesehen habe, dass einige Menschen aufgestanden sind. Als ich mich umdrehte sah ich, dass ein Mädchen am Boden lag und einen epiletptischen Anfallt bekam. Der Notarzt wurde gerufen und man hat ihr geholgen. Es war nicht besonderst negativ, da ihr gut geholgen wurde und es ihr wieder gut geht. Es hat sich dennoch in meinen Kopf eingebrannt.",Es war eher negativ als positiv,41,5,4,3,5,3,5,9,2,6,0,0,4.147,0,0.966,50.447,300.111,3,"Es war an dem Tag als mein Opa gestorben ist. Er hat Jahre lang mit Krebs gekämpft und es fühlte sich auch in diesen Jahren an als würde ich um einen lebendigen trauern. Ich habe meien ganzen Kindheit mit ihm verbracht. Er war mein Lieblingsmesch. An dem Tag als er gestorben ist, habe ich ihn Vormittag besucht. Er sah schrecklich aus. Er sagt mir einige persönlich Ding und hat als ich weggehen wollte meien Hand erfasst und nicht losgelassen. Im nachhinein wusste ich, dass das ein zeichen war aber ich wollte es nicht wahrhaben. zwei Stundne später ist er gestorben. Ich weinte bis in die Nacht an seiner Leich. Bis ihn jemand abholte. Seit dem ist alles anders als vorher.",1,5,5,5,5,Vor Drei Jahren im Juni,73,6,7,1,5,7,6,10,5,3,1,1,0,3,1,3,3,0,3,0,0,1,1,1,0,0,0,0,0,2,0,0,0,0,0,0,0,0,0,0,0,0,1,0,0,0,0,0,0,0,0,1,1,1,1,1,1,1,1,1,1,3,3,3,3,3,3,3,3,"1,3",3,6,2,3,3,3,3,3,12,4.101,4.472,120.112,2,"Popel, Papier, Penis, Pullover, Punkte, Pinsel, Plannung, Pinkeln, Politik, Pfau, Popcorn, Pizza, pfeffer, Posbote, Polizei, Presse, Panda, Paprika, Pool, Pink, Papagei, P",1.919,1.919,120.018,1,"Panda, Giraffe, Koala, Hund Katze Meerschweinchen Tintenfisch Waal Hase Huhn Kuh Schaf Ente Reh Hirsch, Wildschwein Löwe Antilope Stachelschwerin Schwein Gans Ameise Vogel Habicht Turmfalke",21,2,4,4,4,1,,31,20,12802,20,0,1,120,4.74,38.79,96.42,17.39,10,17.5,90.83,62.5,24.17,17.5,8.33,0,0,0,0,0,8.33,8.33,0,5.83,5.83,15.83,15,4.17,15,1.67,25,9.17,5.83,0,0.83,1.67,5.83,3.33,3.33,0.83,0.83,2.5,17.5,0.83,0,0,5.83,16.67,3.33,0,3.33,1.67,3.33,7.5,3.33,1.67,0.83,0.83,5,0.83,0.83,0,0,1.67,0,0.83,0.83,0,0,11.67,7.5,0.83,23.33,0.83,9.17,16.67,0,0,0,0,0,3.33,0,0,0,0,0,0,11.67,10,1.67,0,0,0,0,0,0,0,0,0,0
2025-01-15 10:15:43,2025-01-15 11:03:35,0,100,2872,1,2025-01-15 11:03:36,R_8e1PQc7yR8n4pd9,anonymous,EN,4,GU,GÜ,31,3,1,1,,1,4.891,4.891,10.691,1,0.826,249.589,300.015,4,"Während der Grundschulzeit gab es einen korpulenten Jungen in der Klasse, der regelmäßig von anderen wegen seiner Leibesfülle gehänselt wurde. Unser Heimweg verlief in gleicher Richtung. Ich mochte den Jungen und habe mich nicht daran beteiligt ihn zu ärgern, aber wir waren keine wirklichen Freunde. Als wir eines Tages nach Hause gingen, kamen andere Mitschüler welche den Jungen beleidigten und ihm dann die Hose runterzogen. Dann rannten sie weg. Der Junge begann zu weinen und hat sich sehr geschämt. Ich kann mich nicht mehr erinnern, was ich gemacht oder gesagt habe. Aber ich war sehr betroffen und habe mich sehr für die anderen Kinder geschämt.",1990,86,6,3,1,3,4,5,11,2,4,34.981,34.981,35.816,1,1.085,299.468,300.017,2,"Ich bin nicht besonders groß und wurde aufgrund dessen sehr oft wegen meiner geringen Größe mit blöden Bemerkungen bedacht. Meistens von großen Menschen, die meistens in Gruppen unterwegs waren. Es ging dabei nie um Bedrohung sondern um das sich lächerlich machen um selbst besser da zu stehen. Zum Beispiel setzten sich ältere Schüler gezielt im Bus mit mehreren neben mich und machten dann Witze über mich. Ich habe immer versucht das zu ignorieren oder später adäquat darauf zu reagieren",1992-2001,61,4,3,3,3,7,4,4,2,5,75.893,75.893,83.472,1,2.279,288.21,300.016,9,"Ich habe herausgefunden dass mein Mann mich betrügt. Ich hatte schon eine Ahnung und habe dann, einem Impuls folgend, seine Tasche durchsucht. Dabei habe ich Bilder, Briefe, Karten, Kondome gefunden. Es wurde mir klar, dass er mich schon sehr lange belügt und betrügt. Es war wie in ein riesiges Loch zu fallen und ich wusste tatsächlich gar nicht, was ich fühlen soll oder kann. Es war wie ein Vakuum an Gefühlen. Und ein Krampf im Bauch und Kopf gleichzeitig.",5,5,5,5,5,Januar 2023,57,6,7,1,7,7,7,11,4,3,2,0,1,2,0,0,2,0,2,1,2,0,1,0,1,1,2,1,1,0,1,0,1,0,2,1,0,3,1,1,2,3,1,1,1,2,2,3,2,1,1,4,4,3,3,3,3,4,3,3,3,3,6,6,2,6,"2,3",3,3,3,6,6,2,"1,2,3",3,"2,3",6,"1,2,3",13,2.237,23.521,120.014,4,Pfirsich Pfeife Peitsche Paprika Papier positiv passiv passiert Prämie Pflaume Pflanze Perle Pergament Plastik Paletten perfekt pingelig plus Präsentation Po P,2.633,2.633,120.006,1,Hund Katze Maus Huhn Pferd Hamster Pony Ratte Schmetterling Biene Ziege Kuh Elefant Giraffe Löwe Affe Vogel Nilpferd Schaf Kaninchen Hase Tiger Gepard Wolf Gazelle Krokodil Schlange Lama,43,2,4,6,4,1,,81,19,,19,0,1,79,2.74,25.09,95.6,3.35,11.29,13.92,89.87,62.03,20.25,15.19,11.39,0,0,0,0,0,3.8,3.8,0,6.33,6.33,6.33,12.66,5.06,13.92,1.27,17.72,8.86,3.8,3.8,0,1.27,3.8,1.27,2.53,0,0,0,10.13,1.27,0,0,2.53,21.52,6.33,2.53,1.27,2.53,6.33,3.8,2.53,1.27,0,1.27,5.06,3.8,1.27,1.27,0,7.59,1.27,5.06,1.27,0,0,7.59,8.86,0,13.92,1.27,7.59,6.33,0,0,0,0,0,0,1.27,0,0,0,0,0,17.72,8.86,8.86,0,0,0,0,0,0,0,0,0,0
2025-01-16 12:37:56,2025-01-16 13:37:35,0,100,3578,1,2025-01-16 13:37:36,R_8I4tQBDgKSsmIJf,anonymous,EN,4,RE,KI,3,6,1,1,,1,0,0,5.518,0,0.555,273.92,300.012,3,"In meinem ersten Studium habe ich im dritten Semester durch einen technischen Fehler keine Klausuren anmelden können. 
Da meine Familie sehr darauf bedacht war, dass ich dieses Studium durchziehe, war mir klar, dass das eindeutig negative Konsequenzen auf mein familiäres Umfeld haben würde.
Da ich das gesamte Semester allerdings schon mit gesundheitlichen Problemen (physisch und psychisch) zu kämpfen hatte, war ich nach einigen Tagen darüber hinweg und entschied mich, dass meine Gesundheit für mich mehr Priorität haben sollte, als die Einstellung meiner Familie zu mir. 
An dem Tag, an dem es jedoch auffiel, fiel für mich erst einmal eine Welt zusammen. Ich konnte die gesamte Nacht nicht schlafen, war tatsächlich 48 Stunden wach, weil ich einfach nicht mit der Enttäuschung klarkam.
Die Enttäuschung, dass ich ein Studium, welches ich eh nicht mochte, nicht als meine Priorität angesehen hatte. In den Augen meiner Familie zumindest.",13.12.2023,52,4,4,2,3,1,4,10,6,5,0,0,1.182,0,4.28,223.69,300.015,3,"Der Tag an dem meine Eltern sich getrennt haben:
Wir kamen gerade aus dem Urlaub zurück. Wir sind nie als eine Familie in den Urlaub gefahren. Es war entweder meine Mutter und ich oder mein Vater und ich. 
Ich erinnere mich nicht mehr, mit wem ich gefahren bin. 
Auf jeden Fall kamen wir gerade aus dem Urlaub und meine Mutter hatte die Post geöffnet. Firmenpost, weil die beiden zusammen arbeiteten. Mein Vater wurde geblitzt. Neben ihm eine andere Frau im Auto. 
Er hat nicht einmal versucht es abzustreiten. Die beiden haben sich angeschrien unten, während ich in meinem Zimmer oben meine Sachen auspackte. Dann kam mein Vater hoch und hat es mir erklärt. Er habe seit vier Monaten eine neue Freundin und wird jetzt zu ihr ziehen. Dann hat er seine Sachen gepackt und ist gegangen. 
Er hat mir immer gesagt, es sei nicht meine Schuld. Das hätte ich auch nie geglaubt, bis er es gesagt hat. Was hatte ich denn mit der Beziehung meiner Eltern zu tun? Nichts.",29.08.2020,100,1,1,4,2,1,3,10,1,7,0,0,378.925,0,0.598,0.598,300.109,1,"Ich weiß nicht, ob es ein Ereignis gibt, was für mich am schlimmsten war. 
Für mich war die Erkenntnis am schlimmsten, dass niemand sich wirklich für mich interessiert.

Ich habe eine chronische Krankheit, wurde jedoch von meiner Ärztin nie wirklich ernst genommen. Einmal verschrieb sie mir ein pflanzliches Präparat. Dies sorgte jedoch dafür, dass ich noch schwerere Beschwerden hatte und blutete wie ein Schwein. Ich nahm es also natürlich nicht noch einmal. Dafür machte sie mir jedoch solche Vorwürfe, dass ich heulend aus der Arztpraxis ging. 

Da mir jedoch erstmal keine andere Option blieb, ging ich noch einige Male in diese Praxis. Immer mit dem gleichen Ergebnis: nicht gehört zu werden.",1,4,1,1,5,Seit meinem 14. Lebensjahr,0,6,5,1,6,6,4,11,1,3,4,4,4,4,4,4,4,1,4,4,4,4,4,4,4,4,4,4,4,4,3,1,3,3,3,3,2,3,3,3,3,3,3,3,3,3,3,3,3,3,3,3,3,3,2,1,1,1,1,2,2,1,1,3,1,3,3,3,1,1,6,6,2,2,6,6,2,1,17,0.925,70.815,120.014,3,"Parkplatz
Penis
Puppe
Pelikan
Pinguin
Pferd
Polizei
Pfeffer
Plausibel
Pech
Portrait
Peinlich",0.764,0.764,120.007,1,"Pferd
Hund
Katze
Maus
Vogel
Fisch
Affe
Wal
Schildkröte
Echse
Ratte
Delphin
Motte
Fledermaus
Flughund
Hyäne
Löwe
Tiger
Esel
Schnecke",21,2,4,4,5,1,,156,77,15472,77,1,1,111,6.56,3.14,99,1,12.33,22.52,91.89,63.06,21.62,14.41,11.71,0,0,0,0,0,1.8,1.8,1.8,7.21,8.11,11.71,9.01,8.11,13.51,4.5,18.92,7.21,4.5,2.7,0,0.9,7.21,0.9,6.31,0.9,1.8,3.6,8.11,0,0,0,0,24.32,4.5,4.5,0,1.8,5.41,10.81,0.9,0,0,0.9,4.5,0,3.6,0,0,5.41,0,2.7,0.9,0,1.8,9.91,3.6,0.9,18.02,4.5,5.41,9.91,3.6,0,0,0,0,0,0.9,0,0,0,0,0,15.32,8.11,6.31,0.9,0,0,0,0,0,0,0,0,0
2025-01-16 13:33:37,2025-01-16 14:13:52,0,100,2415,1,2025-01-16 14:13:52,R_2OHJ7TnD2r7HIhF,anonymous,EN,4,UR,FL,3,10,1,1,,1,3.573,3.917,7.98,2,0.674,247.048,300.008,3,"Im Sporttraining lief es richtig schlecht. Voher schlecht geschlafen, wenig Zeit zum essen gehabt. Stimmung war voher auch schon schlecht, da ein Uni Kurs wieder nur auswendig lernen war. So konnte der Sport kein Ausgleich sein, als was er gedacht war.",02.01.2025,70,2,4,3,3,1,4,3,6,6,1.245,1.471,4.08,2,0.916,0.916,300.107,1,"Mein kleiner Bruder hat sich erhängt. Es gibt dazu eigentlich nicht viel zu schreiben. Er wurde von anderen gefunden, es war nicht absehbar, keine vorgeschichte mit Depression etc. Die Beerdigung war mit den wundmalen sehr einprägend. Den kleineren Geschwistern die Situation zu erklären hat es nicht einfacher gemacht.",jan.2019,5,6,7,7,4,7,4,9,2,6,0,0,3.824,0,0.829,238.848,300.085,11,"Todder Mutter kurz nach dem Tod des Bruders. Krebs erkrankung verbunden mit sehr schlimmem Verlauf und schmerzerleben. Trotz Morphin musste sie vor Schmerzen Nachts schreien. Fühlt sich nicht gut an wenn  das beste dass der eigenen Mutter passieren kann, der Tod ist.",1,5,5,5,7,2023,22,7,7,1,3,7,2,4,3,4,3,3,3,2,3,2,4,3,3,2,2,3,3,4,2,3,3,2,3,2,1,1,1,2,1,2,2,2,2,1,1,2,1,2,2,1,1,2,1,1,2,2,2,3,2,3,3,2,2,2,2,5,5,5,5,5,1,6,1,5,6,6,1,1,1,1,6,1,14,1.022,1.022,120.109,1,"Polizei, Pfanne, Pizza, Penne, Pornographie, Pelz, Pasabel, Passung, Panzer, Pforte, Pinguin",0.537,1.355,120.108,2,"Igel, Katze, Hund, Delphin, Wal, Pinguin, Zebra, Giraffffe, Löwe, Leopard, Tiger, Antilope, Ziege, Huhn, Hahn, Maus, Ratte, Maulwurf, Hamster, Taube, Adler, Papagei, Amsel, Spatz, Störr, Aal, Seeanemone, Elster, Jaguar, Elefant, Esel, Pferd, Eule,",33,1,4,5,6,1,,109,55,14596,55,1,1,42,80.04,61.77,1,1,10.5,26.19,88.1,50,7.14,4.76,0,0,0,0,0,0,2.38,2.38,2.38,0,11.9,11.9,11.9,7.14,11.9,2.38,16.67,11.9,2.38,0,0,2.38,21.43,7.14,14.29,0,0,4.76,14.29,4.76,0,4.76,2.38,19.05,2.38,0,9.52,2.38,4.76,7.14,4.76,0,2.38,2.38,9.52,4.76,7.14,0,0,14.29,7.14,7.14,0,2.38,0,2.38,7.14,0,11.9,0,9.52,7.14,0,0,0,0,0,4.76,2.38,0,0,0,0,0,11.9,9.52,2.38,0,0,0,0,0,0,0,0,0,0
2025-01-09 18:38:11,2025-01-09 18:40:49,0,15,158,0,2025-01-16 18:40:56,R_83ByAhPEKc9RDsO,anonymous,EN,4,Mi,Ch,31,4,1,1,,1,,,,,,,,,,,,,,,,,,,,,,,,,,,,,,,,,,,,,,,,,,,,,,,,,,,,,,,,,,,,,,,,,,,,,,,,,,,,,,,,,,,,,,,,,,,,,,,,,,,,,,,,,,,,,,,,,,,,,,,,,,,,,,,,,,,,,,,,,,,,,,,,,,,,,,,,0,0,,,,1,0,,,,,,,,,,,,,,,,,,,,,,,,,,,,,,,,,,,,,,,,,,,,,,,,,,,,,,,,,,,,,,,,,,,,,,,,,,,,,,,,,,,,,,,,,,,,,,,,,
2025-01-09 18:42:09,2025-01-09 18:43:07,0,2,58,0,2025-01-16 18:43:11,R_8fCiUPuwiVlwmvB,anonymous,EN,4,,,,,,,,,,,,,,,,,,,,,,,,,,,,,,,,,,,,,,,,,,,,,,,,,,,,,,,,,,,,,,,,,,,,,,,,,,,,,,,,,,,,,,,,,,,,,,,,,,,,,,,,,,,,,,,,,,,,,,,,,,,,,,,,,,,,,,,,,,,,,,,,,,,,,,,,,,,,,,,,0,0,,,,1,0,,,,,,,,,,,,,,,,,,,,,,,,,,,,,,,,,,,,,,,,,,,,,,,,,,,,,,,,,,,,,,,,,,,,,,,,,,,,,,,,,,,,,,,,,,,,,,,,,
2025-01-09 20:21:07,2025-01-09 20:21:20,0,1,13,0,2025-01-16 20:21:22,R_200guQ5nwlkAggb,anonymous,EN,,,,,,,,,,,,,,,,,,,,,,,,,,,,,,,,,,,,,,,,,,,,,,,,,,,,,,,,,,,,,,,,,,,,,,,,,,,,,,,,,,,,,,,,,,,,,,,,,,,,,,,,,,,,,,,,,,,,,,,,,,,,,,,,,,,,,,,,,,,,,,,,,,,,,,,,,,,,,,,,,0,0,,,,1,0,,,,,,,,,,,,,,,,,,,,,,,,,,,,,,,,,,,,,,,,,,,,,,,,,,,,,,,,,,,,,,,,,,,,,,,,,,,,,,,,,,,,,,,,,,,,,,,,,
2025-01-09 20:29:54,2025-01-09 20:32:22,0,19,147,0,2025-01-16 20:32:23,R_86gNDq7V1CpEQCZ,anonymous,EN,4,CH,SO,7,12,1,1,,1,,,,,,,,,,,,,,,,,,,,,0,0,1.037,0,,,,,,,,,,,,,,,,,,,,,,,,,,,,,,,,,,,,,,,,,,,,,,,,,,,,,,,,,,,,,,,,,,,,,,,,,,,,,,,,,,,,,,,,,,,,,,,,,,,,,,,,,,,,,,,,,,,,,,,,,,,,,,,,0,0,,,,1,0,,,,,,,,,,,,,,,,,,,,,,,,,,,,,,,,,,,,,,,,,,,,,,,,,,,,,,,,,,,,,,,,,,,,,,,,,,,,,,,,,,,,,,,,,,,,,,,,,
2025-01-09 20:53:40,2025-01-09 20:55:02,0,1,81,0,2025-01-16 20:55:06,R_8vccz8cXXqZhArI,anonymous,EN,,,,,,,,,,,,,,,,,,,,,,,,,,,,,,,,,,,,,,,,,,,,,,,,,,,,,,,,,,,,,,,,,,,,,,,,,,,,,,,,,,,,,,,,,,,,,,,,,,,,,,,,,,,,,,,,,,,,,,,,,,,,,,,,,,,,,,,,,,,,,,,,,,,,,,,,,,,,,,,,,0,0,,,,1,0,,,,,,,,,,,,,,,,,,,,,,,,,,,,,,,,,,,,,,,,,,,,,,,,,,,,,,,,,,,,,,,,,,,,,,,,,,,,,,,,,,,,,,,,,,,,,,,,,
2025-01-17 10:43:38,2025-01-17 11:28:10,0,100,2672,1,2025-01-17 11:28:11,R_8EuZhBJvxxjGJlY,anonymous,EN,4,VE,DA,21,10,1,1,,1,0,0,1.279,0,4.541,250.95,300.068,24,"Als 8 jähriges Kind bin ich in einer Sprachschule in Südkorea gewesen. Am Wochenende hat unsere Gruppe das Camp verlassen und ist nach Seol gefahren, um die Hauptstadt kennenzulernen und die freie von Unterrichten Zeit zu genießen. 
Wie waren eines Tages in Disney, in einem Merch Laden und meine Gruppe (Lehrer und andere Kindern) haben mich vergessen.","2011, Sommer",69,5,6,7,5,2,5,3,7,6,0,0,5.755,0,0.9,254.932,300.089,23,"Nun ich habe den Studiengang gewechselt, in Richtung Psychologie. Es hat 2 Jahre gedauert, zu verstehen und die Kräfte plus Mutigkeit zu finden, bis ich mich um Psychologie beworben habe und nach Bochum umgezogen bin. Ich war gleichzeitig aufgeregt, neugierig und nervös. Das war und bleibt Anfang neuer Phase meines Lebens.",2024 Herbst,28,7,7,5,7,7,2,11,7,4,0,0,4.277,0,1.365,291.428,300.108,8,"Ich war mit meiner jungeren Schwester in einem Park mit Labyrinth und meine Schwester ist von mir wegen Spaß geflüchtet und ich habe sie für kürze Zeit verloren. Ich habe ihren Namen angeschrien und aufgerufen. Es brachte nichts. Ich habe jede Ecke des Labyrinth durchgesucht und zum Glück und beiderseitiger Erleichterung gefunden. Sie war selbst erschrocken in dem Moment. 

P.s wie beide waren Kindern und allein da",3,5,5,5,5,2016,70,7,7,1,5,4,5,11,7,3,1,3,1,2,1,3,1,3,2,3,2,4,1,4,3,1,3,1,4,2,1,2,1,2,1,2,0,2,1,3,1,3,1,2,1,2,3,1,2,2,0,2,3,1,3,3,1,3,1,4,2,6,6,6,"5,6",6,6,6,6,6,6,6,5,5,6,6,6,6,13,3.8,112.632,120.123,9,Pony Pfeffer Pfeil Pflane Plastik Psychologie Perspektive Person Plan Produkt,2.172,119.019,120.009,2,Affe Hund Katze Vögel Wale Delphin Bär Robbe Hirsch Hamster Meeresschwein Kuh Schaf Schwein Truhhahn,22,2,4,5,5,1,,101,45,16141,45,1,1,68,16.39,68.95,24.1,17.39,11.33,23.53,85.29,57.35,19.12,16.18,10.29,0,0,0,0,0,5.88,5.88,4.41,4.41,4.41,11.76,13.24,0,14.71,1.47,20.59,1.47,1.47,1.47,0,4.41,8.82,4.41,4.41,1.47,0,2.94,20.59,4.41,2.94,2.94,0,11.76,2.94,2.94,1.47,2.94,2.94,0,1.47,0,1.47,0,1.47,0,0,0,0,10.29,2.94,4.41,0,2.94,0,10.29,5.88,0,13.24,1.47,8.82,2.94,0,2.94,0,0,0,0,0,0,0,0,0,0,8.82,8.82,0,0,0,0,0,0,0,0,0,0,0
2025-01-10 18:58:18,2025-01-10 19:05:15,0,15,417,0,2025-01-17 19:05:17,R_8JCTDuHZj8E1E2S,anonymous,EN,4,Em,Ha,24,8,1,3,1,1,,,,,,,,,,,,,,,,,,,,,,,,,,,,,,,,,,,,,,,,,,,,,,,,,,,,,,,,,,,,,,,,,,,,,,,,,,,,,,,,,,,,,,,,,,,,,,,,,,,,,,,,,,,,,,,,,,,,,,,,,,,,,,,,,,,,,,,,,,,,,,,,,,,,,,,,0,0,17194,,,1,0,,,,,,,,,,,,,,,,,,,,,,,,,,,,,,,,,,,,,,,,,,,,,,,,,,,,,,,,,,,,,,,,,,,,,,,,,,,,,,,,,,,,,,,,,,,,,,,,,
2025-01-17 21:35:53,2025-01-17 22:15:18,0,100,2365,1,2025-01-17 22:15:19,R_2C3jRGCfFzZgn2U,anonymous,EN,4,RO,TH,31,3,1,1,,1,0,0,7.292,0,0.544,209.813,300.117,9,"Als ich erfahren habe, dass sich mein bester Freund das Leben nehmen wollte und dann in einer Einrichtung war. Ich sagte meiner Mutter, dass es mir nicht gut geht. Sie erwiderte ""Spinnst du jetzt auch schon, hast du dir dass von X abgeschaut""?. Ich habe ihn dann sehr häufig besucht und wir haben geredet. Über das Leben, was vorgefallen ist, wie es uns beiden geht. Immer nur zu Besuchszeiten kommen zu dürfen. Die Menschen dort, sichtbare Selbstverletzung, die Krankenhausatmosphäre, die schöne Gartenanlage. Ich hatte irgendwie keine Sorgen, dass er sich noch einmal etwas antun will. Nur dass ich mit ihm Zeit verbringen möchte. Und das haben wir 2,3x in der Woche, obwohl ich immer über eine halbe Stunde hinfahren musste. Das hat uns noch fester zusammengebracht. Leider hat er vor einiger Zeit den Kontakt abgebrochen. Damals, war ich froh ihn zu",2016,18,7,6,2,7,7,7,8,4,5,0,0,18.229,0,1.014,116.658,300.012,5,"Die Busfahrten in die Schule morgens. Ich war immer noch leicht verschlafen, hab meinen Nachbarn abgeholt und wir sind zusammen zum Bus gelaufen, ich war 12 oder 13. Bei uns kam immer ein Taxi, weil wir auf dem Dorf leben und die Menge an Kindern nicht ausgereicht hat. Wir mussten einmal umsteigen. Im Winter immer wenn es Kalt war, das Gefühl und der typische Busgeruch. Ich hatte Musik in den Ohren, viel zu laut und war froh, dass ich morgens noch ein bisschen entspannen konnte. Ich war immer etwas aufgeregt, mein Magen war gestresst morgens, aber das war okay, denn ich kenne es nicht anders. Meine Gedanken kreisten immer ein bisschen zwischen Musik und der Hoffnung, keinen der Mobber an den Bushaltestellen zur Schule zu begegnen. Die letzten Meter und dann in die Schule, Ich hatte einen guten Freund, mit dem ich morgens immer quatsch machen konnte. Ich würde das als neutrale Erinnerung einstufen, kom",2010,50,7,4,4,5,2,7,11,2,6,0,0,30.352,0,0.825,65.212,300.066,5,"Die Tage, an denen ich von einem Elternteil geschlagen wurde. Ich war vielleicht 10, das war ein Zeitraum. Beim Abendessen. Ich weiß noch genau, ich hatte ein Brötchen mit Nutella und hab eigentlich nur ein bisschen Quatsch gemacht. Mein Vater meinte zu mir, ich ""fress wie ein Schwein"", als ich erwiderte ""du auch"", Stand er auf, ich wusste schon was passiert legte mich auf die Bank und hab die Hände über meinen Kopf. Er schlug mit der flachen Hand immer wieder zu, meine Arme waren rot und ich bin kurz darauf in mein Zimmer gerannt und hab geweint. Alle waren nur da gesessen und haben nichts gesagt oder gemacht. Es ""hat dir nichts geschadet"". Wegen Kleinigkeiten, direkt ausrasten, man konnte schon sehen dass gleich etwas passiert. erst als",5,5,1,5,7,2008,20,7,6,1,7,7,7,3,4,5,0,0,1,0,0,0,0,0,0,1,0,0,1,1,1,0,1,1,0,0,0,0,1,1,1,0,0,0,0,0,0,0,0,0,0,0,0,1,1,0,0,4,3,3,3,4,4,4,4,3,3,6,4,"1,2",3,4,"1,2,3,4",6,6,1,6,6,"2,3","2,3",3,3,5,6,6,0.969,0.969,120.011,1,"Programm, Prokrastinieren, Peinlich, Prediger, Prüde, Protest, Preis, Prämisse, Post, Politik, Passiert, Perferkt, Podest, Pfeffer, Pfeife, Pfosten, Pferd, Prämie, P",1.207,1.207,120.035,1,"Hund, Katze Maus Pferd Kaninchen Meerschweinchen Taube Rotkehlchen Blaumeise Specht Goldammer Hamster Amsel Fuchs Schwein Wildschwein Reh Hirsch Maus Hühner Wachteln Mader Dachs Bieber",28,1,4,7,3,1,,47,7,8209,7,0,1,128,11.27,28.77,99,1,12.8,17.97,92.19,62.5,20.31,14.84,10.94,0,1.56,1.56,0,0,2.34,2.34,0,4.69,7.81,11.72,11.72,7.81,12.5,1.56,23.44,5.47,3.91,1.56,1.56,3.91,5.47,0.78,4.69,0,2.34,1.56,9.38,1.56,0,0,2.34,20.31,3.91,3.13,1.56,5.47,7.03,3.91,2.34,1.56,0.78,0,3.91,3.13,0,0,0.78,7.03,1.56,4.69,0.78,0,0,15.63,2.34,0,20.31,1.56,10.16,9.38,0.78,0,0.78,1.56,0,0,2.34,0,0,0.78,0,0,19.53,7.03,7.81,0,0,0,0,0,4.69,0,0,0,0
2025-01-11 12:51:55,2025-01-11 12:52:53,0,19,57,0,2025-01-18 12:52:54,R_8E6eoUyXbnEqnsw,anonymous,EN,4,Co,Pe,10,10,3,1,,1,,,,,,,,,,,,,,,,,,,,,0,0,0.716,0,,,,,,,,,,,,,,,,,,,,,,,,,,,,,,,,,,,,,,,,,,,,,,,,,,,,,,,,,,,,,,,,,,,,,,,,,,,,,,,,,,,,,,,,,,,,,,,,,,,,,,,,,,,,,,,,,,,,,,,,,,,,,,,,0,0,16144,,,1,0,,,,,,,,,,,,,,,,,,,,,,,,,,,,,,,,,,,,,,,,,,,,,,,,,,,,,,,,,,,,,,,,,,,,,,,,,,,,,,,,,,,,,,,,,,,,,,,,,
2025-01-18 22:06:29,2025-01-18 22:55:19,0,100,2929,1,2025-01-18 22:55:20,R_2OPGEUqB5hoaUwT,anonymous,EN,4,GU,KE,4,3,1,1,,1,0,0,4.333,0,3.301,84.846,300.005,5,"Als ich 7 Jahre alt war, weckte meine Mutter mich spätabends, weil wir aus dem Fenster Feuer sehen konnten. Meine Eltern gingen davon aus, das unser Krankenhaus, welches 3 Strassen weiter war, brannte... Kurze Zeit später kam eine Durchsage der Feuerwehr, das alle Bewohner sicherheitshalber die Häuser in der Umgebung verlassen mussten, wegen eventueller Gasexplosionsgefahr... Wir zogen uns schnell an, nahmen noch das Nötigste mit und verliessen das Haus...

Es war allerdings nicht das Krankenhaus, sondern ein Explosion eines Gastankers unter einer Bahnunterführung....

Wir konnten auch 1 Stunde später wieder ins Haus, aber","Als ich 7 Jahre alt war, das war 1981",82,7,6,2,4,3,5,11,3,4,0,0,46.233,0,5.806,266.829,300.109,7,,2024,20,1,1,4,1,1,1,6,1,7,0,0,13.958,0,2.745,2.745,300.11,1,"Ich war ungefähr 5 Jahre alt, als ich mit meinen Eltern auf der Autobahn in einen schweren Verkehrsunfall verwickelt wurde. Es handelte sich um eine Massenkarambolage,weil wohl jemand aus der Spur gefahren war und ein vorderes Auto gerammt wurde.

Ich war durch meinen Kindersitz aus Hartplastik geschützt, habe allerdings eine leichte Gehirnerschütterung erlitten. Meine Eltern blieben zum Glück auch unverletzt.

Allerdings ist der PKW vor uns mit voller Wucht in den Vordermann reingefahren und ich erinnere mich das der Vater und der kleine Sohn schwerverletzt auf der Fahrbahn lagen und blutüberströmt waren, weil sie nicht angeschnallt waren..

Alles war voller Blut und Scherben und es dauerte bis der Kra",5,5,2,5,6,"Als ich ungefähr 5 Jahre alt war, es muss 1979 gewesen sein",92,6,6,2,5,5,5,11,1,5,2,1,1,2,1,0,1,0,0,0,0,2,1,1,0,0,1,0,1,2,0,0,0,0,1,1,0,1,0,0,0,1,1,0,0,0,0,1,0,0,0,3,2,3,2,2,3,2,2,2,2,3,2,2,3,6,1,6,6,4,6,6,6,3,3,3,"3,6",3,3,2.916,89.652,120.008,9,"Post, Panik, Pauker, Pfeil, Panne, Pfanne, PKW, Papst, Paprika, P",2.266,2.266,120.006,1,"Hund, Katze, Maus, Papagei, Hase, Eule, Pferd, Krokodil, Fische, Spinne, Maulwurf, Ratte, Vögel, Meerschweinchen, Hamster, Igel, Rehe, Wildschwein, Löwen, Tiger, Elefant, Affen,",51,2,4,5,3,1,,45,16,,16,0,1,110,63.73,45.04,92.39,38.39,18.33,26.36,81.82,59.09,15.45,10,7.27,0.91,0,0,0,0,0.91,0.91,0.91,4.55,11.82,12.73,11.82,3.64,13.64,0.91,18.18,6.36,0.91,0,0.91,3.64,4.55,2.73,1.82,0,0,0.91,10,3.64,0,0,1.82,18.18,3.64,1.82,3.64,5.45,3.64,3.64,0.91,0,0,0.91,3.64,1.82,0.91,0,0,10,3.64,2.73,1.82,0.91,1.82,12.73,1.82,0,19.09,3.64,11.82,7.27,0,0.91,0,0.91,0,0,0,0,0,0,0,0,9.09,5.45,3.64,0,0,0,0,0,0,0,0,0,0
2025-01-12 10:48:58,2025-01-12 11:23:03,0,60,2044,0,2025-01-19 11:23:04,R_2j7kaQbIHaXHLvl,anonymous,EN,4,A,MA,15,5,1,3,1,1,0,0,1.27,0,2.935,2.935,300.011,1,keine vorhanden,nicht vorhanden,4,2,2,2,2,2,2,2,2,2,12.75,13.102,13.4,2,,,,,,,,,,,,,,,,,0,0,1.223,0,5.12,106.485,300.012,6,"Traumata im Kindesalter wegen verbaler Misshandlung meines ehemaligen Stiefvaters, zudem sehr häufige Konflikte in der Familie mit schreien, drohen und Gegenstände werfen und ausgeübte Kontrolle der Mutter gegenüber mir. Dadurch sind einige Ängste geblieben.",5,5,5,5,3,bereits beschrieben,19,2,2,3,3,2,3,4,3,3,,,,,,,,,,,,,,,,,,,,,,,,,,,,,,,,,,,,,,,,,,,,,,,,,,,,,,,,,,,,,,,,,,,,,,,,,,,,,,,,,,,,,,,0,0,17155,,,1,34,96.03,61.79,34.89,1,17,47.06,73.53,44.12,5.88,5.88,5.88,0,0,0,0,0,0,0,0,0,5.88,14.71,5.88,8.82,8.82,0,14.71,5.88,0,0,0,2.94,5.88,0,5.88,2.94,2.94,0,8.82,8.82,0,2.94,2.94,8.82,0,5.88,0,0,0,0,2.94,0,2.94,0,0,0,0,0,0,11.76,5.88,0,5.88,0,2.94,5.88,2.94,0,14.71,5.88,8.82,5.88,0,5.88,2.94,2.94,0,0,0,0,0,0,0,0,11.76,5.88,5.88,0,0,0,0,0,0,0,0,0,0
2025-01-19 12:52:19,2025-01-19 13:24:43,0,100,1943,1,2025-01-19 13:24:43,R_27s5GwUv6muEoAz,anonymous,EN,4,AL,LO,19,6,1,1,,1,0,0,1.981,0,1.138,207.936,300.015,26,"Negativ als ich, das erste Mal in der Vorklasse der FOS durchgefallen bin, ich wusste nicht, was die Zukunft ist, das Leben hat sich so leer angefüllt, ich wusste nicht, dass ich machen soll. Ich war einen sehr dunkeln Platz. Depressiv jeder hat sich von mir abgewandt, mit einem Blick das ich nicht Gut bin wie Sie es alles gesagt habe. Das Negative ist, zu dem Zeitpunkt wusste ich nicht, wie dunkel mein Leben ist. Dass das Leben schön ist, aber man muss dafür kämpfen. Der Planet ist ein Arbeitsplanet.",Einsam,97,7,7,1,1,7,7,11,7,7,0,0,10.86,0,1.374,177.825,300.12,24,"Der Tod meiner Oma wie gebrochen meine Mutter war, und man sieht wie eine starke Person einfach zusammenbricht und nicht mehr tun kann als weinen.

Diesen Schmerz zusehen tut als Kind besonders weh, vor allem wenn deine Oma in einem anderen Kontinent ist und sie nicht auf die Beererdiung gehen kann.

Da hab ich entschieden so viel Geld zu verdienen, dass Blockaden keine Option mehr sind. Den Schmerz eines geliebten Menschen zusehen tut mehr weh als der eigene.

Ein Schmerz wo man nicht helfen kann, aber den jeden trifft.",Hart aber Real,2,7,7,1,7,7,7,1,1,4,0,0,4.646,0,1.398,214.949,300.019,30,"Mein Autounfall mit 9.
Ich musste wieder laufen lernen und war 3 Tage bewusstlos
Ich konnte mich an nichts mehr erinnern, nicht mal wer meine Familie war.
Ich musste die dritte Klasse wiederholen und wurde in die zweite Klasse geschickt.
Komischerweise habe ich mir einen Knochen gebrochen.
Aber jetzt kann man linkes beim nicht mehr richtig Muskelnaufbauen wie mein rechtes.
Aber ich habe eine Taktik, entwickelt, um trotzdem der Stärkste zu sein.",5,5,1,3,1,Ungefähr 2005,100,7,1,1,1,1,7,6,7,7,0,3,4,4,4,4,3,0,1,4,4,4,4,4,4,0,4,0,4,4,1,1,1,0,3,3,0,3,3,3,3,3,3,3,0,3,1,3,0,0,2,4,4,4,4,4,4,4,4,4,4,1,6,1,1,1,1,6,3,3,6,6,1,1,6,6,1,1,8,1.407,110.229,120.015,6,"Prinzessin , Penis, Paraguay, Poltik,Polen, Plastik ,Polizei. Polarisieren,
Plankton, Payment, Paypal,Paysafecard, Pakistan, Pakour , Pilot, Pflanzen, Pferde.Psychophat",1.34,19.133,120.007,3,"Hund Katze Pferd Delfphin Giraffe Zebra Hai Huhn Tiger Löwe Affe Krebs Skorpion , Fisch All Zecke , Parasiten ,  Kangaroo , Goldfisch , Panda , Wolf , Bär , gepard , Maus Ratte Büffel",27,1,4,11,4,1,,138,59,17437,59,1,1,72,1.98,3.39,97.94,97.76,12,20.83,93.06,61.11,19.44,15.28,13.89,0,0,0,0,0,1.39,1.39,0,4.17,6.94,8.33,18.06,2.78,12.5,4.17,23.61,5.56,5.56,2.78,5.56,4.17,4.17,4.17,0,0,0,0,5.56,1.39,0,0,0,25,5.56,1.39,6.94,1.39,9.72,6.94,0,0,0,0,4.17,2.78,0,0,0,8.33,1.39,4.17,4.17,0,0,9.72,5.56,0,13.89,2.78,4.17,6.94,6.94,2.78,1.39,0,0,0,4.17,0,0,4.17,0,0,12.5,8.33,4.17,0,0,0,0,0,0,0,0,0,0
2025-01-21 13:18:29,2025-01-21 14:15:47,0,100,3437,1,2025-01-21 14:15:48,R_8e9FVcbKCyubHTz,anonymous,EN,4,IM,NA,9,10,1,1,,1,0,0,1.245,0,1.038,1.038,399.649,1,"Vor einiger Zeit sagte eine Freundin kurzfristig unser Treffen ab, nur um später mit anderen unterwegs zu sein. Ich fühlte mich enttäuscht und fragte mich, ob ich ihr nicht wichtig genug sei. Die Stille zu Hause verstärkte das Gefühl von Abweisung. Später wurde mir klar, dass es wohl mehr mit ihr als mit mir zu tun hatte.",10.1.2024,93,1,2,4,3,2,2,11,2,7,0,0,1.089,0,1.544,1.544,300.064,1,"Vor etwa einem Jahr war ich mit Freunden in einem kleinen Café. Wir saßen zusammen, redeten über Arbeit, Urlaubspläne und Alltägliches. Es war nichts Besonderes, einfach ein entspannter Abend. Ich fühlte mich wohl, obwohl ich etwas müde war, und genoss die Gesellschaft. Im Hintergrund lief leise Jazzmusik, es roch nach Kaffee, und die Atmosphäre war gemütlich. Alles war angenehm, aber auch recht unspektakulär – ein typischer Abend unter Freunden.",12.12.24,41,3,2,5,2,3,2,11,6,7,0,0,2.819,0,0.501,0.501,411.91,1,"Vor ein paar Jahren hatte ich ein Erlebnis, das mich lange begleitet hat. Ich war in einen Autounfall verwickelt, der unerwartet und heftig war. Obwohl ich körperlich nur leichte Verletzungen hatte, hat mich das psychisch stark getroffen. Wochenlang konnte ich nicht richtig schlafen, weil die Bilder des Unfalls immer wieder vor meinem inneren Auge abliefen. Ich war extrem schreckhaft, vor allem in der Nähe von Autos, und hatte das Gefühl, keine Kontrolle mehr über meine Reaktionen zu haben. Es hat eine Weile gedauert, bis ich mich wieder sicher gefühlt habe, vor allem durch Gespräche mit Freunden und später durch Unterstützung in der Therapie. Heute bin ich vorsichtiger, aber ich kann wieder normal mit solchen Situationen umgehen.",5,1,1,5,7,23.5.2020,70,6,7,1,3,6,5,11,2,4,1,0,0,2,0,0,0,0,0,0,0,0,0,0,0,0,0,0,0,0,0,1,0,0,0,0,0,0,1,0,0,0,1,0,0,1,1,0,1,0,1,1,2,1,1,1,1,2,2,1,1,1,6,1,6,6,1,6,1,1,6,6,6,5,6,6,6,1,3,4.791,4.791,120.009,1,"Pups, Perspektive, Person, Pronomen, Pause, Parkbank, Parkplatz, Pudding, Pimmel, Punkt, Pinkeln, Pulover, Pusteblume, Pudel, Puschel, Plump, Pleiße, Plunderstück, Privat, Persönlich, Persönlichkeit, Psychodynamik, P",0.689,82.105,120.011,3,"Hund, Katze, Fisch, Maus, Ratte, Hamster, Stinktier, Löwe, Giraffe, Schlange, Elefant, Gazelle, Tiger, Leopard, Affe, Gorilla, Nashorn, Storch, Flamingo, Fuchs, Wildschwein, Schaf, Wolf, Ziege, Büffel, Panda, Braunbär, Eisbär, Hai, Delfin, Huhn, Kuh, Schwein, Schildkröte, Wachtel, Pi",22,2,4,5,5,1,,23,3,17473,3,0,1,116,49.03,19.78,99,93.35,16.57,25,93.1,57.76,18.1,11.21,11.21,0,0,0,0,0,0,0,0,4.31,10.34,12.93,14.66,2.59,10.34,1.72,18.97,9.48,1.72,0,0,4.31,6.9,5.17,1.72,0,0.86,0,6.03,0,1.72,0,0,18.1,2.59,2.59,0.86,0.86,6.9,2.59,4.31,1.72,0.86,1.72,5.17,3.45,2.59,0,0,9.48,1.72,4.31,1.72,0,1.72,8.62,6.03,0.86,24.14,1.72,13.79,13.79,0.86,1.72,0,0.86,0,0,0.86,0,0,0.86,0,0,14.66,6.03,8.62,0,0,0,0,0,0,0,0,0,0
2025-01-15 10:05:32,2025-01-15 10:13:56,0,2,504,0,2025-01-22 10:14:01,R_8ZuwJvG87B6IaWZ,anonymous,EN,4,,,,,,,,,,,,,,,,,,,,,,,,,,,,,,,,,,,,,,,,,,,,,,,,,,,,,,,,,,,,,,,,,,,,,,,,,,,,,,,,,,,,,,,,,,,,,,,,,,,,,,,,,,,,,,,,,,,,,,,,,,,,,,,,,,,,,,,,,,,,,,,,,,,,,,,,,,,,,,,,0,0,,,,1,0,,,,,,,,,,,,,,,,,,,,,,,,,,,,,,,,,,,,,,,,,,,,,,,,,,,,,,,,,,,,,,,,,,,,,,,,,,,,,,,,,,,,,,,,,,,,,,,,,
2025-01-22 15:25:32,2025-01-22 16:10:13,0,100,2681,1,2025-01-22 16:10:14,R_8F6dPacOkjZCUTv,anonymous,EN,4,MA,JU,9,2,1,1,,1,0,0,33.607,0,0.512,286.204,300.015,9,"Letztes Jahr wurde ich mit dem Auto von der Polizei angehalten, weil ich zu schnell in eine Blitzerfalle fuhr. Das geschah auf dem Rückweg von meiner Theaterprobe, ich nahm 4 Leute danach mit im Auto zum Bahnhof. Mein Auto war damit voll besetzt und eng. Die Straße wurde vor kurzem erst von 50 auf 30er-Zone geändert und ich hatte das noch nicht verinnerlicht. Der Beamte kontrollierte meine Papiere und konfrontierte mich mit der Bußgeldzahlung. Ich bezahlte die Strafe in dem Moment direkt beim Beamten und durfte weiterfahren. Wir lachten danach noch über die  Ich wurde vorher noch nie direkt angehalten und empfand das als Eindringen in meinen persönlichen safe space. Ich hatte danach Herzrasen und auch Tage später noch ein ungutes Gefühl beim Autofahren.",Herbst 2024,28,4,6,6,5,4,6,8,6,6,0,0,17.723,0,1.6,274.165,300.141,6,"Ich bin im vergangenen Jahr Zeuge eines Beinaheunfalls eines Fahrradfahrers gewesen. Ich selbst bin in meinem Auto alleine gefahren und der Fahrradfaher vor mir auf einer vielbefahrenen Straße in der Stadt. Ein weißer Van parkte am Straßenrand aus einer Parklücke aus, sah den Radfahrer nicht und der Fahrradfahrer musste ausweichen um nicht angefahren zu werden, geriet dabei aus dem Gleichgewicht und fiel hin. Ich hielt an und erkundigte mich ob es ihm gut gehe. Er war unversehrt und nur etwas geschockt. Der Vanfahrer sah seine Schuld überhaupt nicht ein und steig wieder ins Auto. Ich gab dem Radfahrer meine Nummer, für den Fall dass er Anzeige erstatten wollte, als Zeuge. Er schob das Fahrrad nach Hause und ich stieg wieder ins Auto ein und fuhr weiter.",Sommer 2024,30,4,4,3,5,1,6,5,6,4,0,0,3.512,0,0.602,63.056,300.015,3,"Als Kind sind meine Mutter und ich in Rumänien bei meinen Großeltern im Urlaub gewesen, eine Freundin aus Deutschland war mit zu Besuch. Wir sind an dem Tag zu einem Baggersee gefahren und als wir nachmittags wieder nach Hause fahren wollten, ist mein Opa auf dem Parkplatz beim Ausparken leicht an ein anderes Auto gekommen. Die dazugehörige Frau stand daneben, mein Opa ist ausgestiegen, beide guckten kurz ob ein Schaden sichtbar war. Da dies nicht der Fall war stieg er wieder ein und wollte fahren. Der Mann, dem das Auto gehörte kam von Weitem hinter uns hergelaufen und schrie dass wir anhalten sollten. Als mein Opa dies nicht tat, da für ihn ja alles geklärt war, nahm der Mann im Laufen eine Hand voll Kies, mit dem der Parkplatz bedeckt war und warf es in die Scheibe des Rücksitzfensters, wo meine Mutter, meine Freundin und ich saßen. Wir stiegen aus und ich schrie wie am Spieß, ich hatte überall Scherben und Blut an mir. Schlimmeres war keinem von uns passiert, aber wir mussten danahc noch zur Poliz",5,5,5,5,3,"Als kleines Kind, etwa so 9 Jahre alt, also vor ca 19 Jahren",95,6,6,1,6,4,5,2,2,5,0,0,0,1,0,0,0,0,0,1,0,0,0,0,0,0,0,2,1,0,1,0,0,0,1,1,0,2,1,2,1,0,2,0,1,1,1,1,0,2,0,3,3,3,1,1,1,3,3,2,3,6,6,"2,4","1,4",6,"1,3,4",6,6,6,6,6,"2,3,4","2,3,4",4,"3,4",6,1,6,1.151,1.151,120.011,1,"Polizist, Protein, Pilz, Pension, Profi, Pilates, Pfannkuchen, Pferd, Pinscher, Planet, Patent, Pfirsich, Pflaume, Pyramide, Pyjama, Pansen, Pinguin, Pegel, Projekt, Pilot, Pflanze, Pfarrer, Pinte, Plasma,",1.117,1.117,120.006,1,"Hund, Katze, Maus, Kaninchen, Ratte, Ameise, Braunbär, Eisbär, Pferd, Pinguin, Panther, jaguar, Leopard, Gepard, elefant, meise, Uhu, eule, Amsel, Drossel, Fink, Star, Kuckuck, Papagei, Kackadu, Lachs, Forelle, Tunfisch, Wal, Delfin, Chinchilla, Lama, Alpaka, Kuh, Schwein, Esel, Regenwurm, Fleige, Mücke, Löwe, Tiger, Kamel, Dromedar, NAshorn, Nilpferd,",27,2,4,7,8,1,,45,5,,5,0,1,177,73.03,60.33,99,1,22.13,19.77,85.88,61.58,16.38,12.43,6.78,3.95,0,0,0,0,1.69,1.69,0,3.95,10.73,15.82,11.86,3.39,12.43,1.13,19.77,5.08,2.82,1.69,0,1.69,3.39,0.56,2.82,0,0,1.13,12.99,4.52,1.13,2.82,3.39,15.25,2.82,1.69,2.82,0,5.08,5.08,2.26,1.13,1.13,0,2.26,1.13,0,0,0,10.17,7.34,1.13,0.56,0,1.13,13.56,2.26,0,23.73,7.34,11.86,5.08,0,2.82,0.56,0,0,0,1.13,0,0,0.56,0,0,10.73,3.95,6.78,0,0,0,0,0,0,0,0,0,0
2025-01-15 18:35:45,2025-01-15 18:36:02,0,1,17,0,2025-01-22 18:36:05,R_2exnUognaSJ3YR2,anonymous,EN,,,,,,,,,,,,,,,,,,,,,,,,,,,,,,,,,,,,,,,,,,,,,,,,,,,,,,,,,,,,,,,,,,,,,,,,,,,,,,,,,,,,,,,,,,,,,,,,,,,,,,,,,,,,,,,,,,,,,,,,,,,,,,,,,,,,,,,,,,,,,,,,,,,,,,,,,,,,,,,,,0,0,,,,1,0,,,,,,,,,,,,,,,,,,,,,,,,,,,,,,,,,,,,,,,,,,,,,,,,,,,,,,,,,,,,,,,,,,,,,,,,,,,,,,,,,,,,,,,,,,,,,,,,,
2025-01-22 17:06:29,2025-01-22 20:55:18,0,100,13729,1,2025-01-22 20:55:19,R_8Q0eTm51BKSWaye,anonymous,EN,4,KA,TH,16,1,1,1,,1,0,0,2.584,0,0.777,286.969,300.062,15,"Ich wurde von meiner besten Freundin belogen. Sie hat vorgegeben in die Heimat zu fahren, hat sich aber mit einem Freund getroffen um zu trinken und sich davon abzulenken, dass ihr Freund ins Auslandsemester geflogen ist. Ihre Geschichte ergibt keinen Sinn, aber ich habe sie nie angesprochen, dass ich von der Lüge weiß.",07.01.2025,19,6,4,3,4,2,4,7,3,4,0,0,190.593,0,1.046,145.498,300.019,2,"Ich war mit meiner Mutter zum Weihnachtsessen bei ihrer Schwester. Außer meiner Tante, meiner Mutter und mir waren mein Onkel, mein Cousin, meine Cousine und ihr Lebensgefährte und der Bruder meines Onkels da. Erst gab es Torte, dann Geschenke und abends Suppe. Dann sind wir wieder nach Hause gefahren.",26.12.2024,10,5,3,4,5,2,5,10,5,6,0,0,7.464,0,1.29,270.54,300.024,9,"Mein Vater starb, als ich fünf Jahre alt war. Es war ein plötzlicher Herzinfarkt auf dem Heimweg von der Arbeit, aufgrund einer Herzmuskelentzündung nach einer verschleppten Infektion. Er wollte die 20km joggen, um für einen Marathon zu trainieren. Als er nicht nach Hause kam, ging meine Mutter zur Polizei und konnte durch die Gravur im Ehering recht schnell zugeordnet werden.",1,5,5,5,4,09.11.2004,90,4,5,2,3,6,5,3,3,5,2,1,1,2,0,1,1,2,1,2,1,0,2,1,1,1,2,1,2,3,1,0,1,0,2,0,0,2,1,1,1,2,2,1,0,1,2,1,0,1,1,2,3,1,3,2,1,3,2,2,2,6,6,3,3,6,3,3,3,3,6,6,3,3,6,3,6,1,17,1.005,60.002,120.008,3,"Pflaster, Pinguin, Penis, Prügelei, Penne, Pflicht, Pups, Papier, Pech, Paprika, Plüschtier, Panne, Prägung, Philister, Poncho, Pferd, Polizei, Pudding, Pfleger, Pracht, Plage, Putzfrau, Penetration, Polterabend",1.558,1.558,120.013,1,"Pferd, Katze, Maus, Hund, Floh, Pelikan, Huhn, Ameise, Tiger, Giraffe, Meerschweinchen, Kaninchen, Hase, Hamster, Wurm, Schlange, Panda, Antilope, Eisbär, Goldfisch, Wal, Hai, Delfin, Spinne, Skorpion, Chinchilla, Affe, Ente, Gans,",25,2,4,6,6,1,,68,27,,27,0,1,60,99,37.75,99,,15,21.67,90,56.67,15,8.33,5,0,0,0,0,0,3.33,3.33,0,6.67,13.33,21.67,10,3.33,6.67,1.67,20,6.67,3.33,0,3.33,0,0,0,0,0,0,0,8.33,3.33,0,1.67,5,10,1.67,1.67,1.67,0,1.67,5,0,0,0,0,5,1.67,3.33,0,0,13.33,3.33,5,3.33,0,3.33,13.33,0,1.67,28.33,6.67,11.67,11.67,5,5,1.67,0,0,1.67,0,0,0,0,0,0,13.33,6.67,6.67,0,0,0,0,0,0,0,0,0,0
2025-01-15 23:56:34,2025-01-15 23:59:25,0,15,170,0,2025-01-22 23:59:27,R_2EuZhtFr6QpFlwK,anonymous,EN,4,GU,KE,4,3,1,1,,1,,,,,,,,,,,,,,,,,,,,,,,,,,,,,,,,,,,,,,,,,,,,,,,,,,,,,,,,,,,,,,,,,,,,,,,,,,,,,,,,,,,,,,,,,,,,,,,,,,,,,,,,,,,,,,,,,,,,,,,,,,,,,,,,,,,,,,,,,,,,,,,,,,,,,,,,0,0,,,,1,0,,,,,,,,,,,,,,,,,,,,,,,,,,,,,,,,,,,,,,,,,,,,,,,,,,,,,,,,,,,,,,,,,,,,,,,,,,,,,,,,,,,,,,,,,,,,,,,,,
2025-01-16 16:22:22,2025-01-16 16:23:07,0,19,44,0,2025-01-23 16:23:09,R_8BhT3bMpIdOghzv,anonymous,EN,4,ae,fr,9,9,1,1,,1,,,,,,,,,,,,,,,,,,,,,0,0,0.883,0,,,,,,,,,,,,,,,,,,,,,,,,,,,,,,,,,,,,,,,,,,,,,,,,,,,,,,,,,,,,,,,,,,,,,,,,,,,,,,,,,,,,,,,,,,,,,,,,,,,,,,,,,,,,,,,,,,,,,,,,,,,,,,,,0,0,12007,,,1,0,,,,,,,,,,,,,,,,,,,,,,,,,,,,,,,,,,,,,,,,,,,,,,,,,,,,,,,,,,,,,,,,,,,,,,,,,,,,,,,,,,,,,,,,,,,,,,,,,
2025-01-23 19:34:21,2025-01-23 20:09:25,0,100,2104,1,2025-01-23 20:09:26,R_2KvyZRMQ1i4V0oS,anonymous,EN,4,CL,RE,13,2,1,1,,1,0,0,47,0,1.86,118.096,300.16,5,"Ich bin durch die Führerscheinprüfung gefallen, weil ich nicht parken konnte. Ich habe mich sehr nervös gefühlt und eigentlich schon ängstlich. Danach habe ich mich sehr geschämt. Am schlimmsten war das Gefühl des Stillstands - weil dieser große Meilenstein nicht erreicht wurde. Das wurde dadurch verstärkt, dass es nicht die erste Fahrprüfung war, die ich nicht bestanden hatte. Mein Fahrlehrer war sichtlich enttäuscht und das hat mich traurig gemacht.",Juni 2023,60,7,7,2,2,3,6,11,4,6,0,0,41.472,0,1.366,232.489,300.013,5,"Ich war spazieren mit meinem Mann, meiner vierjährigen Tochter und meinem zweijährigen Sohn. Sie haben ein Elektroauto geschenkt bekommen und durften damit fahren. Mein Sohn bekam Angst und wollte nicht, aber meine Tochter hatte viel Spaß. Ich musste den Sohn oft tragen, was etwas anstrengend war.",vorgestern,9,4,3,5,2,2,2,11,6,1,0,0,22.697,0,0.857,281.769,300.114,10,"Es handelt sich um den Suizidversuch meiner Mutter, welcher zum Glück verhindert wurde. Sie hatte sich zum Mittagsschlaf verabschiedet und durch Zufall bemerkten wir, dass sie nicht in ihrem Bett war, stattdessen ein Abschiedsbrief. Ich habe sofort Panik bekommen und die Polizei angerufen. Sie haben sie dann gesucht in der Umgebung. Das hat gedauert, da sie in einem kleinen Häuschen der Bushaltestelle lag. Der Cousin meines Mannes hat sie auf dem Nachhauseweg gesehen. RTW und Notarzt kam. Der Suizidversuch erfolgte mithilfe von Alkohol. Sie hatte 4,5 Promille und musste ins künstliche Koma gelegt werden. Ich habe mich verzweifelt gefühlt und hatte große Angst, dass sie sterben könnte. Anrufe im Krankenhaus waren sehr schlimm für mich deshalb.",5,1,5,5,7,September 2020,76,7,7,1,7,7,5,11,4,6,1,1,0,3,2,3,3,2,3,3,3,0,0,0,1,0,3,2,1,1,1,0,0,0,2,0,0,1,0,0,0,1,1,3,0,2,1,0,2,1,0,3,3,3,1,1,3,2,3,2,3,6,6,"1,3",6,6,6,6,"3,6","1,3",6,6,"2,3,6","1,2",6,"2,3",6,6,12,3.12,112.25,120.012,6,"Park
Panne
Preis
Peinlichkeit
Parodie
Peepshow
Panik
Presslufthammer
Penis
Pass
Perfektion",1.537,96.726,120.011,6,"Hund
Katze
Maus
Delfin
Wolf
Tiger
Löwe
Spinne
Kaninchen
Hase
Pferd
Pinguin
Papagei
Spatz
Meerschweinchen
Schwein
Kuh
Rentier
Hirsch
Aal
Hai
Wal
Chamäleon
Pandabär
Braunbär
Koalabär
Eisbär
Panther
Gepard
Eidechse
Salamander
Krokodil
Bartagam",29,2,4,6,4,1,,71,32,17491,32,1,1,116,45.07,75.85,1,1,10.55,28.45,92.24,61.21,18.97,16.38,5.17,0.86,0,0,0,0,8.62,8.62,7.76,2.59,8.62,12.07,12.93,3.45,9.48,0.86,24.14,2.59,0,0.86,0.86,0.86,8.62,1.72,6.9,2.59,0,4.31,16.38,2.59,0,0.86,0.86,11.21,1.72,1.72,2.59,3.45,1.72,1.72,4.31,1.72,1.72,0.86,2.59,0.86,1.72,0,0.86,7.76,1.72,0.86,2.59,0.86,1.72,13.79,5.17,0.86,12.93,0.86,9.48,2.59,1.72,0.86,0.86,0.86,0,3.45,0,0,0,0,0,0,14.66,9.48,5.17,0,0,0,0,0,0,0,0,0,0
2025-01-24 05:47:32,2025-01-24 07:09:28,0,100,4915,1,2025-01-24 07:09:29,R_4ivS2LYMZa6crK6,anonymous,EN,4,AL,LI,3,8,3,1,,1,0,0,3.925,0,0.56,173.535,300.022,5,"Meine langjährige Freundin und ich hatten viel Streit, und sie hat sich dann von mir getrennt. Wir hatten uns schon eine Woche nicht gesehen, was sehr ungewöhnlich für uns war, und dann fragte ich, ob wir uns mal treffen wollen, um über die aktuelle Situation zu sprechen. Sie meinte, dass ich in ihrer Schulpause, in der sie etwa eine halbe Stunde Zeit hatte, in der Nähe ihrer Schule treffen könnte. Da hatte sie sich schon überlegt, dass sie sich trennen möchte. Wir hatten ein respektvolles Gespräch, die Trennung hat mich allerdings sehr sehr traurig gemacht und mich hat vor allem verletzt, dass sie sich nur so wenig Zeit für das Gespräch nehmen wollte.",Vor etwa viereinhalb Jahren,90,6,7,5,4,5,4,11,4,5,0,0,46.501,0,1.768,253.287,300.054,10,"Ich habe mich nach dem Mittagessen in ein Café gesetzt, um eine Fremdsprache zu lernen. Ich habe ein Arbeitsbuch mit Übungen mitgebracht, dass ein bisschen alt und abgearbeitet aussieht. Ich habe mir einen schwarzen Kaffee bestellt und mich ins 1. OG gesetzt, mir ein Glas Wasser dazugenommen und mich alleine an einen Tisch gesetzt. Dann habe ich mit meinem Kulli die Aufgaben ausgefüllt, mir versucht, die neuen Wörter zu merken und mir die Grammatik eingeprägt. Der schwarze Kaffee war stark, deshalb habe ich nach dem Becher gespürt, wie Gedanken, Bewegungen und Herzschlag schneller waren.",Vor zwei Monaten,40,5,3,5,5,2,5,11,5,2,0,0,3.85,0,0.64,295.211,300.121,12,"An meinem 18. Geburtstag wurde ich angerufen, dass mein Papa im Krankenhaus ist. Ich war mit meiner Freundin verabredet und wir wollten zusammen mit dem Auto meiner Eltern einen Ausflug machen. Stattdessen sind wir zum Krankenhaus gefahren. Ich habe Papa gesehen, wie er über schlimme Schmerzen im Bauch klagt und mit einem Rollstuhl über den Flur geschoben wird, von einer Pflegerin, die sich nicht für ihn persönlich zu interessieren schien. Der Verdacht, der sich später als falsch herausgestellt hat, Papa könnte den Norovirus haben, bedeutete, dass wir ihn nur mit Schutzmaske besuchen durften. Aus dem Krankenhaus habe ich meine Geschwister angerufen und wollte ihnen sagen, dass sie sich keine großen Sorgen machen müssen, aber ich wusste gar nicht, ob das stimmt. Dann stand ich noch alleine im Flur, habe geweint und mir selbst erklärt, dass heute mein 18. Geburtstag ist und ich mir diesen Tag anders vorgestellt hatte. Meine Freundin konnte nicht die ganze Zeit für mich da sein. Ihr Vater war kurz davor in einem Krankenhaus gestorben und sie konnte die Räumlichkeiten nicht die ganze Zeit aushalten.",5,5,3,5,5,An meinem 18. Geburtstag (vor 6 Jahren),85,6,7,7,6,5,5,11,3,5,0,0,0,0,0,0,0,0,0,0,0,0,1,1,0,0,0,0,0,0,0,0,0,0,1,0,0,0,0,0,0,0,1,0,0,0,0,0,0,0,0,3,3,4,3,3,3,4,3,3,3,6,6,6,3,6,3,6,3,3,6,6,2,3,6,6,6,6,12,0.869,94.379,120.008,14,"Penis
Pumpe
Polizei
Porzellan
Purzelbaum
Polterabend
Panik
Pickel
Paranoia
Placebo
Pusteblume
Punsch
Plastik
Pass
Punkt
Panda
Poster",1.051,1.051,120.022,1,"Panda
Bär
Löwe
Giraffe
Zebra
Elefant
Tiger
Katze
Hunde
Maus
Ratte
Kakerlake
Dinosaurier
Gans
Huhn
Taube
Seeadler
Goldfisch
Mantarochen
Elektroaal
Blauwal
Pottwal
Schwertwal
Orca
Weißer Hai
Sägefisch",24,1,4,9,7,1,,36,2,,2,0,1,178,6.35,51.46,80.43,1.71,16.18,21.91,94.38,62.36,21.35,18.54,9.55,1.69,0.56,0,0.56,0,5.62,5.06,2.25,3.37,8.43,11.24,15.73,4.49,12.36,2.81,25.84,6.18,2.25,1.12,1.12,1.69,6.18,2.25,3.93,0.56,0,2.81,19.66,4.49,1.12,1.12,2.81,16.29,3.37,2.25,2.25,1.69,3.93,5.62,2.81,1.12,1.69,0,4.49,1.12,2.81,0,0,9.55,5.06,2.25,1.12,0,1.12,11.8,5.62,1.12,15.17,2.25,7.3,6.18,0.56,1.12,1.12,0,0,0.56,0,0,0,0,0,0,13.48,6.18,7.3,0,0,0,0,0,0,0,0,0,0
2025-01-24 10:14:39,2025-01-24 10:47:19,0,100,1959,1,2025-01-24 10:47:20,R_8vaq0EVaGMpPuzD,anonymous,EN,4,DA,AN,11,10,3,1,,1,0,0,0.791,0,0.572,0.572,300.026,1,"Ich hatte ein Gespräch mit meinem Freund, bei dem er mir offenbahrt hat, dass er denkt, dass wir a) zu viel und b) auf eine „falsche“ Weise (mit lauter werden, verletztend werden) streiten und dass er das nicht so fortführen möchte. Ich hatte kurz Angst, dass er die Beziehung beenden will, aber das ist nicht eingetroffen. Er hat es mir auch so liebevoll nähergebracht, aber dennoch war ich erstmal völlig verwirrt und stand neben mir, aber traumatisch ist es nicht gewesen. Danach habe ich mich gesammelt und wir haben darüber geredet, seitdem arbeiten wir an uns. Danach musste ich auch ein bisschen schmollen und mein Vertrauen erst wiedergewinnen.",Vor ca 2 Wochen,10,7,7,2,5,6,4,9,7,6,0,0,24.44,0,0.559,0.559,300.127,1,"Dabei denke ich an meine Mottowoche in der Schule. Es war eigentlich ein positives Ereignis, da die meisten Spaß hatten und es ja auch irgendwie kennzeichnend für die Schulzeit ist, weil wann haben alle mal Kostüme an und tanzen auf den Tischen. Aber irgendwie war es auch doch nur eine normale Schulwoche, es ist viel dummes Zeug passiert und letztendlich sollte man eigentlich schon gelernt haben, also all in all war es nicht positiv und nicht negativ. Ich hatte die ganze Zeit das Gefühl, dass man seine Zeit auch besser hätte nutzen können, andererseits wird einem immer gesagt, genieß die Schulzeit, was ich auch getan habe, aber eben nur bedingt in dieser einen Woche. Für alle anderen wäre es wahrscheinlich ein positives Ereignis, mir ist es dennoch „nur“ als neutral im Kopf geblieben.",Kurz vor dem Abitur 2024,71,4,2,4,3,5,6,8,6,3,0,0,15.295,0,0.882,262.573,300.033,17,"Mein Vater war sauer. Er hat irgendwelche Probleme gehabt, ich wusste nicht genau worum es geht. Wir sind im Urlaub einen Berg hochgefahren. Ich habe geredet und anscheinend etwas falsches gesagt, ich kann mich nicht mehr erinnern worum es ging. Dann hat mein Vater sich zu mir nach hinten auf den Rücksitz umgedreht und versucht mir eine zu klatschen. Meine Mama hat seinen Arm festgehalten und geschrien. Danach hat er angehalten und Mama und ich sind direkt ausgestiegen. Ich habe geheult, weil ich immer dachte so etwas würde mir nicht wiederfahren können. Wegen dem Weinen habe ich gar keine Luft mehr bekommen. Meine Mama hat mich beruhigt und mir versprochen, dass so etwas nicht mehr passiert. Allerdings sind wir dann nach einiger Zeit wieder in dasselbe Auto eingestiegen, die Stimmung war extrem angespannt. Meine Mama verspricht ständig dass sich etwas ändern wird oder dass sie gehen wird, aber das tut sie eigentlich nie, nur da war es besonders schlimm.",5,5,5,5,5,Herbstferien 2022,40,5,7,1,5,6,7,6,6,6,1,0,3,3,1,0,1,1,4,4,3,0,1,0,0,0,2,0,0,1,0,0,0,0,0,0,0,2,0,0,1,2,0,0,0,1,0,2,0,0,0,3,3,3,3,3,3,3,3,3,3,3,6,6,6,6,3,3,3,3,6,6,3,3,6,6,6,6,6,1.104,113.433,120.124,2,"Penis, Puppe, Paparazzi, Plumsklo, Plazenta, Plastik, Papaja, Pamelo, Priester, Pi, Pedophil, Putanem, Prestige, Pumuckel, Psalm, Pseudo, Paparika, Papa, Pusteblume, Pech, P",1.145,1.145,120.02,1,"Elefant, Giraffe, Nashorn, Tiger, Löwe, Meerschwinchen, Hase, Kaninchen, Hamster, Ratte, Hund, Katze, Maus, Chinchilla, Frettchen, Bär, Wolf, Vogel, Papagei, Rabe, Elster, Krähe, Rotkehlchen, Krokodil, Hecht, Flunda, Dorsch, Zander, Barsch, Frosch, Fliege, Mücke, Biene, Hummel, Wespe, Ameise, Regenwurm, Maulwurf, Nemo-Fisc",19,2,4,7,5,1,,63,25,15508,25,0,1,159,1,23.96,87.06,8.32,13.25,20.13,92.45,64.15,23.9,16.98,11.32,1.26,0,0,0,0,3.14,3.14,1.26,6.29,3.77,5.66,16.35,8.18,11.32,3.77,23.27,6.92,3.14,1.26,0,5.03,8.81,3.77,4.4,0.63,0.63,1.89,13.21,3.77,0,2.52,2.52,24.53,4.4,1.89,3.14,6.29,8.81,5.03,2.52,0,1.89,0,2.52,1.26,0,0,0.63,9.43,2.52,2.52,2.52,0.63,1.26,6.29,8.81,1.26,13.21,3.14,6.29,3.77,0.63,1.26,0,0.63,0,0,0.63,0,0,0.63,0,0,11.95,7.55,4.4,0,0,0,0,0,0,0,0,0,0
2025-01-18 11:52:51,2025-01-18 11:53:08,0,1,16,0,2025-01-25 11:53:09,R_2ZwkMnmpJDooXx7,anonymous,EN,,,,,,,,,,,,,,,,,,,,,,,,,,,,,,,,,,,,,,,,,,,,,,,,,,,,,,,,,,,,,,,,,,,,,,,,,,,,,,,,,,,,,,,,,,,,,,,,,,,,,,,,,,,,,,,,,,,,,,,,,,,,,,,,,,,,,,,,,,,,,,,,,,,,,,,,,,,,,,,,,0,0,,,,1,0,,,,,,,,,,,,,,,,,,,,,,,,,,,,,,,,,,,,,,,,,,,,,,,,,,,,,,,,,,,,,,,,,,,,,,,,,,,,,,,,,,,,,,,,,,,,,,,,,
2025-01-25 15:15:24,2025-01-25 15:50:06,0,100,2081,1,2025-01-25 15:50:06,R_2WyPPWvjQrjIxWh,anonymous,EN,4,TA,EM,15,8,3,1,,1,0,0,2.172,0,0.733,0.733,300.014,1,"In der Realschule hatten wir mal eine Aufführung, in der ich eine Rolle bekommen habe. Zuvor habe ich mich voll drauf gefreut, aber dann hatte ich plötzlich Lampenfieber. Ich hatte die Angst, dass ich mich nicht mehr an meinen Text erinnern kann und habe gehofft, dass das alles bald rum ist. Als ich dann auf die Bühne musste ging es mir richtig schlecht. Ich war total aufgeregt und hatte Angst zu versagen und mich vor der ganzen Menschenmenge zu blamieren. Dann kam ich irgendwann an die Reihe, ich bin nach vorne getreten und wollte meinen Text aufsagen. Ich habe in die Augen der Leute geblickt und plötzlich einen totalen Blackout gehabt. War mir natürlich total peinlich und mein Herz hat geklopft bis zum geht nicht mehr. Die Leute haben auch schon das Lachen angefangen, was mein unangenehmes Gefühl natürlich noch weiter verstärkt hat. Habe dann Hilfe von der Lehrerin bekommen, indem sie mir meinen Text etwas vorgesagt hat. Hab mich ein bisschen wie ein Versager gefühlt.",Vor 12 Jahren,50,5,3,3,4,3,4,9,7,4,0,0,23.767,0,1.623,1.623,300.012,1,"Vor ein paar Wochen war ich mit meinem Freund in Würzburg, weil wir uns die Stadt anschauen wollten. Wir sind durch die Stadt gegangen, es waren ein paar Leute da, aber es war nicht so cool wie ich es mir vorgestellt habe. War etwas enttäuscht aber habe mir nichts weiter draus gemacht. Ich habe mir gedacht, dass wir lieber etwas anderes hätten machen sollen. Aber da wir jetzt schon da waren, mussten wir das beste draus machen. Ich habe mich in der Stadt nicht wohl gefühlt, sie wirkte irgendwie trist und leer. War aber trotzdem kein besonders negatives Ereignis, weil auch paar schöbe Dinge passiert sind. Hat sich also wieder ausgeglichen.",vor 1 Monat,30,2,2,4,2,2,3,6,5,3,0,0,2.882,0,0.788,266.283,300.01,2,"Mein Vater ist mental krank und hat Aggressionsprobleme. Als ich noch recht jung war, ist er ein mal ganz plötzlich total ausgerastet. Also wirklich so, dass am nächsten Tag der Nachbar kam und fragte ob alles okay sei. Er hat meine Schwester an den Haaren durch die Wohnung gezogen, ist handgreiflich geworden und hat uns alle angebrüllt. Ich hatte Todesangst und habe auch ewig lang geweint. Ich hatte Angst, dass er mir weh tut  und mir was passiert. Natürlich hatte ich auch total Angst um meine Mutter und meine Schwester. Was in dem Moment auch ganz schlimm für mich war: Auch meine Mutter hat total geweint und als Kind hat man immer so das Gefühl, die Eltern sind ""stark"". Und dieses Gefühl bzw. diese Sicherheit war in diesem Moment komplett ausgelöscht. Ich war traurig, weil mein Vater so ist wie er ist. Weil ich keinen ""normalen"" Vater und keine ""normale funktionierende"" Familie habe.",3,3,5,5,7,15 Jahren,20,6,7,2,5,7,5,10,7,6,1,1,1,3,3,4,4,3,3,3,3,2,3,3,2,0,1,3,3,0,1,1,1,2,2,2,0,2,2,1,2,3,1,1,0,1,1,1,2,1,0,2,3,3,3,2,2,2,3,2,3,6,6,6,6,6,2,6,6,1,6,6,"3,6",1,6,6,6,1,6,1.523,1.523,120.013,1,"Pacht, Prügel, Privatjacht, peinigen, Penis, Pilz, Polizei, Prozent, Poster, Psyche, Pudel, Pferd, Pflanze, Pickel, prokrastinieren, Pille,",2.252,2.252,120.011,1,"Hund, Hase, Zebra, Löwe, Giraffe, Meerschweinchen, Hamster, Katze, Pferd, Leopard, Tiger, Ameise, Vogel, Papagei, Pinguin, Schlange, Hai, Wal, Delfin, Wespe, Hornisse, Biene, Hummel, Luchs, Gepard, Puma, Hyäne, Spinne",23,2,4,8,5,1,,98,46,17095,46,1,1,153,1,44.58,94.96,1,12.75,17.65,94.77,64.05,20.26,13.07,9.8,0.65,0,0,0,0,2.61,2.61,0,6.54,5.23,6.54,15.03,5.23,18.95,1.31,18.95,10.46,1.96,2.61,0,5.88,9.8,3.27,6.54,1.31,0.65,3.27,13.07,5.88,1.96,2.61,4.58,19.61,4.58,2.61,0,2.61,5.88,2.61,1.31,0,0,1.31,5.88,0,1.31,0,0,9.8,6.54,1.96,1.31,0,0.65,9.15,9.15,0.65,15.69,0.65,7.19,9.15,0.65,0.65,1.96,0,0.65,1.31,3.92,0,0.65,0.65,0,0,16.34,7.84,3.92,0.65,0,0,0,0,3.92,0,0,0,0
2025-01-25 18:03:01,2025-01-25 18:35:19,0,100,1938,1,2025-01-25 18:35:20,R_24fd4i6X2fwll7j,anonymous,EN,4,CL,FR,18,7,1,1,,1,0,0,16.213,0,1.02,91.659,300.015,6,"Es geht um die Zeit, in der ich mitbekommen habe, dass meine beste Freundin von ihrem Vater misshandelt wird. Das war in der Mittelstufe. Ich habe schon immer große Angst vor ihm gehabt, weil er immer viel geschrien hat und sehr aggressiv war. Ich habe erfahren, dass er seine Tochter oft körperlich angreift, ihr Ohrfeigen gibt und Sachen nach ihr schmeißt. Ich hatte große Angst um sie.",8. oder 9. Klasse,7,6,5,1,3,7,6,7,2,5,0,0,61.637,0,1.193,1.193,300.109,1,"Da fällt mir nur die letzte Party ein, auf der ich war. Es war der Geburtstag von zwei Freunden meines Freundes, die er vom Fußball kennt, ich war also nur +1. Es war ganz nett, aber auch irgendwie langweilig. Ich kannte ein paar Leute und hatte nette Gespräche, aber die Musik war doof, es war kalt in dem Raum und mir war zwischenzeitlich langweilig. Keine Ahnung, das Ereignis war für mich weder positiv noch negativ, einfach neutral.",Vor 2 Wochen,1,6,1,4,5,2,7,11,5,7,0,0,0.993,0,0.765,0.765,300.013,1,"Ich habe das Glück/Privileg, dass mir nicht viele schreckliche Sachen bisher passiert sind. Das negativste Ereignis, an das ich mich erinnern kann, ist der Moment, als das Krankenhaus angerufen hat, in dem mein Opa lag und meiner Oma mitgeteilt hat, dass er verstorben ist. Meine Eltern und ich waren bei ihr in der Wohnung und waren am selben Tag noch vor ein paar Stunden bei ihm im Krankenhaus. Er war gar nicht mehr richtig ansprechbar und der Arzt sagte zu meiner Mutter, dass er wahrscheinlich einfach schlafen wird. In dem Moment des Anrufs sind zwei schlimme Sachen passiert. 1. ist mir klar geworden, dass der Arzt angedeutet hatte, dass er heute noch versterben wird (es war absehbar, dass es in den nächsten Tagen passiert) aber wir es nicht bemerkt haben und ihn alleine ""haben sterben lassen"". Das war ein furchtbares Gefühl, dass wir für ihn da sein hätten können, aber aus irgendeinem Grund lieber nachhause gefahren sind. 2. hat meine Oma bitterlich angefangen zu weinen. Ich bin ohnehin ein hochsensibler und sehr empathischer Mensch und das Mitleid mit meiner Oma war so überwältigend und erdrückend und war einfach schrecklich. Sie hat die Liebe ihres Lebens verloren, den Mann mit dem Sie 50 Jahre oder länger zusammen war und ich habe ihr Gesicht / ihre Reaktion gesehen und den Schmerz vor allem",1,5,3,3,4,Vor 8 Jahren,14,6,6,1,6,7,7,11,3,2,0,0,0,0,2,1,0,1,0,1,0,0,0,0,0,0,0,0,0,0,0,0,0,0,0,1,0,0,2,0,0,0,0,0,0,0,0,0,0,2,0,2,3,3,1,1,2,3,3,1,1,6,6,6,6,6,2,6,3,1,6,6,2,2,3,3,6,5,12,1.314,1.314,120.112,1,Peinlich - Praktikum - Protzig - Preis - Penis - Pingelig - Pompös - Pimpf - Pinsel - Piment - Pfeffer - Praktisch - Prinzessin - Puppe - Pose - Primärfaktorenmodell - Proll - Pfefferkuchenmann - Pilz - Posse - P,1.294,1.294,120.008,1,"Maus, Schnecke, Adler, Katze, Hund, Taube, Riesenkraken, Habicht, Laus, Löwe, Tiger, Nashorn, Tapir, Giraffe, Delfin, Faultier, Fledermaus, Fisch, Qualle, Aal, Gecko, Hamster, Ameise, Spinne, Silberfisch, Kakerlake, Vogel, Elefant, Hyäne, Reh, Hirsch, Elch, Eichhörnchen, Rabe,",22,2,4,5,5,1,,30,5,11677,5,0,1,221,4.6,63.47,26.43,1.39,18.42,22.17,95.02,62.9,18.55,13.57,6.33,0.9,0.9,0,0.9,0,6.33,6.33,2.71,2.26,9.95,8.14,16.29,4.52,15.38,1.81,23.08,7.24,2.71,0,2.71,3.17,7.69,3.17,4.98,1.36,0.45,4.98,16.29,3.17,0.45,1.81,2.71,15.38,3.17,1.36,2.26,3.62,3.62,4.07,3.17,0.45,0.9,0.9,5.43,1.81,2.71,0.45,0,9.95,4.07,2.71,1.81,0.45,0.9,9.5,6.79,1.36,14.48,0.45,7.69,8.14,1.36,0.45,0.45,0,0,0.9,0.45,0,0,0.45,0,0,13.57,4.98,5.88,0,0,0,0,0,0.9,0,0.9,0.9,0
2025-01-18 22:17:52,2025-01-18 22:19:19,0,2,87,0,2025-01-25 22:19:25,R_8eeLBHjcdXWvsn7,anonymous,EN,4,,,,,,,,,,,,,,,,,,,,,,,,,,,,,,,,,,,,,,,,,,,,,,,,,,,,,,,,,,,,,,,,,,,,,,,,,,,,,,,,,,,,,,,,,,,,,,,,,,,,,,,,,,,,,,,,,,,,,,,,,,,,,,,,,,,,,,,,,,,,,,,,,,,,,,,,,,,,,,,,0,0,,,,1,0,,,,,,,,,,,,,,,,,,,,,,,,,,,,,,,,,,,,,,,,,,,,,,,,,,,,,,,,,,,,,,,,,,,,,,,,,,,,,,,,,,,,,,,,,,,,,,,,,
2025-01-19 08:19:17,2025-01-19 08:21:10,0,19,113,0,2025-01-26 08:21:14,R_8DMEae35erdhTP5,anonymous,EN,4,MA,NI,9,6,1,3,1,1,0,0,0.9,0,,,,,,,,,,,,,,,,,,,,,,,,,,,,,,,,,,,,,,,,,,,,,,,,,,,,,,,,,,,,,,,,,,,,,,,,,,,,,,,,,,,,,,,,,,,,,,,,,,,,,,,,,,,,,,,,,,,,,,,,,,,,,,,,,,,,,,,,,,,,,,,,,,,,0,0,13066,,,1,0,,,,,,,,,,,,,,,,,,,,,,,,,,,,,,,,,,,,,,,,,,,,,,,,,,,,,,,,,,,,,,,,,,,,,,,,,,,,,,,,,,,,,,,,,,,,,,,,,
2025-01-19 17:01:48,2025-01-19 17:42:08,0,16,2420,0,2025-01-26 17:42:17,R_22zzZnG6jQwCS41,anonymous,EN,4,Ja,Ph,6,11,1,1,,1,,,,,,,,,,,,,,,,,,,,,,,,,,,,,,,,,,,,,,,,,,,,,,,,,,,,,,,,,,,,,,,,,,,,,,,,,,,,,,,,,,,,,,,,,,,,,,,,,,,,,,,,,,,,,,,,,,,,,,,,,,,,,,,,,,,,,,,,,,,,,,,,,,,,,,,,0,0,,,,1,0,,,,,,,,,,,,,,,,,,,,,,,,,,,,,,,,,,,,,,,,,,,,,,,,,,,,,,,,,,,,,,,,,,,,,,,,,,,,,,,,,,,,,,,,,,,,,,,,,
2025-01-26 19:46:48,2025-01-26 20:38:48,0,100,3119,1,2025-01-26 20:38:49,R_8hlHI0shnY26Xy9,anonymous,EN,4,BA,GR,28,12,1,1,,1,1.606,1.606,6.844,1,0.663,184.222,300.113,3,"Ich besuche meinen Bruder in der geschlossenen Abteilung für aggressive Patienten der LWL Klinik. Ich habe lange dafür gebraucht und bin sehr aufgewühlt. Meine Therapeutin hat mir zu dem Gespräch geraten. Ich trage einen Hosen-Minirock, der mir Selbstbewusstsein geben sollte, in dieser Umgebung jedoch das Gegenteil bewirkt. Mein Bruder freut sich mich zu sehen, das ändert sich jedoch als ich mit meinem Monolog starte und ihm sage, dass ich erstmal keinen Kontakt mehr möchte. Meine Stimme zittert, ich bin wütend. Trotzdem tut es mir weh wie traurig und verwirrt er aussieht. Ich bekomme ein schlechtes Gewissen und muss gleichzeitig vor Wut und Traurigkeit weinen. Schnell verlasse ich den Raum und die Station.","Ich war vermutlich 16 Jahre alt, also vor ca 11 Jahren.",80,2,7,2,3,4,4,1,7,1,0,0,16.314,0,0.583,234.777,300.014,15,"Wir sind am Baggersee mit meinem Vater und meiner Stiefmutter. Wir, das sind meine zwei älteren Brüder und ich. Ich bin zwischen 8 oder 10 Jahre alt. Es ist Sommer und wir sind schwimmen gewesen. Es ist schon später am Tag und wir werden bald heim fahren zu meinem Vater. Er kauft uns Magnum Eis am Stiel, er nimmt immer Mandel. Es kommen Wespen. Ich habe Angst vor den Wespen und gebe meinem Vater mein Eis, der fluchend damit auf und abrennt. Die Wespen verfolgen ihn. Wir finden das alle ziemlich lustig.","Ich war zwischen 8 und 10 Jahre alt, also vor ca 19-17 Jahren.",100,3,3,4,2,1,5,1,4,7,0,0,41.94,0,1.923,276.751,300.118,13,"Mein Bruder steht rauchend am Fenster, er ist ca 14. Ich 11 und rede auf ihn ein, mache Quatsch. Auf einmal dreht er sich um, wutverzerrt und versucht mich am Hals zu packen. Ich weiche zurück und zerreiße dabei das Armband, das meine Mutter mir kürzlich geschenkt hat, an einem Topf. Er packt mich am Hals, aber ich weiche weiter zurück, er verliert den Griff und ich schreie so laut ich kann. Er rennt aus dem Zimmer. Ich schreie weiter, damit unser älterer Bruder zwei Stockwerke über uns mich hört. Es dauert sehr lange bis er kommt. Er spricht mit ihm und mir. Er will, dass ich meiner Mutter nichts erzähle und versucht alle Steine meines Armbandes wiederzufinden.",5,1,5,5,7,"Ich glaube vor 16 Jahren, ich denke ich war ca 11 Jahre alt.",30,5,3,1,4,7,5,1,5,3,1,0,0,1,0,1,1,0,3,1,1,0,0,0,0,0,1,0,0,0,1,0,0,0,0,1,0,0,0,0,1,1,1,0,0,0,0,1,1,0,0,4,4,3,3,4,3,4,4,3,4,6,6,3,3,5,"1,3",6,3,1,6,6,3,5,3,6,6,5,6,1.895,119.232,120.013,7,"Papa, Platz, Pausbacke, Popo, Porno, Piepmatz, Pliee, Pommes, Parkhaus, Pinacolada, Pelz, Pause, Pink, Passend,",1.54,105.827,120.108,3,"Pinguin, Pelikan, Pavian, Zebra, Elefant, Nashorn, Ziege, Esel, Eisbär, Geier, Faultier, Pferd, Maus, Ratte, Katze, Hund, Kaninchen, Hase, Reh, Hirsch, Schaf, Vogel, Löwe, Tiger, Leopar",27,2,4,5,5,1,,53,10,,10,0,1,118,19.43,61.76,91.51,1.69,11.8,16.1,93.22,59.32,28.81,25.42,13.56,1.69,0,0,0,0,9.32,9.32,0,2.54,7.63,12.71,4.24,5.08,12.71,0.85,17.8,4.24,0.85,0,2.54,3.39,6.78,2.54,4.24,0,1.69,0.85,20.34,3.39,0,1.69,8.47,9.32,0.85,0.85,1.69,2.54,2.54,0.85,6.78,0,4.24,2.54,4.24,1.69,0.85,0.85,0,8.47,5.08,3.39,0,0,0.85,2.54,15.25,1.69,24.58,8.47,11.86,9.32,1.69,0,1.69,0,0,0,0.85,0,0,0,0,0,16.1,8.47,7.63,0,0,0,0,0,0,0,0,0,0
2025-01-26 22:03:07,2025-01-26 22:32:24,0,100,1757,1,2025-01-26 22:32:25,R_8jEbDABzLPkwWM7,anonymous,EN,4,HA,WU,9,8,1,1,,1,0,0,0.852,0,1.228,142.364,300.08,16,"Das war ein dunkler Himmel, der Telefon zu Hause hat plötzlich geklingelt. Ich habe mich an einen japanischen Horrorfilm erinnert und fast mich zum Tod gefühlt. Das war das schlechtest Erlebnis bis zum jetzt.","im Jahr 2015, Sommer",65,6,7,2,3,4,7,11,1,5,0,0,0.887,0,0.501,206.85,300.01,5,"Ich wurde von einer alten Frau geholfen. Das war eine rege Nacht, ein Freund von mir und ich haben der letzte Bus verpasst. Wir stehen vor dem Bahnhof und könnten kein Taxi finden, aber eine alte Frau ist dabei gegangen und fuhr uns zurück zu Hause.",kann nicht mehr daran erinnern,100,3,5,7,1,6,1,11,1,7,0,0,0.944,0,0.627,135.4,300.012,23,"Meine vor Ex-Freundin hat mich verratet. Sie log immer an die Beziehung. Sie hat aber trotzdem mit mir Sex gemacht, weil Sie aber nur den Körper braucht. Das war wirklich sehr eklig für mich.",3,3,2,5,5,2018 Winter Dezember,70,6,1,2,3,7,1,11,1,4,0,0,0,1,0,0,0,1,1,0,0,0,0,0,0,0,0,0,0,1,0,0,0,0,0,0,0,0,0,0,1,0,0,0,0,0,0,0,0,0,0,2,1,1,2,1,2,1,1,1,1,1,2,2,1,2,3,2,1,3,3,2,1,3,2,1,1,2,15,0.881,86.648,120.109,17,"Park Publikum Pazifik Problem paar Password Passport Palma, Papi Penny Portfolio Photo Platon Prost Probieren Pistol Präsentation P",0.752,50.19,120.172,10,Tiger Löwe Kaninchen Giraffe Elefant Hund Katze Maus Affe Leopard Egel Esel Panda Bär Wolf Reh,22,1,4,5,6,1,,18,4,16885,4,0,1,34,2.29,27.98,15.43,1,8.5,20.59,94.12,67.65,23.53,20.59,11.76,0,0,0,0,0,8.82,8.82,8.82,0,8.82,11.76,11.76,8.82,17.65,0,20.59,0,0,0,0,2.94,2.94,0,2.94,0,0,0,17.65,0,2.94,2.94,0,32.35,8.82,5.88,11.76,0,2.94,8.82,0,0,0,0,8.82,2.94,0,2.94,0,8.82,2.94,2.94,0,0,0,8.82,8.82,0,8.82,0,5.88,5.88,0,0,0,0,0,0,0,0,0,0,0,0,17.65,11.76,2.94,0,0,0,0,2.94,0,0,0,0,0
2025-01-27 08:22:26,2025-01-27 10:01:28,0,100,5941,1,2025-01-27 10:01:28,R_8ebakyhwj7iywi4,anonymous,EN,4,RA,AJ,3,3,3,1,,1,65.569,65.569,174.025,1,0.99,271.587,300.024,9,"Auf der Arbeit wurde ich von einer Kollegin bzgl. Meiner Kompetenz vor anderen Kollgen in Frage gestellt. Dabei hat sie sich massiv im Ton und in der Wortwahl vergriffen. Das war eine erste Situation, bei der ich mich auf der Arbeit unwohl gefühlt habe und auch am Andang keinen guten Umgang gefunden habe. Später hat mich eine eig nahe stehende Kollegin immer wieder aufgezogen, dass ich mich nicht gewehrt hat. Aber ich wollte nicht zurück schreien oder mich in der Wortwahl vergreifen. Aber es wird sl dargestellt, als wäre es meine eig eigene Option. Diese nahestehende Kollegin hat sich dann auch vot anderen über mich lustig gemacht. Als ich sie darauf angesprochen habe, hat sie sich als Opfer dargestellt.",11.2024,19,4,4,2,4,3,4,3,4,6,0,0,11.745,0,3.765,299.96,300.136,8,"Es handelt es sich um einen Familienstreit. Meine Mutter, die eiskalt ist, und nichts gegen ihre Regeln annimmt. Mein Vater, der versucht einen zu vermitteln, dass es ihm vor allem um das Wohl der Kinder geht. Mein Bruder, der betrunken nach Hause zu einer sehr konservativen Familie kommt. Und ich, die sonst eher die Probleme macht, lässt das ganze noch weiter eskalieren. Es wird sich angeschrien. Mein Mutter, die meint, sie könnten meinen Bruder verstoßen. Sie ist am Weinen, aber gleichzeitig beleidigt sie alle um Sie herum. Das ist das erste Ereignis seit langem, bei dem alle Familienmitglieder involviert waren und sich wieder deutlich zeigt, wer eigentlich wirklich die Familie kaputt macht und dass es dann doch meine Mutter ist. Sie und ihre streng konservativen Regeln lassen nie Fehler und Abweichungen zu und sie kennt nur, dass man dann auch bestraft werden muss. Dass so aber kein Vertrauenverhältnis zwischen ihr und einem entsteht, dass versteht sich",01.2021,35,6,7,2,6,7,5,1,6,6,0,0,1.002,0,0.664,261.357,300.023,4,"Es war ein Tag nach meinem Geburtstag. An dem Tag war eine Party von einem Schulfreund von mir. Meine Mutter wollte nicht, dass ich überhaupt hingehe. Ich bin trotzdem hin, sie hat mich immer wieder versucht anzurufen, wenn ich an das Telefon gegangen bin, wurde ich auf das übelste beleidigt. Ich bin kurz nach 22h mit Freunden nach Hause begleitet worden, weil diese sich sorgen gemacht haben. Meine Mutter war so wütend, dass sie meine Geburtstagsgeschenke und andere Erinnerungen mit meinen Freunden kaputt gemacht hat. Sie hat im Zimmer total gewütet. Die Matratze kaputte gemacht etc. Sie hat mich auf das übelste beleidigt, meinte immer wieder, dass sie mich schlagen möchte. Ich musste ihr androhen, dass ich zurückschlagen würde, wenn sie zuschlägt. Dann fing sie immer wieder an hysterisch zu weinen und beleidigte mich, dass ich so asozial, so ein schlechtes kind bin, weil ich meine Mitter schlagen würde. Dass es nur Notwehr wäre, war ihr egal. Das Ereignis hat mir gezeigt, dass meine Mutter keine Möglichkeit der Emotionsregulation hat. Sie wollte nie eine ehrliche Bezie",5,4,5,5,4,04.11.2016,74,6,7,1,6,7,6,4,1,3,0,0,0,1,0,0,0,0,0,1,0,0,1,0,0,0,0,0,0,0,0,0,0,0,0,0,0,0,0,0,0,1,1,0,0,0,0,1,0,0,0,4,4,4,4,4,4,4,4,4,4,3,6,3,3,6,1,6,6,1,6,3,6,6,6,6,6,6,6,0.755,0.755,120.014,1,"Psychologie 
Pass
Portugal 
PingPong
Pizza
Pommes
passiv
Pommel
Penis
Pullover
Puder
Pudel
Präzise
Perfekt
Persönöichkeit
Person
Pfeffer
Pfeil
Pflege
Pflanzen 
Plus 
Plötzlich
Platz
Power 
Positiv
Pu",0.8,0.8,120.132,1,"Elefant
Tiger
Löwe
Puma
Leopard
Gepard
Ente
Gans
Hund
Katze
Schwein
Huhn
Pinguin
Papagei
Hai
Delfin
Wal
Clownsfisch
Schlange
Gecko
Eisbär
Reh
Hirsch
Rehtier
Meise
Amsel
Rabe
Krähe
Schimpanse
Meersch",25,2,4,5,7,1,,46,3,,3,0,1,176,1.09,42.33,71.12,1,12.57,22.16,93.18,63.64,24.43,19.32,12.5,0,1.14,0,1.14,0,6.25,6.25,5.68,3.41,6.82,7.95,15.34,3.41,13.64,1.7,24.43,3.98,0.57,0,0.57,1.14,10.23,1.7,8.52,1.7,5.11,3.41,16.48,2.84,1.14,1.7,0,19.89,4.55,2.84,5.11,4.55,3.98,2.84,1.14,0.57,0.57,0,1.14,0,1.14,0,0,5.68,3.41,2.27,1.14,0,0,9.09,6.82,0,16.48,1.7,7.95,7.39,0.57,0.57,1.14,0,0,0,1.14,0,0,0,0,0,15.91,7.39,8.52,0,0,0,0,0,0,0,0,0,0
2025-01-27 09:12:32,2025-01-27 12:31:05,0,100,11912,1,2025-01-27 12:31:06,R_842TuqhC5jQWLwS,anonymous,EN,4,ST,AN,17,6,3,1,,1,0,0,10.4,0,0.733,285.738,300.007,11,"Ich bin nachmiitags mit dem Fahrrad von der Schule gekommen, ich war 17 Jahre alt. Vorher hatte ich zwei Stunden französisch. 
Es war relativ kalt und ich hatte das Gefühl, dass etwas schlimmes passiert ist. Als ich zuhasue ankam, kam mein Bruder mir entgegen, nahm mir mein Fahrrad ab und meine Mutter, die mir die Tür aufmachte sagte mir, dass mein Großvater verstorben sei. 
Dieser lag im Krankenhaus und ich hatte ihn einige Tage zuvor noch besucht, der Besuch fühlte sich wie ein Abschied an.

Sie weinte, genauso wie mein Bruder, der emotional auch sehr aufgelöst war. Ich fühlte mich erschlagen und von meinen Emotionen überrollt. 
In der Situation war ich dankbar von Menschen umgeben zu sein, die Emotionen zeigen, zulassen und kommunizieren.",30.01.2017,2,6,7,1,5,7,7,11,2,2,0,0,10.03,0,1.057,263.569,300.007,2,"Ich bin mit dem Auto zusammen mit meiner Freundin nach einem gemeinsamen Wochenende nach hause gefahren. Es war abends, dunkel, der Verkerh relativ entspannt. Ich war nach einem langen Wochenende erschöpft und müde und wir hatten noch ungefähr 100 km zu fahren. 

Es lief laute Musik aus Wicked und wir haben die meiste Zeit im Einvernehmen geschwiegen, während wir beide unseren Gedanken und der Musik nachhingen.

Ich war froh noch nicht zur Arbeit zu müssen, machte mir aber auch Gedanken, ob ich genügend Schlaf in der Nacht bekommen würde, da es schon spät war und ich früh würde aufstehen müssen.

Wir hatten gut gegessen, ich war zufrieden, aber müde und kpnzentriert auf den Verkehr.",Gestern Abend,1,7,2,4,7,2,7,11,4,7,0,0,23.046,0,0.621,205.515,300.005,2,"Nach der Trauerrede zum Tod meines anderen Großvaters sank meine Großmutter auf einmal neben mir mit meiner Hand in ihrer zusammen und bekam keine Luft. Sie schrie, dass es ihr gut gehe und, dass sie stark sein würde. Offensichtlich hatte sie einen Kreislaufzusammenbruch. 

Wir legten sie auf zusammen geschobene Stühle, ich rief einen Notarzt und wir versuchten sie zu beruihen und ihr Wasser zu geben. Ihr Puls war ganz schwach und sie zitterte. Vor uns stand die Urne meines Großvaters, sein Bild und wunderschöne Blumen. Um mich herum waren meine engsten Familienmitglieder die meine Großmutter unterstützten. Es war nicht ausgeschlossen, dass sie einen Herzinfarkt erlitten hatte. 

Alle waren leichenblass und aufgeregt, irgendwie übernahm ich die Verantwortung in der Situation, meine Großmutter hatte meine Jacke über sich und sie wimmerte und schnappte nach Luft, während ihr Kopf im Schoß meiner Mutter lag.",5,5,2,5,5,Ende September 2023,1,7,7,1,7,7,7,11,6,1,0,0,0,1,1,1,0,0,0,0,0,0,0,0,0,0,0,0,0,0,0,0,0,0,0,0,0,0,0,0,0,0,0,0,0,0,0,1,0,0,0,3,3,2,3,3,3,4,4,3,3,1,3,2,3,6,1,4,6,1,3,6,3,4,4,"3,4",6,"1,6",17,2.748,2.748,120.006,1,"Pirat
Penis
penibel
periode
preis
pingelig
prunkvoll
pompös
portugal
pädophilie
pumps
plump
pummelig
pranger
pilot
paradies
paladin
pommes
pergament
pissoir
pissen
pinkeln
pink
papagei
papa",1.187,1.187,120.005,1,"Chamäleon
Tiger
Ente
Ziege
Kuh
Esel
Schwein
Hund
Katze
Maus
Zecke
Ameis
Giraffe
Otter
Löwe
antilope
Elefant
Stier
Ochse
Schaf
Widder
Fisch
Affe
Gans
Kohlmeise
Grashüpfer
Schneeeule
Eule
Falke
Huhn
Pferd
Leguan
Eidechse
Meerschweinchen
Schnwein
Kaninchen
hase
Fuchs
Biber
Erdmännchen
Bär
Eisbär
Pinguin",25,2,4,6,6,1,,35,3,,3,0,1,141,10.46,81.95,40.5,7.49,15.67,23.4,87.94,60.99,28.37,22.7,9.22,2.13,2.84,0,2.84,0,10.64,10.64,9.22,5.67,5.67,11.35,9.22,2.13,10.64,1.42,16.31,5.67,0.71,0,0,2.13,7.8,3.55,4.26,1.42,0,0,21.99,2.84,0,0.71,1.42,16.31,3.55,0,2.13,4.26,4.26,2.84,4.26,1.42,1.42,0.71,4.96,2.84,0.71,0,0.71,12.77,6.38,4.26,1.42,0,0.71,10.64,0.71,0,18.44,2.84,12.06,3.55,1.42,0.71,0.71,0,0,1.42,0.71,0,0,0,0,0,12.06,6.38,5.67,0,0,0,0,0,0,0,0,0,0
2025-01-20 15:10:59,2025-01-20 15:18:18,0,38,438,0,2025-01-27 15:18:26,R_89hKa7Xl8PFIOcr,anonymous,EN,4,IS,KA,15,11,1,3,1,1,,,,,,,,,,,,,,,,,,,,,0,0,1.476,0,3.126,3.126,300.011,1,"Für mich war es sehr schwer von Land zu Land zu ziehen (Rumänien nach Spanien, und Spanien nach Deutschland). Die integration war alles andere als einfach, zwar wollte sich viele mit mir unterhalten, jedoch wollte ich immer nur zurück nach Spanien, weil es für mich mein Heimatsland war. Letzten Oktober war ich wieder da um meine alte freunde zu besuchen, und ich habe mich wie ein Außenseiter gefühlt. Ich fühle mich nirgends wohl; in Deutschland werde ich für immer ein Ausländer sein, in Rumänien bin ich auch ein Ausländer (bin dort geboren) weil ich die Sprache nicht fließend kann und in Spanien habe ich kein Anschluss mehr.",seitdem ich 3 bin,18,4,7,3,5,7,4,4,7,3,0,0,1.742,0,,,,,,,,,,,,,,,,,,,,,,,,,,,,,,,,,,,,,,,,,,,,,,,,,,,,,,,,,,,,,,,,,,,,,,,,,,,,,,,,,,,,,,,,,,,,,,,,,,,,,,,,,,,,0,0,12760,,,1,0,,,,,,,,,,,,,,,,,,,,,,,,,,,,,,,,,,,,,,,,,,,,,,,,,,,,,,,,,,,,,,,,,,,,,,,,,,,,,,,,,,,,,,,,,,,,,,,,,
2025-01-27 16:56:09,2025-01-27 17:30:41,0,100,2072,1,2025-01-27 17:30:42,R_80wnAh4pWrr3TtW,anonymous,EN,4,TR,OL,14,3,1,1,,1,1.25,1.613,4.121,2,1.416,1.416,300.019,1,"Die Freundin von meinem Kumpel hat an Weihnachten vor 2 Jahren aus dem nichts eine Hirnblutung gehabt und lag daraufhin für mehrere Monate im Koma. Bis heute arbeiten Sie daran ihre Sprachfähigkeit wiederherzustellen und die Motorik zu verbessern. Sie ist noch auf einer Seite großteils gelähmt aber kognitiv noch sehr gut drauf. Ich kann mir nicht vorstellen wie schlimm das für meinen Kumpel war und immer noch ist. Ich empfinde einfach nur Mitleid und da wurde mir klar, dass solche Dinge jedem passieren können. Sie war 19 Jahre alt und topfit, was das einfach nur noch unverständlicher alles macht. Die Nachricht in der Whatsapp-Gruppe an Weihnachten werde ich nicht vergessen.",vor 2 Jahren an Weihnachten,18,5,5,1,5,4,3,4,2,4,58.189,58.189,59.367,1,1.346,295.387,300.126,3,"Ein Mitarbeiter hat aus dem Tresor gestohlen, während ich auch Dienst hatte. Deswegen musste ich danach mehrmals zur Anhörung, wo derjenige der das verbrochen hat jeweils nicht aufgetaucht ist. War für eine Mitarbeiterin schlimm, weil sie auch verdächtigt wurde, aber da wurde das Gegenteil bewiesen, also ist alles gut gegangen für sie. War aufjedenfall spannend das mal alles mitzuerleben, auch wenn es auf mich wenig Wirkung hatte, außer den Stress zum Gericht fahren zu müssen.",vor 2 Jahren im Oktober,36,5,3,3,4,5,4,10,3,6,3.265,3.265,43.211,1,0.526,0.952,300.027,2,"Mir persönlich ist ehrlich gesagt nichts sehr schlimmes bisher passiert, was mich am meisten persönlich getroffen hat ist der Tod von meinem Opa. Es war zwar nach längerer Krankheit und somit zu erwarten, aber trotzdem sehr traurig, da wir ein gutes Verhältnis hatten. Das schlimmste daran war eigentlich die Reaktion von meiner Mutter und meinen Cousinen, die alle sehr emotional reagiert haben und ich meine Mutter vorher noch nie in dem Zustand gesehen habe. (Es war ihr Vater) 
Die kirchliche Andacht war wirklich bedrückend, da mein Opa im Dorf sehr bekannt war und zb auch im Kirchenchor gesungen hat. Deshalb waren sehr viele Menschen da um um ihn zu trauern.",1,5,5,5,5,letztes Jahr im März,20,6,5,2,3,5,4,9,3,5,0,0,0,2,0,2,1,1,0,0,0,0,0,1,0,1,1,0,2,2,1,2,1,0,2,1,1,1,0,1,1,1,2,1,0,1,0,1,1,0,0,3,3,2,2,4,4,4,3,2,2,6,6,2,3,6,"2,3",3,6,6,3,6,"2,3",3,3,6,6,3,1,1.15,108.798,120.015,4,"Pilot, Projektor, Projektil, Pandabär, Posaune, Pandemie, Porzellan, Polizei, Pille, Pilz, Pech, Pest, Peskitarier, Pool, Pfeil, Prophet, Perücke, P",0.818,0.818,120.117,1,"Hund, Katze, Maus, Pferd, Kuh, Ratte, Löwe, Tiger, Elefant, Giraffe, Nashorn, Wildschwein, Schwein, Huhn, Nilpferd, Dromedar, Antilope, Affe, Zebra, Fisch, Hai, Wal, Schildkröte, Qualle, Schnecke, Mücke, Fliege, Regenwurm, Biene, Hornisse,",24,1,4,11,5,1,,60,13,17545,13,0,1,110,9.04,62.89,85.17,1,22,28.18,96.36,63.64,14.55,10,7.27,0.91,0.91,0,0.91,0,1.82,1.82,0.91,3.64,7.27,10.91,11.82,10.91,14.55,1.82,18.18,9.09,1.82,0.91,0,8.18,6.36,0.91,5.45,0,0,4.55,18.18,5.45,0,1.82,2.73,24.55,5.45,6.36,3.64,3.64,2.73,4.55,2.73,0.91,1.82,0,3.64,0.91,0.91,0.91,0,6.36,4.55,0.91,0,0,0.91,11.82,4.55,0.91,15.45,0,10,6.36,0,0.91,0,0,1.82,1.82,0.91,0,0,0,0,0,10.91,4.55,4.55,0,0,0,0,0,0,0,1.82,0,0
2025-01-27 17:48:26,2025-01-27 18:25:06,0,100,2200,1,2025-01-27 18:25:06,R_8x3k5GrrBJKmNLr,anonymous,EN,4,SU,LE,22,7,1,1,,1,0,0,3.456,0,2.146,280.449,300.144,10,"vorletzte Woche bei meinem Job als wissenschaftliche Hilfskraft wurde mir negatives Feedback von einer Person gegeben. ich musste eine aufgäbe für meine Chefin erledigen. sie war die ersten zwei Wochen des jahres aufgrund von Erkrankung nicht zu erreichen. ich hatte keine Rückmeldungen und große Verantwortung für die Vorbereitung von Daten für einen wichtigen Vortrag. es gab eine Deadline die eingehalten werden musste. ich habe die aufgabe meines Erachtens sehr gut erledigt, sogar sehr viele überstünden geleistet obwohl ich viel für die uni zu tun hatte. dann habe ich am Freitag vor der abgäbe Feedback von einer anderen Wissenschaftlerin bekommen, dass meine Arbeit nicht gut genug sei. ich habe ihr erklärt was ich tun sollte und dass ich die Anweisungen meiner Chefin befolgt habe und alles richtig gemacht habe. sie hat mir unberechtigt negatives Feedback gegeben. ich habe geweint und mich unnötigerweise dumm gefühlt.",17.01.2025,19,4,4,3,5,2,5,11,7,5,0,0,46.625,0,2.36,247.593,300.049,2,"Meine Freundin ist an einem regnerischen Morgen zweimal fast ausgerutscht auf dem Weg zur Arbeit. Sie hatte Schuhe ohne Profil an. Der Boden war nass und glatt. Sie hat mir erzählt, dass es einmal am Frankfurter Hbf war und einmal als sie aus dem Bus aussteigen wollte.",vor 12 tagen,20,2,3,4,3,2,6,2,1,5,0,0,33.386,0,1.511,196.477,300.055,7,"das erste Ereignis an das ich denke ist meine erste Trennung. ich habe in Spanien gelebt und war 2 jähre mit meinem ersten freund zusammen. mein Vater war zu besuch und hatte ihn kennengelernt. am nächsten Abend hat er aus dem nichts mit mir Schluss gemacht. es war dunkel, wir waren gerade mit freunden was trinken gegangen, er brachte mich nachhause. als wir an meiner Türschwelle standen haben wir über ein Konzert geredet welches wir bald besuchen. wir hatten eine Meinungsverschiedenheit und es endete darin dass er sagte dass er nicht mehr in dieser Beziehung sein kann. ich habe geweint und bin hoch gegangen. am nächsten morgen fühlte ich mein herz brechen. tage habe ich nur geweint und gedacht ich sei nichts wert",5,5,5,5,4,september 2021,82,6,7,3,4,7,5,11,3,3,1,0,0,1,1,0,2,0,1,2,1,1,2,0,0,0,2,0,0,1,1,0,0,0,1,0,0,1,2,0,0,1,1,0,0,0,1,0,0,0,0,3,3,3,4,4,4,4,4,3,4,1,1,1,2,6,2,2,3,1,3,3,3,3,6,3,6,5,15,1.508,1.508,120.024,1,"pflaume, Pferd, Plüschtier, Pfosten, p-wert, pipi, Papier, pizza, Perfektionismus, plural, pause, Pier, Pression, Pudel, Pfanne, peitsche, Pusteblume, p",1.435,1.435,120.145,1,"Pferd, Eidechse Hund, Katze maus, Faultier, Schildkröte, fliege, Amsel, fisch, hai Seestern Meerschweinchen, Erdmännchen, gottesanbeterin, Ameise, Koala, Känguru, Storch, Adler, Tausendfüßer, Raupe, spinne, reh, Hirsch, Mammut,",23,2,4,4,5,1,,59,15,17539,15,0,1,123,1.37,68.73,99,6.51,12.3,21.95,95.93,62.6,25.2,19.51,10.57,4.07,0,0,0,0,4.88,4.88,0,4.07,5.69,10.57,17.89,3.25,10.57,2.44,29.27,8.13,1.63,1.63,3.25,2.44,4.07,1.63,2.44,0,0,2.44,18.7,0.81,1.63,0,4.88,13.01,5.69,0.81,0.81,0.81,3.25,1.63,4.07,0.81,1.63,0.81,2.44,0.81,0,0,0.81,13.82,8.13,4.88,2.44,0,0,15.45,7.32,1.63,23.58,3.25,10.57,12.2,0,0.81,0.81,0.81,0,0,0.81,0,0,0,0,0,8.94,7.32,1.63,0,0,0,0,0,0,0,0,0,0
2025-01-20 18:54:32,2025-01-20 19:03:11,0,38,518,0,2025-01-27 19:03:17,R_25LEQxwTVYfmKXf,anonymous,EN,4,SI,AB,16,3,1,1,,1,0,0,9.028,0,6.988,85.862,300.016,6,Meine Mutter bekam einen Anruf zum Tennisplatz zu kommen Meine Schwester und ich sollen bei Freunden warten. Wir bekamen den Aruf das es unser Vater nicht geschafft hat. Ganz viel weinen. Seine Leiche sehen.,2016,59,6,7,1,6,7,4,7,1,5,,,,,,,,,,,,,,,,,,,,,0,0,2.331,0,,,,,,,,,,,,,,,,,,,,,,,,,,,,,,,,,,,,,,,,,,,,,,,,,,,,,,,,,,,,,,,,,,,,,,,,,,,,,,,,,,,,,,,,,,,,,,,,,,,,,,,,,,,,0,0,16372,,,1,0,,,,,,,,,,,,,,,,,,,,,,,,,,,,,,,,,,,,,,,,,,,,,,,,,,,,,,,,,,,,,,,,,,,,,,,,,,,,,,,,,,,,,,,,,,,,,,,,,
2025-01-28 06:42:52,2025-01-28 07:28:38,0,100,2746,1,2025-01-28 07:28:39,R_8rIcX3F7sMpntHu,anonymous,EN,4,m,la,3,9,3,1,,1,21.387,21.387,47.962,1,0.438,0.438,397.073,1,"Ein negatives Erlebnis, an das ich mich erinnere, ist ein Streit, den ich vor einigen Jahren mit einer engen Freundin hatte. Es ging um ein Missverständnis, bei dem sie dachte, ich hätte etwas hinter ihrem Rücken gesagt, was nicht stimmte. Wir trafen uns in einem Café, um darüber zu sprechen, aber die Stimmung war von Anfang an angespannt. Sie sah mich kaum an, und ihre Stimme war ruhig, aber kalt.

Während sie ihre Perspektive schilderte, fühlte ich mich zunehmend missverstanden und verletzt. Ich hatte den Eindruck, dass sie mir nicht wirklich zuhörte, sondern sich schon ein Urteil gebildet hatte. Meine Gedanken kreisten um die Frage, wie es überhaupt so weit kommen konnte, denn wir hatten uns immer vertraut. Gleichzeitig spürte ich, wie mein Herz schneller schlug und meine Hände schwitzig wurden.

Ich versuchte, meine Sichtweise darzulegen, aber sie blockte ab und sagte, dass sie sich verraten fühlte. In diesem Moment überkam mich eine Mischung aus Wut und Traurigkeit. Ich nahm die Geräusche im Café kaum noch wahr – das Klappern von Tassen und das Murmeln der anderen Gäste verschwamm im Hintergrund.

Nach etwa einer Stunde endete das Gespräch ohne eine klare Lösung. Ich ging nach Hause und fühlte mich leer, aber auch frustriert. Ich dachte darüber nach, wie ich die Freundschaft retten könnte und ob sie überhaupt noch zu retten war. Dieses Erlebnis hat mich lange beschäftigt und mir gezeigt, wie schnell ein Missverständnis eine wichtige Beziehung belasten kann.",2020,81,5,5,4,5,6,4,7,5,5,6.957,6.957,26.263,1,0.858,0.858,328.14,1,"Hier ist ein passender Text zu der Aufgabe:

Ein Erlebnis, das weder besonders positiv noch negativ war, ereignete sich vor ein paar Jahren, als ich mit einem Freund in einem Einkaufszentrum war. Wir hatten uns entschieden, nach einem Geschenk für einen gemeinsamen Bekannten zu suchen. Es war ein gewöhnlicher Nachmittag, und das Einkaufszentrum war recht voll, aber nicht überfüllt. Die Hintergrundmusik war dezent, und hin und wieder hörte man das Klappern von Einkaufstüten oder leises Gesprächsgemurmel.

Wir gingen von Laden zu Laden, betrachteten verschiedene Produkte, ohne wirklich etwas Besonderes zu finden. Es war nicht langweilig, aber auch nicht wirklich spannend. Während wir durch die Regale stöberten, unterhielten wir uns über alltägliche Dinge – Arbeit, Pläne für das Wochenende und ein paar alte Anekdoten, die uns beide zum Schmunzeln brachten.

Ich erinnere mich daran, dass ich dabei die unterschiedlichen Farben und Texturen der Waren wahrnahm, das leise Piepen der Kassen hörte und den Geruch von frischem Kaffee aus einem nahegelegenen Café bemerkte. Die Zeit verging einfach so, ohne dass etwas Außergewöhnliches passierte. Schließlich entschieden wir uns für ein Buch als Geschenk und gingen noch auf einen Kaffee, bevor wir uns verabschiedeten.

Das Erlebnis hinterließ keinen großen Eindruck, aber es war ein neutraler, unspektakulärer Moment, der einfach Teil des Tages war.",2020,78,4,6,5,3,3,4,8,5,4,0,0,1.685,0,5.342,5.342,377.074,1,Ich wurde beim klauen erwischt. das hat mich sehr belastet. ich werde es nie mehr tun. und weiß nicht wieso ich es getan habe.,2,3,2,2,6,2020,42,5,4,3,5,4,4,8,4,4,2,1,1,2,2,3,2,2,1,2,1,1,1,2,2,1,1,2,3,4,2,1,1,2,2,1,1,1,0,1,1,1,1,1,1,2,2,2,1,1,1,2,3,4,3,3,2,2,2,2,2,4,3,2,3,3,4,3,2,2,3,4,5,3,3,3,3,2,9,3.965,51.63,120.103,4,"Papier, Pause, Pflanze, Paket, Pilz, Plakat, Polster, Portion, Problem, Produkt, Projekt, Punkt, Protokoll, Pfeffer, Pinsel, Planung, Plattform, Praxis, Preis, Programm, Panne, Papierkorb, Partei, Parade, Park, Parkbank, Parkhaus, Partner, Pass, Patzer, Pausebrot, Pech, Pelz, Pension, Perspektive, Personal, Pessimist, Pfad, Pfanne, Pflaster, Pflug, Pfosten, Pflege, Pflugschare, Phantasie, Phase, Physik, Pilger, Pipeline, Plätzchen, Paddel, Paddler, Palast, Palette, Panik, Panorama, Paprika, Parfum, Parkett, Partnerin, Passage, Passagier, Paste, Patent, Patrone, Pauke, Pausezeit, Pazifist, Pedal, Pegel, Pelikan, Perle, Pergament, Perspektivwechsel, Petersilie, Pfennig, Pflanztopf, Pflicht, Pfeife, Pfeil, Pfeiler, Phänomen, Philosophie, Phrase, Physiker, Picknick, Pilot, Pilotenanzug, Pinnwand, Pistole, Plastik, Platz, Plädoyer, Plan, Planet, Planungskonzept, Plattformbetreiber, Plattenspieler, Porzellan, Praxisgebühr, Pacht, Packer, Packung, Palmenblatt, Pandemie, Panflöte, Papagei, Papierfabrik, Papierflieger, Papiermühle, Paradeplatz, Parallele, Parameter, Parasit, Parfumflasche, Parkanlage, Parkettboden, Parkplatz, Parkplatzschild, Partnerprogramm, Passantenweg, Passierschein, Pasta, Pastete, Patenschaft, Patient, Patientenakte, Pauker, Pausenbrot, Pausensignal, Pedant, Pedanterie, Pelikanfeder, Pendel, Pendler, Pendlerverkehr, Penetration, Penny, Pensionär, Pensionskasse, Periode, Perser, Personalakte, Personalbüro, Personalmangel, Personalausweis, Perspektivwechsel, Perücke, Pest, Pestizid, Pfefferkorn, Pfefferstreuer, Pfeilerbrücke, Pfeilspitze, Phantombild, Philosophiegeschichte, Philosophiestudium, Phobie, Phonetik, Physiklabor, Physiklehrer, Physiotherapie, Pickel, Piekser, Piepsen, Pier, Piercing, Pilgerfahrt, Pille, Pinguin, Pinnadeln, Pinnwandnotiz, Pistazie, Pizzeria, Platzhalter, Platzierung, Plattfisch, Plattling, Plattenspielerarm, Pleite, Plenarsitzung, Plicht, Plumpsklo, Podest, Podcast, Podium, Polizei, Polizeiwache, Polizeibeamter, Politur, Polygon, Polype, Pomp, Pompösität, Popmusik, Popstar, Portionierer, Porträt, Positivität, Postamt, Postbote, Postkarte, Poststempel, Präambel, Präferenz, Prävention, Praline, Prämie, Prämisse, Präsident,",1.17,48.028,120.107,9,"Hund, Katze, Maus, Elefant, Löwe, Tiger, Giraffe, Zebra, Nilpferd, Nashorn, Krokodil, Alligator, Schlange, Schildkröte, Frosch, Kröte, Affe, Orang-Utan, Schimpanse, Gorilla, Delfin, Wal, Hai, Robbe, Seehund, Pinguin, Eisbär, Braunbär, Panda, Wolf, Fuchs, Dachs, Wildschwein, Reh, Hirsch, Elch, Biber, Otter, Adler, Falke, Habicht, Krähe, Rabe, Specht, Eule, Uhu, Schwan, Ente, Gans, Taube, Spatz, Möwe, Kolibri, Strauß, Pfau, Flamingo, Koala, Känguru, Wombat, Opossum, Kamel, Lama, Alpaka, Faultier, Ameisenbär, Stachelschwein, Schneeleopard, Gepard, Jaguar, Puma, Waschbär, Ozelot, Marder, Hermelin, Luchs, Walross, Blauwal, Orca, Rochen, Seepferdchen, Thunfisch, Makrele, Hering, Forelle, Karpfen, Aal, Qualle, Krabbe, Hummer, Languste, Tintenfisch, Oktopus, Seeanemone, Koralle, Seestern, Regenwurm, Tausendfüßler, Grashüpfer, Schmetterling, Marienkäfer, Erdmännchen, Waran, Chamäleon, Leguan, Kobra, Python, Anaconda, Klapperschlange, Seelöwe, Murmeltier, Feldhamster, Meerschweinchen, Kaninchen, Hase, Hamster, Eichhörnchen, Streifenhörnchen, Maulwurf, Igel, Spitzmaus, Gürteltier, Tapir, Antilope, Gazelle, Oryx, Springbock, Mungo, Hyäne, Schakal, Dingo, Wiesel, Bison, Büffel, Yak, Rind, Ziege, Schaf, Pferd, Esel, Huhn, Hahn, Truthahn, Gockel, Straußenvogel, Albatros, Pelikan, Kormoran, Lachs, Zander, Dorsch, Heilbutt, Rotbarsch, Scholle, Seelachs, Sardine, Krake, Nautilus, Hering, Walhai, Hammerhai, Zitteraal, Mondfisch, Barrakuda, Stör, Flunder, Manta, Karpfenfisch, Stichling, Auster, Muschel, Schnecke, Weinbergschnecke, Tintenfisch, Holzbiene, Hornisse, Wespe, Biene, Hummel, Ameise, Termite, Libelle, Zikade, Grille, Heuschrecke, Gottesanbeterin, Skorpion, Spinne, Tarantel, Vogelspinne, Weberknecht, Seeskorpion, Krabbe, Garnelen, Seegurke, Korallenpolyp, Seeigel, Plankton, Qualle, Leuchtfisch, Seepolyp.",34,2,4,6,4,1,,87,36,17551,36,1,1,24,1,1.97,92.62,1,6,8.33,91.67,75,29.17,16.67,16.67,0,0,0,0,0,0,0,0,8.33,4.17,4.17,29.17,8.33,8.33,8.33,33.33,4.17,4.17,4.17,0,8.33,4.17,0,4.17,0,0,4.17,8.33,0,0,0,0,16.67,4.17,4.17,0,0,12.5,4.17,0,0,0,0,0,0,0,0,0,4.17,0,4.17,0,0,0,8.33,12.5,4.17,4.17,0,0,4.17,0,0,0,0,0,0,0,0,0,0,0,0,16.67,16.67,0,0,0,0,0,0,0,0,0,0,0
2025-01-21 09:06:12,2025-01-21 09:06:42,0,2,29,0,2025-01-28 09:06:45,R_8DULq9yJTT5flai,anonymous,EN,4,,,,,,,,,,,,,,,,,,,,,,,,,,,,,,,,,,,,,,,,,,,,,,,,,,,,,,,,,,,,,,,,,,,,,,,,,,,,,,,,,,,,,,,,,,,,,,,,,,,,,,,,,,,,,,,,,,,,,,,,,,,,,,,,,,,,,,,,,,,,,,,,,,,,,,,,,,,,,,,,0,0,,,,1,0,,,,,,,,,,,,,,,,,,,,,,,,,,,,,,,,,,,,,,,,,,,,,,,,,,,,,,,,,,,,,,,,,,,,,,,,,,,,,,,,,,,,,,,,,,,,,,,,,
2025-01-21 08:57:41,2025-01-21 09:08:29,0,38,647,0,2025-01-28 09:09:22,R_8v8nM73uyCwc9mp,anonymous,EN,4,BÄ,SE,16,2,1,1,,1,,,,,,,,,,,,,,,,,,,,,0,0,18.536,0,1.613,293.932,300.025,11,"Ich bin heute mit dem Auto zu meiner Arbeitsstelle gefahren. Es gab keine besonderen Vorkommnisse, eigentlich ist mir die Fahrt völlig egal. Ich habe Radio gehört, einmal wurde mir die Vorfahrt genommen, es gab keinen Stau und es war einigermaßen leer auf den Straßen. Herr Merz wurde im Radio interviewt und hat nicht nur Unfug geredet (sehr ungewöhnlich). Ich habe einen guten Parkplatz gefunden.
Ich werde mich mit Sicherheit in einer oder zwei Wochen nicht mehr an diese Fahrt erinnern können.",Heute von 6:45 bis 7:30,0,7,1,4,6,1,7,11,4,7,0,0,2.576,0,,,,,,,,,,,,,,,,,,,,,,,,,,,,,,,,,,,,,,,,,,,,,,,,,,,,,,,,,,,,,,,,,,,,,,,,,,,,,,,,,,,,,,,,,,,,,,,,,,,,,,,,,,,,0,0,,,,1,0,,,,,,,,,,,,,,,,,,,,,,,,,,,,,,,,,,,,,,,,,,,,,,,,,,,,,,,,,,,,,,,,,,,,,,,,,,,,,,,,,,,,,,,,,,,,,,,,,
2025-01-21 12:44:25,2025-01-21 12:47:34,0,15,189,0,2025-01-28 12:47:36,R_8KW3DbZ4FoVdFee,anonymous,EN,4,CH,JU,15,12,3,1,,1,,,,,,,,,,,,,,,,,,,,,,,,,,,,,,,,,,,,,,,,,,,,,,,,,,,,,,,,,,,,,,,,,,,,,,,,,,,,,,,,,,,,,,,,,,,,,,,,,,,,,,,,,,,,,,,,,,,,,,,,,,,,,,,,,,,,,,,,,,,,,,,,,,,,,,,,0,0,,,,1,0,,,,,,,,,,,,,,,,,,,,,,,,,,,,,,,,,,,,,,,,,,,,,,,,,,,,,,,,,,,,,,,,,,,,,,,,,,,,,,,,,,,,,,,,,,,,,,,,,
2025-01-21 20:41:41,2025-01-21 20:44:44,0,15,182,0,2025-01-28 20:44:54,R_2sjD4nGx4MrhnwJ,anonymous,EN,4,Ur,MA,21,3,1,1,,1,,,,,,,,,,,,,,,,,,,,,,,,,,,,,,,,,,,,,,,,,,,,,,,,,,,,,,,,,,,,,,,,,,,,,,,,,,,,,,,,,,,,,,,,,,,,,,,,,,,,,,,,,,,,,,,,,,,,,,,,,,,,,,,,,,,,,,,,,,,,,,,,,,,,,,,,0,0,,,,1,0,,,,,,,,,,,,,,,,,,,,,,,,,,,,,,,,,,,,,,,,,,,,,,,,,,,,,,,,,,,,,,,,,,,,,,,,,,,,,,,,,,,,,,,,,,,,,,,,,
2025-01-22 07:12:29,2025-01-22 07:16:49,0,16,259,0,2025-01-29 07:16:52,R_2n1O8JVvcWKjB7z,anonymous,EN,4,NI,ST,28,11,1,1,,1,,,,,,,,,,,,,,,,,,,,,,,,,,,,,,,,,,,,,,,,,,,,,,,,,,,,,,,,,,,,,,,,,,,,,,,,,,,,,,,,,,,,,,,,,,,,,,,,,,,,,,,,,,,,,,,,,,,,,,,,,,,,,,,,,,,,,,,,,,,,,,,,,,,,,,,,0,0,,,,1,0,,,,,,,,,,,,,,,,,,,,,,,,,,,,,,,,,,,,,,,,,,,,,,,,,,,,,,,,,,,,,,,,,,,,,,,,,,,,,,,,,,,,,,,,,,,,,,,,,
2025-01-22 10:41:44,2025-01-22 10:50:39,0,15,534,0,2025-01-29 10:50:42,R_21jPsWLDsjWJhNn,anonymous,EN,4,MA,JU,9,2,1,1,,1,,,,,,,,,,,,,,,,,,,,,,,,,,,,,,,,,,,,,,,,,,,,,,,,,,,,,,,,,,,,,,,,,,,,,,,,,,,,,,,,,,,,,,,,,,,,,,,,,,,,,,,,,,,,,,,,,,,,,,,,,,,,,,,,,,,,,,,,,,,,,,,,,,,,,,,,0,0,,,,1,0,,,,,,,,,,,,,,,,,,,,,,,,,,,,,,,,,,,,,,,,,,,,,,,,,,,,,,,,,,,,,,,,,,,,,,,,,,,,,,,,,,,,,,,,,,,,,,,,,
2025-01-22 17:07:56,2025-01-22 17:09:58,0,19,121,0,2025-01-29 17:10:03,R_2nsfLyANHCFt4Xf,anonymous,EN,4,Me,Ma,16,6,1,1,,1,,,,,,,,,,,,,,,,,,,,,0,0,1.196,0,,,,,,,,,,,,,,,,,,,,,,,,,,,,,,,,,,,,,,,,,,,,,,,,,,,,,,,,,,,,,,,,,,,,,,,,,,,,,,,,,,,,,,,,,,,,,,,,,,,,,,,,,,,,,,,,,,,,,,,,,,,,,,,,0,0,,,,1,0,,,,,,,,,,,,,,,,,,,,,,,,,,,,,,,,,,,,,,,,,,,,,,,,,,,,,,,,,,,,,,,,,,,,,,,,,,,,,,,,,,,,,,,,,,,,,,,,,
2025-01-29 13:46:08,2025-01-29 23:55:56,0,100,36588,1,2025-01-29 23:55:57,R_2rJ4REn7HdULpsd,anonymous,EN,4,SO,NI,14,8,1,1,,1,0,0,21.072,0,8.292,261.369,300.115,3,Die Diagnose einer sehr nah stehenden Person mit Leukämie. Der genaue Anruf in dem mir Bescheid gesagt wurde. In dem Moment dachte ich es handele sich um einen schlechten Witz. Es hat sich angefühlt als würde mir der Boden unter den Füßen weggezogen werden.,Vor ca 6 Jahren,47,5,7,1,5,6,6,9,6,4,0,0,24.025,0,2.38,299.89,300.112,9,Das wiedersehen mit Bekannten aus der Schulzeit mit denen ich nicht befreundet war. Es war komisch und ungewohnt aber nicht unbedingt negativ aber auch nicht positiv. Es war irgendwie einfach neutral.,Anfang 2024,12,6,2,4,2,2,2,10,4,6,9.715,20.028,22.327,3,1.907,215.644,300.036,29,"Im Flugzeug hat eine Frau paar Reihen vor mir einen Anfall gehabt. Wir mussten in Folge dessen notlanden, da unklar war was wirklich los war.
Die gesamte Situation war sehr bedrückend und belastend. Man hat die Frau und den angehörigen schreien gehört.",4,2,2,5,3,Im September 2024,29,6,5,2,6,3,3,8,1,5,1,1,1,1,1,1,1,0,0,0,0,0,0,0,0,0,0,1,1,1,1,1,0,0,1,0,2,1,0,0,0,2,0,0,0,0,0,0,1,0,0,3,3,3,3,3,3,3,3,3,3,"1,2",3,2,"1,2",6,2,6,6,1,6,6,"1,2",2,6,6,6,"1,2",12,2.24,100.945,120.015,10,"Papa
Plötzlich 
Polizei
Paket
Politik
Papagei
Per 
Passen
Post",3.244,42.393,120.014,6,"Löwe
Hai
Hase
Katze
Hund
Kaninchen
Pferd
Fische
Schlange
Maus
Ratte
Taube
Vogel
Tiger
Laus
Zecke
Hamster
Skorpion 
Schwein
Kuh
Schaf
Ziege
Hase
Meerschwein 
Giraffe
Elefant",19,2,4,11,5,1,,49,10,15733,10,0,1,42,61.44,92.07,10.99,1,10.5,23.81,95.24,57.14,14.29,7.14,2.38,2.38,0,0,0,0,2.38,2.38,0,9.52,11.9,7.14,16.67,2.38,7.14,0,19.05,7.14,0,2.38,0,7.14,7.14,0,7.14,0,0,4.76,16.67,7.14,2.38,4.76,0,14.29,2.38,4.76,2.38,2.38,2.38,0,2.38,0,2.38,0,2.38,2.38,2.38,0,0,14.29,4.76,4.76,4.76,0,0,11.9,4.76,0,16.67,7.14,7.14,4.76,0,0,0,0,0,0,2.38,0,0,0,0,0,11.9,9.52,2.38,0,0,0,0,0,0,0,0,0,0
2025-01-31 13:46:05,2025-01-31 14:18:42,0,100,1957,1,2025-01-31 14:18:43,R_2jdj6ThoHzCqKnz,anonymous,EN,4,RI,SO,3,4,1,1,,1,11.065,11.065,64.25,1,0.547,0.547,301.168,1,"Manchmal gibt es Momente im Leben, die uns noch lange begleiten – nicht, weil sie traumatisch waren, sondern weil sie Spuren hinterlassen haben. Es sind Erlebnisse, die uns herausgefordert, enttäuscht oder verletzt haben, ohne uns vollständig aus der Bahn zu werfen.

Ich erinnere mich an eine Situation, die mir lange im Gedächtnis blieb. Es war ein Moment, in dem ich mich hilflos und unverstanden fühlte. Jemand, dem ich vertraut hatte, hatte mich enttäuscht – nicht mit böser Absicht, aber mit Worten, die schärfer trafen, als sie es vielleicht sollten. Ich erinnere mich an die Enge in meiner Brust, das aufsteigende Gefühl von Wut und Traurigkeit zugleich. Ich wollte etwas erwidern, wollte mich erklären, doch die Worte blieben mir im Hals stecken. Stattdessen schwieg ich, ließ den Moment verstreichen, ließ die Enttäuschung unausgesprochen in mir wachsen.

Später, als die Situation längst vorüber war, kehrte sie in meinen Gedanken immer wieder zurück. Hätte ich anders reagieren sollen? Hätte ich meine Gefühle mitteilen müssen? Oder war es besser, einfach loszulassen?

Mit der Zeit wurde mir klar, dass solche Erlebnisse Teil des Lebens sind. Menschen enttäuschen einander – nicht immer aus Bosheit, sondern oft aus Unachtsamkeit oder aus ihren eigenen Unsicherheiten heraus. Heute sehe ich diesen Moment als eine Lektion: Nicht jedes Schweigen schützt vor Schmerz, und nicht jede Enttäuschung muss ein Bruch bedeuten.

Rückblickend frage ich mich, ob es vielleicht weniger um das Erlebnis selbst ging als um das, was es in mir ausgelöst hat. Und vielleicht ist genau das die wichtigste Erkenntnis: Dass es nicht nur darum geht, was uns widerfährt, sondern wie wir damit umgehen und was wir daraus mitnehmen.",12 monate,40,5,7,5,4,5,4,4,3,5,5.134,5.134,6.972,1,35.301,35.301,300.03,1,"Es gibt Erlebnisse, die nicht besonders herausragend sind – weder besonders erfreulich noch besonders belastend. Sie passieren einfach, werden registriert und verblassen mit der Zeit, ohne tiefe emotionale Spuren zu hinterlassen.

Ich erinnere mich an einen Tag, der genau in diese Kategorie fällt. Es war ein gewöhnlicher Wochentag, vielleicht ein Mittwoch oder Donnerstag. Ich war unterwegs, vielleicht auf dem Weg zur Arbeit oder nach Hause, als ich an einer Ampel stehen blieb und auf das Grün wartete. Neben mir standen andere Menschen, ebenso in Gedanken versunken oder mit ihren Handys beschäftigt.

Der Moment war nicht besonders bemerkenswert, doch ich erinnere mich an kleine Details. Der Himmel war grau, nicht düster, aber auch nicht strahlend. Ein leichter Wind wehte, nicht unangenehm, aber spürbar. In der Ferne hörte ich das Brummen der Stadt – Autos, Gespräche, vielleicht ein Hund, der bellte.

Ich dachte über nichts Konkretes nach. Mein Kopf war weder von Sorgen belastet noch von besonderer Freude erfüllt. Ich war einfach da, in diesem Moment, wartete, überquerte dann die Straße und ging weiter.

Es war ein typischer Moment des Lebens – eines von den Erlebnissen, die man sofort wieder vergisst, weil sie nicht von großer Bedeutung sind. Und doch sind es genau diese alltäglichen Situationen, die unser Leben ausmachen: die neutralen, unaufgeregten Augenblicke, die den Rahmen für all die großen und kleinen Ereignisse bieten, die wir als bedeutsam wahrnehmen.",3 wochen,32,4,3,4,5,4,4,5,3,3,0,0,1.453,0,0.686,0.686,362.77,1,"Es gibt Momente im Leben, die tief in unserem Inneren Spuren hinterlassen. Einer dieser Momente war für mich [hier den Zeitpunkt nennen, z. B. „vor einigen Jahren“]. Es geschah plötzlich und unerwartet, und doch erinnere ich mich an jedes Detail so klar, als wäre es erst gestern gewesen.

Ich war [Ort und Situation beschreiben] und dachte an nichts Schlimmes. Doch dann geschah etwas, das alles veränderte. [Hier die Situation detaillierter beschreiben]. Ich erinnere mich an das Gefühl, als würde mir der Boden unter den Füßen weggezogen. Mein Herz schlug schneller, meine Hände wurden kalt, und mein Körper fühlte sich schwer an, als könnte ich mich nicht mehr bewegen.

Ich konnte nicht glauben, was geschehen war. In meinem Kopf kreisten Fragen wie: „Warum passiert das gerade? Warum kann ich es nicht aufhalten?“ Ich wollte reagieren, wollte die Kontrolle über die Situation zurückgewinnen, doch ich war wie gelähmt.

In den Tagen und Wochen danach hat mich das Erlebnis nicht losgelassen. Ich habe darüber nachgedacht, ob ich etwas anders hätte machen können, ob es Zeichen gab, die ich übersehen hatte. Ich fühlte mich [hier die Gefühle beschreiben: hilflos, wütend, traurig, verwirrt …].

Heute blicke ich mit gemischten Gefühlen darauf zurück. Es ist ein Teil meiner Vergangenheit, ein Teil von mir geworden. Vielleicht hat es mich stärker gemacht, vielleicht hat es mich vorsichtiger werden lassen. Aber eins weiß ich sicher: Es hat mich verändert.",1,2,2,1,6,Januar 2023,64,5,1,1,3,4,2,10,1,1,1,1,1,3,3,0,3,2,1,0,2,2,2,2,3,2,2,2,3,1,2,1,2,3,2,2,3,1,0,3,1,1,2,1,1,2,1,2,3,1,0,3,2,3,2,2,3,1,3,1,2,5,3,1,1,5,5,4,3,1,"4,5",6,1,1,"1,3",5,5,"1,2",4,2.677,2.677,120.108,1,"Papagei 
Paradis
Pommes
Pflaume
Papier
Pudding
Polizei
Pilot
purpur
Person
Persönlichkeit
Peer Group",1.209,1.209,120.008,1,"affe
giraffe
schmetterling
pferd
kanninchen
hamster
spinne
vogel
fische
delfin
wal
esel
ziege
schaf
leopard
gepard
tiger
löwe
hund
katze
maus
gottesanbeterin
echse
eidechse
schildkröte
ratte
marinkäfer
reh
hirsch
wolf
biene
hummel
wespe
nashorn
opossum
nilpferd",23,2,4,5,5,1,,92,36,16171,36,1,1,229,2.38,10.97,99,37.44,10.9,24.45,95.63,60.26,22.71,13.97,13.1,0.44,0,0,0,0,0,0,0,6.99,7.42,9.17,12.66,8.73,11.35,2.18,23.58,9.61,3.49,3.06,0.87,3.49,7.86,4.37,3.49,0.87,0.87,1.31,7.86,0,0,0,0,27.51,6.55,4.37,3.06,4.8,5.24,5.68,4.37,1.75,0,2.62,3.93,2.62,0.44,0,0,6.55,0.87,3.06,1.75,0,1.31,10.92,5.24,0.44,20.52,1.75,10.48,10.48,0,0,0,0.44,0.44,0,0.44,0,0,0,0,0,24.89,9.61,8.73,1.31,0,0.87,0,0,0.87,0,0,3.49,0
2025-01-31 15:23:40,2025-01-31 15:54:52,0,100,1872,1,2025-01-31 15:54:53,R_8Oi77wcy7CKcHsm,anonymous,EN,4,SA,CH,17,8,3,1,,1,0,0,1.298,0,78.948,78.948,300.79,1,meine beste Freundin hat die freundschaft zu mir gekündigt,2022 Mai,50,5,6,3,5,6,4,11,6,4,0,0,1.601,0,0.944,143.937,300.015,2,Mädchen aus meiner Schule wurde gemobbt und belästigt von anderen Schülern,2020 sommer,87,5,5,2,4,5,4,6,3,5,0,0,1.42,0,0.987,0.987,300.119,1,"meine Eltern haben sich getrennt und danach haben sie sich nur über Anwälte bekriegt und meine Mutter hat mir Imme wieder gesagt, wie schlimm und scheiße mein Vater ist und alles dafür getan, dass ich ein schlechtes bild von ihm habe.",2,5,5,1,6,2012,51,5,6,6,6,6,5,9,5,6,1,2,2,2,2,1,1,1,1,1,1,1,1,1,1,1,1,0,2,2,1,0,1,0,1,1,0,1,0,0,1,1,1,1,0,1,0,1,0,0,0,3,3,3,2,3,3,3,3,3,3,6,6,2,3,6,6,6,6,1,6,6,6,6,6,6,6,5,8,1.003,104.737,120.034,7,"Papagei
papier 
plane
pech
Parkplatz
patent
partner
partei
plan
planlos
papa
pastor
pastel
palaber",1.186,68.791,165.114,6,"hund
Katze
maus
Pferd
hase
hamster
Elch
wal
fisch
wurm
vogel
geh",21,2,4,4,5,1,,65,25,17470,25,0,1,41,1,61.75,46.16,1,41,14.63,92.68,68.29,24.39,21.95,12.2,0,0,0,0,0,4.88,4.88,2.44,2.44,2.44,9.76,14.63,7.32,14.63,0,19.51,7.32,2.44,2.44,0,2.44,12.2,2.44,9.76,0,2.44,7.32,21.95,7.32,0,2.44,2.44,12.2,4.88,2.44,0,0,2.44,0,4.88,2.44,2.44,0,4.88,2.44,0,2.44,0,14.63,7.32,7.32,0,0,0,4.88,7.32,0,9.76,0,4.88,4.88,0,0,0,0,0,0,2.44,2.44,0,0,0,0,7.32,2.44,4.88,0,0,0,0,0,0,0,0,0,0
2025-01-31 16:07:03,2025-01-31 16:47:56,0,100,2452,1,2025-01-31 16:47:57,R_2l5enaKHv2A5VEZ,anonymous,EN,4,EV,TH,26,2,1,1,,1,0,0,1.601,0,0.701,231.439,300.039,6,"Ich habe mit einem Mann eine Beziehung beendet, als ich erfahren habe, dass er eine andere trifft und mir immer sagte, er hat keine Zeit für Treffen. 
Ich war sehr traurig, weil ich es nicht verstanden habe. Ich habe es größtenteils für mich alleine verarbeitetet, wollte nicht viele Personen darin involvieren. Ich habe irgendwann entschieden ihn loszulassen. Er hat jetzt ein Kind mit der anderen Frau, ich wünsche ihm, dass er glücklich ist. Ich bin glücklich und froh, wie es gekommen ist.",Januar 2020,85,5,5,5,4,4,2,11,5,7,0,0,48.596,0,0.881,147.619,300.044,9,"Ich habe mich mit einem Mann getroffen - es war das erste Treffen, ein Date. Wir sind spazieren gegangen, er hat die ganze Zeit geredet - viel zu schnell, zu viel. Ich habe selten etwas verstehen können. Ich habe es angesprochen, es hat nichts gebracht. Nach einer Weile, ich glaube eine gute Stunde, haben wir uns verabschiedet. Ich habe ihn danach nie wieder gesehen. Ich kann mich auch nicht mehr an sein Aussehen erinnern, nur noch, dass es unangenehm war - weder besonders positiv noch besonders negativ.",2019,100,5,3,4,3,1,3,11,3,7,0,0,4.788,0,2.479,294.776,300.149,19,"Meine beste Freundin ist bei einem Autounfall ums Leben gekommen. Ihre Mama hat die Vorfahrt einem anderen Auto genommen, das Auto ist in sie reingefahren. Sie wurde mehrmals wiederbelebt und starb nach mehreren Stunden im Krankenhaus. Ihre Mama wurde schwer verletzt. Ich habe am nächsten Tag durch eine andere Freundin davon erfahren.",3,5,3,5,6,"10.06.2018, 14 Uhr",42,7,7,1,6,7,2,3,3,3,1,0,0,1,0,1,1,0,0,0,0,0,0,0,0,0,0,0,0,1,0,1,0,0,1,0,0,1,0,0,0,0,1,0,0,0,0,1,2,0,0,4,4,4,3,4,4,4,4,4,3,5,6,"1,2,3",6,6,6,6,5,1,6,6,3,1,6,3,6,6,15,4.611,111.807,120.116,11,"Pflaume, Pavian, Pavillon, Paprika, Papa, Penis, Pantoffeln, Pappe, Pfeffer, Priester, Pinguin, Pop, Poms",1.768,36.793,120.032,2,"Pinguin, Pavian, Ameise, Ameisenbär, Kuh, Reh, Hund, Hirsch, Katze, Hamster, Meerschweinchen, Ratte, Maus, Fliege, Chamäleon, Eidechse, Schlange, Fisch, Käfer, Adler, Falke, Blauwal, Delfin,",25,2,4,6,5,2,"Ich habe die erste Aufgabe falsch verstanden, ich dachte ich habe nach dem Textfeld nochmal die Möglichkeit das schlimmste Ereignis bzgl der Gefühle zu erklären",50,5,11260,5,0,1,52,88.79,75.3,39.47,1.09,10.4,30.77,90.38,53.85,21.15,15.38,3.85,0,0,0,0,0,11.54,11.54,7.69,7.69,11.54,15.38,11.54,1.92,5.77,0,17.31,9.62,1.92,0,0,1.92,5.77,1.92,3.85,0,0,1.92,17.31,3.85,3.85,7.69,0,9.62,3.85,0,0,0,0,3.85,1.92,0,0,1.92,7.69,0,3.85,0,0,9.62,3.85,1.92,3.85,1.92,0,9.62,7.69,0,21.15,7.69,9.62,5.77,3.85,3.85,0,0,0,1.92,0,0,0,0,0,0,11.54,9.62,1.92,0,0,0,0,0,0,0,0,0,0
2025-01-31 23:51:13,2025-02-01 01:19:14,0,100,5280,1,2025-02-01 01:19:14,R_8pn9DGGBVAhWh10,anonymous,EN,4,St,Ta,21,5,1,1,,1,0,0,4.8,0,0.79,128,300.139,3,"Ich habe einen Kater welcher mir wirklich alles bedeutet. Vor zwei Jahren hatten wir einen Imker da, um ein Hornissenest zu entfernen und die Katzen waren alle sehr verschreckt. Nachdem der Imker weg war, haben wir meinen Kater nicht wieder gefunden und vergeblich nach ihm gesucht. Ich erinnere mich daran, wie ich in mein Zimmer ging und einfach nur weinte und daran denken musste, dass ich ihn nie wieder sehe. Glücklicherweise haben wir ihn nach einer Stunde wieder gefunden und er hat sich einfach nur in der kleinstmöglichen Ecke versteckt.",2023,60,5,5,2,5,3,5,1,5,5,0,0,50.236,0,0.6,103.3,301.349,3,"Eine meiner Freundinnen war beim Frauenarzt und hat dann ein paar Tage später eine super unerwartete Nachricht bekommen. Sie wurde leicht positiv auf eine Geschlechtskrankheit getestet. Das komische an dem Thema war, dass sie noch nie sexuelle Erfahrungen gemacht hat, also muss sie sich die Krankheit woanders eingefangen haben. Da es nichts schlimmes ist, ist es nicht negativ, aber da es auch nicht gut ist, ist es auch nicht positiv. Wenigstens hatten wir alle was zum Lachen.",Vor einer Woche,0,1,2,4,2,1,2,1,2,1,0,0,20.664,0,0.87,285.54,300.112,13,"Als ich 8 Jahre alt war, ist mein Vater fast bei einem Motorradunfall gestorben. Ich war an dem Tag zu Hause und war morgens noch mit meinen Eltern frühstücken und dann ist mein Vater zu seiner Schwester gefahren. Meine Mutter und ich sind zu Hause geblieben. Nachdem mein Vater seit mehreren Stunden nicht zurückgekommen ist und auch nicht erreichbar war, riefen wir alle anderen an bei denen er vielleicht sein könnte. Meine Oma war auch bei uns. Irgendwann wurde meine Mutter dann angerufen und es war das Krankenhaus die ihr sagte, dass mein Vater mit dem Helikopter eingeflogen wurde und in Lebensgefahr schwebt. Ich habe das ganze nicht gehört und erinnere mich nur daran wie ich meiner Oma am Ärmel gezogen habe und weinen gefragt habe, ob Papa tot sei und meine Oma mir nicht antworten konnte, weil sie nicht wusste was die Lage ist und ich habe einfach nur immer und immer wieder gefragt, ob Papa tot ist. Dann sind wir los gefahren ins Krankenhaus und ich erinnere mich nur daran wie meine Mutter hyperventiliert ist und mein Bruder und meine Oma versucht haben sie zu beruhigen und ich habe einfach nichts mehr verstanden. Ko",5,5,3,4,5,April 2011,8,3,3,1,5,1,3,1,4,2,0,0,0,0,0,0,0,0,3,0,3,2,3,3,1,0,2,3,3,3,2,1,2,0,3,2,2,2,1,2,1,2,2,1,1,2,3,3,2,2,2,3,3,2,3,3,2,3,3,2,3,3,6,3,"3,6",6,3,6,3,1,6,6,3,1,6,6,6,"1,2,3",3,1.1,11.47,120.007,2,"Puppe, Pistole, Piercing, Patrone, Portemonnaie, Plastik, Pflanze, PC, Papier, Prellung, Pappe, Pinata, Panne, Pfanne, Pfarrer, Pink, Pfirsich, Pflaume, Panzer, Pan",1.2,63.595,120.007,2,"Hai, Katze, Hund, Maus, Ratte, Bieber, Otter, Vogel, Opposum, Kaninchen, Hase, Fuchs, Reh, Wal, Fisch, Ziege, Esel, Pferd, Tiger, Leopard, Giraffe, Löwe, Mader, Krokodil, Waschbär, Panda, Affe, Delfin, Pinguin, Robbe, Seelöwe, Schmetterl",21,2,4,4,5,1,,91,26,9259,26,0,1,196,1,37.69,99,28.19,21.78,17.86,95.41,66.33,20.92,17.35,12.24,1.53,0.51,0,0.51,0,3.57,3.57,1.53,2.55,4.08,9.18,16.84,6.12,17.35,3.06,25,5.1,2.04,2.55,1.53,3.57,1.53,1.02,0.51,0,0,0.51,18.37,8.16,0.51,4.08,4.08,18.37,6.63,1.53,0.51,3.57,5.1,5.1,1.53,0,1.53,0,5.61,0,1.53,0,0.51,10.2,6.63,2.55,0,0.51,1.02,11.22,6.63,0.51,15.31,3.06,6.63,6.63,1.02,0,1.02,0,0,1.53,1.02,0,0,0,0,0,7.14,4.08,3.06,0,0,0,0,0,0,0,0,0,0
2025-01-25 14:30:31,2025-01-25 14:31:13,0,2,42,0,2025-02-01 14:31:15,R_8hAyLB9o8N2gfjX,anonymous,EN,4,,,,,,,,,,,,,,,,,,,,,,,,,,,,,,,,,,,,,,,,,,,,,,,,,,,,,,,,,,,,,,,,,,,,,,,,,,,,,,,,,,,,,,,,,,,,,,,,,,,,,,,,,,,,,,,,,,,,,,,,,,,,,,,,,,,,,,,,,,,,,,,,,,,,,,,,,,,,,,,,0,0,,,,1,0,,,,,,,,,,,,,,,,,,,,,,,,,,,,,,,,,,,,,,,,,,,,,,,,,,,,,,,,,,,,,,,,,,,,,,,,,,,,,,,,,,,,,,,,,,,,,,,,,
2025-02-01 19:02:54,2025-02-01 19:36:26,0,100,2011,1,2025-02-01 19:36:26,R_8xPjMz7vrxKnjdm,anonymous,EN,4,Ri,An,1,1,1,1,,1,1.529,1.529,2.881,1,118.138,123.361,300.197,3,"Ich hatte eine wirklich schlimme Erfahrung mit der Wohnungssuche in Deutschland. Monatelang habe ich nach einer bezahlbaren Wohnung in einer Großstadt wie Berlin oder München gesucht, aber immer wieder Absagen bekommen – entweder weil ich kein festes Einkommen hatte oder weil man von mir einen deutschen Bürgen verlangte. Als ich endlich eine Wohnung fand, musste ich eine extrem hohe Kaution zahlen und zusätzlich eine Maklergebühr, was mein gesamtes Erspartes aufbrauchte. Doch nach dem Einzug merkte ich schnell, dass die Heizung nicht richtig funktionierte und der Vermieter sich nicht darum kümmern wollte. Dazu kamen noch laute Nachbarn, die jede Nacht feierten, und obwohl ich mich mehrfach beschwert habe, änderte sich nichts. Ich fühlte mich völlig machtlos und begann, an meiner Entscheidung zu zweifeln, in dieser Stadt zu leben.",vor 2 Jahren,79,6,5,6,6,5,6,9,6,6,0,0,2.459,0,35.714,35.714,300.017,1,"Vor ein paar Monaten habe ich angefangen, Deutsch an der Universität zu studieren. Es war eine interessante, aber auch herausfordernde Erfahrung, weil die Sprache komplexer ist, als ich dachte. Manche Tage fühle ich mich ziemlich motiviert, besonders wenn ich merke, dass ich Fortschritte mache und einfache Gespräche führen kann. An anderen Tagen ist es frustrierend, wenn ich neue Grammatikregeln einfach nicht verstehe oder im Gespräch nach Worten suche. Ich habe ein paar nette Kommilitonen kennengelernt, mit denen ich mich austauschen kann, aber manchmal fühle ich mich trotzdem unsicher, weil viele besser sprechen als ich. Trotzdem weiß ich, dass es einfach Zeit braucht, und ich versuche, mich nicht zu sehr unter Druck zu setzen.",vor 2 Jahren,83,6,5,4,5,5,5,7,5,4,0,0,2.988,0,51.334,54.065,300.102,2,"Letztes Jahr hatte ich eine wirklich schlimme Erfahrung mit meinem Job in Deutschland. Ich hatte eine Stelle in einem Unternehmen gefunden, die anfangs vielversprechend klang, doch schon nach kurzer Zeit merkte ich, dass die Arbeitsbedingungen katastrophal waren. Mein Chef war extrem unfreundlich und stellte ständig unrealistische Anforderungen, während meine Kollegen mich kaum in das Team integrierten. Ich musste oft Überstunden machen, ohne dass sie bezahlt wurden, und bekam immer wieder Kritik, egal wie sehr ich mich anstrengte. Als ich mich beschwerte, wurde mir subtil gedroht, dass ich meinen Job verlieren könnte, falls ich mich nicht „anpassen“ würde. Am Ende wurde ich so gestresst und unglücklich, dass ich kündigte, obwohl ich nicht wusste, wie ich meine Rechnungen bezahlen sollte.",5,5,2,5,5,vor 2 jahre,80,6,5,6,5,5,5,7,5,6,2,3,3,3,3,2,3,2,2,3,3,2,2,3,2,3,2,2,3,3,2,2,2,2,1,2,2,2,2,2,1,1,1,2,1,2,2,2,2,2,1,2,3,3,3,2,3,3,2,3,4,4,5,5,5,4,4,4,5,5,5,5,4,4,5,5,5,4,17,5.267,38.659,121.611,4,"Papier, Platz, Person, Plan, Problem, Prozess, Programm, Paket, Preis, Punkt, Partner, Partei, Plastik, Publikum, Perspektive, Prinzip, Position, Produktion, Produkt, Projekt, Politiker, Politik, Polizei, Park, Praxis, Pilot, Polizist, Psychologe, Programmierer, Professor, Pianist, Politiker, Physiotherapeut, Postbote, Pfleger, Produzent",9.361,74.615,120.081,3,"Papagei, Pinguin, Puma, Panda, Pelikan, Pferd, Panther, Pfau, Pudel, Pottwal, Plattwurm, Polarwolf, Purpurschwalbe, Piranha, Pekingente, Perlhuhn, Paradiesvogel, Pfeilgiftfrosch, Panzernashorn, Pustelschwein, Präriehund, Pythonschlange, Pazifiklachs, Perlboot, Palmkakadu, Pfirsichköpfchen, Pinselohrschwein, Pastinakenfisch, Pantherchamäleon, Prachtfink, Papageientaucher, Pfeilschwanzkrebs, Pygmäenseepferdchen, Polarfuchs",22,1,4,5,6,1,,115,51,12619,51,1,1,118,1.31,2.87,99,1,19.67,26.27,94.07,57.63,21.19,20.34,18.64,0,0,0,0,0,1.69,1.69,0.85,0.85,5.93,7.63,11.86,5.93,15.25,2.54,22.03,10.17,3.39,1.69,0,0.85,9.32,1.69,7.63,0.85,2.54,4.24,7.63,0,1.69,0,0.85,27.12,5.93,2.54,4.24,5.93,5.93,5.93,1.69,0,0.85,0,0.85,0,0.85,0,0,11.86,1.69,7.63,1.69,0,1.69,15.25,0.85,0,18.64,2.54,5.93,11.86,11.86,0.85,0,2.54,0.85,0,0,0,0,0,0,0,16.95,5.08,11.02,0,0,0,0,0,0.85,0,0,0,0
2025-01-26 20:55:05,2025-01-26 20:57:12,0,19,127,0,2025-02-02 20:57:15,R_8pT3ggzkd3JjxcY,anonymous,EN,4,EV,EV,12,8,1,1,,1,,,,,,,,,,,,,,,,,,,,,,,,,,,,,,,,,,,,,,,,,0,0,4.466,0,,,,,,,,,,,,,,,,,,,,,,,,,,,,,,,,,,,,,,,,,,,,,,,,,,,,,,,,,,,,,,,,,,,,,,,,,,,,,,,,,,,,,,,,,,,,,,,,,,,,,,,,,,,,0,0,17494,,,1,0,,,,,,,,,,,,,,,,,,,,,,,,,,,,,,,,,,,,,,,,,,,,,,,,,,,,,,,,,,,,,,,,,,,,,,,,,,,,,,,,,,,,,,,,,,,,,,,,,
2025-01-27 10:47:02,2025-01-27 10:53:57,0,16,415,0,2025-02-03 10:54:02,R_2iPeOYvwyq28dxY,anonymous,EN,4,KA,MI,1,10,1,1,,1,,,,,,,,,,,,,,,,,,,,,,,,,,,,,,,,,,,,,,,,,,,,,,,,,,,,,,,,,,,,,,,,,,,,,,,,,,,,,,,,,,,,,,,,,,,,,,,,,,,,,,,,,,,,,,,,,,,,,,,,,,,,,,,,,,,,,,,,,,,,,,,,,,,,,,,,0,0,12037,,,1,0,,,,,,,,,,,,,,,,,,,,,,,,,,,,,,,,,,,,,,,,,,,,,,,,,,,,,,,,,,,,,,,,,,,,,,,,,,,,,,,,,,,,,,,,,,,,,,,,,
2025-01-27 11:00:09,2025-01-27 17:09:12,0,16,22143,0,2025-02-03 17:09:15,R_2bGFfiw5gc6IPfz,anonymous,EN,4,EV,JO,11,5,1,1,,1,,,,,,,,,,,,,,,,,,,,,,,,,,,,,,,,,,,,,,,,,,,,,,,,,,,,,,,,,,,,,,,,,,,,,,,,,,,,,,,,,,,,,,,,,,,,,,,,,,,,,,,,,,,,,,,,,,,,,,,,,,,,,,,,,,,,,,,,,,,,,,,,,,,,,,,,0,0,,,,1,0,,,,,,,,,,,,,,,,,,,,,,,,,,,,,,,,,,,,,,,,,,,,,,,,,,,,,,,,,,,,,,,,,,,,,,,,,,,,,,,,,,,,,,,,,,,,,,,,,
2025-02-03 18:51:06,2025-02-03 19:22:24,0,100,1877,1,2025-02-03 19:22:25,R_8Dei5iKxf454mbN,anonymous,EN,4,Sh,Ar,13,3,1,3,1,1,0,0,54.328,0,3.846,270.952,300.045,4,"Ein Streit mit meinen ehemals besten Freund. Er hat sich mit meinem Partner angelegt, über etwas, wofür er nicht mal Beweise hatte und auch absolut falsch lag anstatt dass er mit dem kommuniziert ist er ihn gleich angegangen und wir waren nur zu dritt draußen und ich war da Situation ziemlich machtlos. Es war nicht dramatisch, aber ein negatives Erlebnis, da ich tatsächlich nichts machen konnte, außer mein ehemaligen Freund beruhigen. Wir sind diese Modus eine geben 5-10 hinzugeben entnehmen in eine Auflaufform zuerst die Kartoffeln geben Schichten mit Hackfleisch und wieder Kartoffelsauce darüber noch etwas Hackfleisch und dann gehen wir zuletzt unseren Käse rüber für 15 Minuten bei 180° in den Ofen bei dir",01.2025,19,6,5,2,6,6,2,2,5,5,0,0,1.031,0,3.258,107.94,300.02,7,"Es war sehr schnell und sehr plötzlich. Es war draußen auf der Straße während ich fuhr. Einer begann ein Fehler beim Fahren und ich habe sei näher büßen müssen, indem er meine Straße blockierte und ein großer Unfall passierte",März 2019,33,7,7,1,4,7,2,11,7,4,0,0,1.388,0,3.582,88.84,300.025,5,"Als meine Schwester klein war ca. 1 Jahr alt ist sie richtig dolle gestürzt. sie mit dem Kopf gegen so ein Geländer gefallen mit der Stirn und hat sofort geblutet. Allerdings war ihr Gesicht komplett voller Blut geströmt, so dass ich erst mal nicht sehen konnte, ob ihr Auge geblutet hatte oder ihre Stirn. Da sieht der wichtigste Mensch meines Lebens, tat mir das natürlich sehr weh und ich hatte mich so bisschen mitverantwortlich gefühlt, obwohl ich eigentlich dafür nichts kannte aber ich war etwas jünger und war natürlich naiv.",5,5,5,5,5,Der Unfall meiner Schwester,6,6,7,6,5,6,2,10,5,6,0,0,0,1,1,1,0,1,1,0,1,1,1,1,0,0,0,1,0,0,1,0,0,0,1,0,0,0,0,0,0,0,0,0,0,0,0,0,0,0,0,1,1,1,1,1,1,1,1,1,2,6,6,6,"1,2",6,2,6,6,6,6,6,2,6,6,6,6,6,3,2.477,9.644,120.107,2,"Parken, po, platt, popel, Pflaume, Papier, Pappe, Pampers, Preiselbeere, Pickel, Portmonee, pinkeln, Pippi langstrumpf, Pferd, pilgern, PlayStation, pinienkerne, Polizei, Psychologie, Potenzial, Perspektive",1.538,1.538,120.008,1,"Affe, Pferd, Ameise , Delfin, Bär, Dachs, Fuchs, Fisch , Aal , Hase, erdmännchen , Schlange , Esel , Löwe, Tiger, Schmetterling, Katze, Hund, Ratte, Krokodil, Seeigel, Igel , Seekuh , hai, Waal , Maus, Würmer, nacktschnecke, Kamel , Skorpion, Qualle, Feuerqualle, Storch, Adler, Raben, Wellensittich, Hamster, Chamäleon, Eidechse, Schimpansen, Eisbär,",25,2,4,5,4,1,,23,10,16366,10,0,1,90,1,14.21,75.05,43.97,18,20,91.11,60,16.67,14.44,8.89,0,2.22,0,2.22,0,5.56,5.56,5.56,1.11,5.56,6.67,15.56,8.89,18.89,2.22,17.78,10,4.44,1.11,2.22,5.56,3.33,2.22,1.11,0,0,1.11,7.78,1.11,1.11,1.11,0,24.44,3.33,1.11,2.22,6.67,6.67,10,4.44,3.33,0,1.11,13.33,7.78,3.33,0,0,5.56,1.11,2.22,2.22,0,0,11.11,3.33,0,11.11,1.11,3.33,6.67,0,0,0,0,0,0,1.11,0,0,1.11,0,0,10,5.56,4.44,0,0,0,0,0,0,0,0,0,0
2025-02-03 19:19:54,2025-02-03 19:51:01,0,100,1867,1,2025-02-03 19:51:02,R_89i7QW7j7YVWjbV,anonymous,EN,4,CH,VI,21,3,1,1,,1,0,0,2.245,0,0.928,0.928,300.165,1,"ich musste nach dem vor beschriebenen Erlebnis in eine Kinder- und Jugendpsychiatrie, weil meine Eltern keine Kontrolle über mich hatten, und meine damalige Therapeutin meinte, dass ich in eine geschlossene Einrichtung kommen sollte, weil es zu meinem eigenen Schutz dient. Da hatte ich dann eine Affäre mit einem der Azubis. Er hatte mich gedrängt, er wusste was mir zuvor passiert ist, aber er hat es geschafft mich zu überreden. wir haben miteinander geschlafen, ich hatte auch schreckliche Schmerzen jedesmal, und wollte das ganze gar nicht, aber hatte mich eh schon so machtlos gefühlt, dass ich dachte dass ich das aushalten und über mich ergehen lassen muss. Mein Körper gehörte nicht mir, zumindest dachte ich das zu diesem Zeitpunkt. ich empfand das in diesem Moment auch nicht als schlimm oder traumarisierend, sondern als normal.",2016,51,1,4,4,6,6,7,11,1,4,0,0,3.19,0,0.641,0.641,300.011,1,"das Abitur war für mich weder positiv, noch negativ, da es damals in der Corona Zeit mein Abitur gemacht habe. Es war weder negativ noch positiv, weil ich eh schon so ausgebrannt war und ich einfach wollte dass der ganze Stress vorbei ist. es war am ende ein sehr gutes Abi, aber wirklich gefreut habe ich mich nicht. Wirklich traurig, dass meine Schulzeit vorbei war, war ich auch nicht. Ich war alles in einem emotionslos, wenn überhaupt etwas erleichtert, dass diese stressige Phase zur Coronazeit endlich vorbei war.",2020,50,4,4,4,4,4,4,6,4,4,0,0,3.462,0,1.204,184.814,300.013,2,"Sexueller Übergriff durch meinen Sportlehrer.
Ich (weiblich) waar in der 8. Klasse im Sportuntrricht. als wir fertig waren, meinte mein Sportlehrer zu mir, dass ich zum Ende der Stunde noch da bleiben soll. Wir haben uns umgezogen, und als alle anderen gegangen sind, bin ich noch da geblieben, weil ich eh noch nicht fertig angezogen war und weil ich eben noch auf meinen Sportlehrer warten sollte. als alle gegangen waren, ging ich nochmal in die Sporthalle rein, mein Sportlehrer hatte mich in den Geräteraum gebeten und meinte dass ich ihm helfen solle. Als ich rein bin, machte er die Tür zu, nahm meine Hand und führte sie zu seinem Geschlechtsteil. danach, als ich mich wehren wollte, meinte er dass ich die gute Sportnoote doch eh brauche, und ich mich nicht so anstellen sollte. ich wehrte mich und schrie, allerdings hatte er dann schon seine Hand an meinem BH und seine andere an seinem Gelschlechtsteil. als er dann kam, machte er die Tür auf und ließ mich gehen, mit der Warnung, es niemandem zu sagen,w eil mir eh keiner glauben würde.",5,5,3,1,7,2015,60,7,7,1,1,7,7,11,1,1,0,0,0,2,3,3,3,3,1,1,1,0,0,0,0,0,0,0,0,0,0,0,0,0,0,0,0,0,0,0,0,0,0,0,0,0,0,0,0,0,0,3,3,3,3,3,3,3,3,3,3,"2,3,6","3,6","3,6","3,6","3,6","1,2,3","3,6","1,3","1,3","3,6","3,6","3,6","3,5","3,6",3,"3,6","3,6",8,6.222,6.222,120.006,1,"Pause, Programm, Potsdam, Papagei, Pipi, Prall, Palme, Piste, Paranoid, Pflanze, Pflanzlich, Probieren, Palaber, Pickel, Prickeln, Plausibel, Pusteln, Papier, Pastillen, Produkt, Po, Praktisch, Post",2.198,2.198,120.009,1,"Papagei, Affe, Bär, Chamäleon, Dackel, Elefant, Fisch, Giraffe, Hund, Igel, Jaguar, Kate, Löwe, Maus, Nashorn, Qualle, Rabe, Tiger, Uhu, Vogel, Wal, Yak, Zebra, Ziege, Schaf, Wellensittich, M",24,2,4,5,6,1,,47,17,17548,17,0,1,181,1,16.1,99,98.51,18.1,15.47,88.95,65.75,25.41,21.55,13.81,1.66,0,0,0,0,6.08,6.08,0.55,3.87,4.42,12.15,11.05,7.18,16.57,1.66,20.99,6.63,3.31,0,0.55,1.66,5.52,4.97,0.55,0,0,0,13.81,0,0,0.55,2.76,24.31,3.87,3.87,4.97,2.21,3.87,8.29,1.1,0,1.1,0,2.21,1.1,0,0.55,0,5.52,1.66,2.76,1.1,0,0,13.26,2.76,0,23.2,5.52,9.94,9.94,2.21,0,1.1,0,1.1,0,2.76,0,1.66,2.21,0,0,16.02,5.52,9.39,0,0,0,0,0,0,0,1.1,0,0
2025-02-03 16:16:37,2025-02-04 01:15:22,0,100,32324,1,2025-02-04 01:15:25,R_8iIspfBpLpjkYjz,anonymous,EN,4,al,mo,8,9,3,1,,1,0,0,24.701,0,1.684,261.589,300.117,5,"ich war auf dem geburtstag von einem meiner besten freunde, wir haben in einer kneipe gefeiert und waren ca 15 personen, ich war der einzige der keinen alkohol getrunken hat, da ich mir vorgenommen habe für meine abschlussprüfung in den kommenden wochen mental auf 100% zu sein. in dem moment jedoch war es für mich eine negative erfahrung weil ich gesehen habe wie alle spaß hatten und trinkspiele gespielt haben. ich habe mich etwas ausgegrenzt und langweilig gefühlt. so gerne hätte ich bei all dem mitgemacht. anderseits habe ich die abschlussprüfung locker bestanden was mich im nach hinein freut. trotzdem verbinde ich diese erinnerung, diesen geburtstag als negativ",08.11.24,20,6,3,3,4,2,4,11,7,7,0,0,24.947,0,2.012,217.548,300.128,16,ich saß beim friseur und lies mir die haare schneiden. einerseits freue ich mich dass ich bald eine neue friseur habe andererseits bin ich leicht genervt vom warten. somit macht es das ereignis neutral für mich. positive und negative aspekte heben sich gegenseitig auf.,vorletzte woche freitag 24.01.25,30,2,1,4,2,1,2,1,2,7,0,0,13.016,0,1.182,278.105,300.019,19,"ich war ganz klein ich kann gar nicht sagen wie alt, und bin beim shoppen mit meinen eltern in einer rolltreppe hängen geblieben. ich hatte Gummistiefel an und habe mit meinem fuß an diesen borsten seitlich von der rolltreppe gespielt als diese hoch gefahren ist. irgendwann ist der gummistiefel dann stecken geblieben und hat sich zugezogen und ich kam nicht mehr raus mit meinem fuß. ich bekam panik und mein vater riss meinen fuß aus dem stiefel. es ist zum glück nichts schlimmeres passiert aber danach hatte ich mehrere monate oder jahre große angst vor rolltreppen",5,5,5,5,6,im alter von 7 jahren,90,6,6,1,2,3,3,11,4,6,0,0,0,0,0,0,0,2,0,1,1,0,0,0,0,0,2,0,0,0,1,0,0,0,1,0,3,0,0,0,0,1,1,0,0,0,0,0,0,0,0,4,3,3,3,3,4,4,4,3,4,"2,3","2,3","1,2,3","2,3",6,"1,2,3","2,3",3,6,6,6,3,3,3,3,6,6,14,1.19,78.502,120.016,7,peinlich penetrant persönlich pervers piepen plaudern plage portrait panne palmen pandemie praktikum,2.741,119.54,120.117,11,löwe affe giraffe tiger leopard ameise hund katze vogel fische hai elefant ziege wal papagei marienkäfer,22,1,4,5,4,1,,48,6,,6,0,1,96,13.74,9.15,99,17.39,19.2,19.79,87.5,60.42,16.67,12.5,11.46,0,0,0,0,0,0,0,0,4.17,4.17,15.63,15.63,4.17,13.54,3.13,26.04,10.42,5.21,1.04,0,4.17,6.25,3.13,3.13,2.08,0,1.04,5.21,2.08,0,0,1.04,14.58,2.08,1.04,1.04,4.17,4.17,5.21,1.04,0,1.04,0,4.17,0,1.04,0,0,9.38,2.08,2.08,3.13,1.04,1.04,10.42,8.33,1.04,22.92,4.17,13.54,9.38,0,2.08,0,1.04,0,0,1.04,0,0,0,0,0,5.21,4.17,1.04,0,0,0,0,0,0,0,0,0,0
2025-01-28 10:57:12,2025-01-28 10:58:25,0,19,72,0,2025-02-04 10:58:31,R_2EcWyosfYlIIzUy,anonymous,EN,4,Sy,Pi,31,7,1,1,,1,0,0,1.162,0,,,,,,,,,,,,,,,,,,,,,,,,,,,,,,,,,,,,,,,,,,,,,,,,,,,,,,,,,,,,,,,,,,,,,,,,,,,,,,,,,,,,,,,,,,,,,,,,,,,,,,,,,,,,,,,,,,,,,,,,,,,,,,,,,,,,,,,,,,,,,,,,,,,,0,0,16630,,,1,0,,,,,,,,,,,,,,,,,,,,,,,,,,,,,,,,,,,,,,,,,,,,,,,,,,,,,,,,,,,,,,,,,,,,,,,,,,,,,,,,,,,,,,,,,,,,,,,,,
2025-01-28 15:26:19,2025-01-28 15:27:13,0,2,53,0,2025-02-04 15:27:18,R_2esC9Tw9WRHPusx,anonymous,EN,4,,,,,,,,,,,,,,,,,,,,,,,,,,,,,,,,,,,,,,,,,,,,,,,,,,,,,,,,,,,,,,,,,,,,,,,,,,,,,,,,,,,,,,,,,,,,,,,,,,,,,,,,,,,,,,,,,,,,,,,,,,,,,,,,,,,,,,,,,,,,,,,,,,,,,,,,,,,,,,,,0,0,,,,1,0,,,,,,,,,,,,,,,,,,,,,,,,,,,,,,,,,,,,,,,,,,,,,,,,,,,,,,,,,,,,,,,,,,,,,,,,,,,,,,,,,,,,,,,,,,,,,,,,,
2025-02-05 09:39:45,2025-02-05 10:12:09,0,100,1944,1,2025-02-05 10:12:10,R_8i84LQyNF8yyucZ,anonymous,EN,4,SI,SV,11,6,1,1,,1,0,0,8.297,0,19.592,19.592,300.107,1,"Freundin ist mir mehrmals fremdgegangen. Ich habe es jedes mal über das Handy sehen können. Es wurde sogar noch gerechtfertigt, dass wir zu dem Zeitpunkt ja nicht mehr zusammen gewesen wären.",2021,92,7,7,7,7,7,1,1,1,1,0,0,2.558,0,2.106,2.106,300.105,1,"Als ich 7 Jahre alt war, ist mein Vater ohne weiteres ausgezogen. Danach habe ich nie ein richtig gutes Vater-Sohn-Verhältnis aufbauen können. Bis heute (24 Jahre alt), sehe ich meinen Vater allerhöchstens ein mal im Monat.
Es belastet mich hin und wieder zu sehen, wie andere Freunde ein ""normales"" Leben mit ihren Eltern führen können. Manchmal wünschte ich mir es wäre alles nicht so gekommen und er wäre noch mit meiner Mutter verheiratet.",2007,75,4,4,1,4,6,2,2,1,6,0,0,13.543,0,1.421,1.421,300.071,1,"Der Tod meines Opas. Ich war am Vortag noch etwas trinken. Habe lange geschlafen. Mutter kommt rein. Sagt sie würde mich nicht wecken wenn etwas schlimmes geschehen sei. Opa ist Tod. Ich meinen Bruder abgeholt. Wir zusammen zum Altersheim in dem er gerade mal einen Tag lang war. Abschied nehmen. Gewisse Vorwürfe, man hätte seine Großeltern nicht oft genug besucht oder unterstützt mit Einkäufen etc. Seitdem geht es auch meiner Oma sehr schlecht.",1,5,5,5,4,11.09.2022,50,6,7,7,7,5,5,8,1,5,0,0,0,0,0,0,0,0,0,0,0,0,0,0,0,0,0,0,0,0,0,0,0,0,0,0,0,0,0,0,0,0,0,0,0,0,0,0,0,0,0,4,4,4,4,4,4,4,4,4,4,6,5,6,"3,6",6,1,1,6,6,6,6,6,6,6,6,6,1,17,1.983,98.012,120.015,3,"Protokoll 
Pausenhof
Polizist
Parkplatz
Pensionär
Passant
Pfleger
Putztuch
Panama 
Pergola
Pflanze
Passionsfrucht
PC
Pfütze
Pfau",1.93,1.93,120.006,1,"Affe
Pferd 
Kamel 
Hund 
Katze 
Maus 
Giraffe
Elefant
Tiger 
Frettchen
Hase 
Ratte
Nashorn
Igel 
Löwe
Wildkatze 
Oktopus 
Schlange 
Krebs
Taube 
Skorpion
Fisch
Hai
Delphin 
Wal 
Robbe 
Spinne 
Faultier
Specht
Vogel 
Fledermaus",25,1,4,4,5,1,,40,0,17038,0,0,1,73,1,50.99,91.35,1,6.64,21.92,94.52,54.79,20.55,13.7,8.22,1.37,0,0,0,0,4.11,4.11,1.37,6.85,5.48,5.48,15.07,9.59,9.59,2.74,27.4,13.7,1.37,0,0,4.11,10.96,1.37,9.59,0,1.37,4.11,20.55,6.85,0,2.74,5.48,23.29,1.37,1.37,4.11,9.59,6.85,6.85,2.74,0,1.37,0,6.85,1.37,2.74,0,1.37,6.85,5.48,1.37,0,0,0,5.48,9.59,0,20.55,4.11,6.85,15.07,0,1.37,0,1.37,0,2.74,1.37,0,0,0,0,0,16.44,15.07,1.37,0,0,0,0,0,0,0,0,0,0
2025-02-05 13:22:31,2025-02-05 13:57:49,0,100,2117,1,2025-02-05 13:57:50,R_8JuE7kMovCdhfkR,anonymous,EN,4,BR,JA,19,11,1,1,,1,2.828,2.828,5.287,1,0.987,252.367,300.008,4,"Ich habe 2023 In Acapulco einen Hurricane namens Otis erlebt. Zuerst war es nur als stürmchen angemeldet und dann ist es eskliert zu einem Stufe 5 Hurricane. Es fing so an, dass ich Nachts gegen ca 24 Uhr aufgewacht bin von dem extrem lauten kreischen und heulen von Wind der durch das Hotel folg und an türen und fenstern rein wollte. Danach ging ein Alarm los. Wir, mein Bruder und damaliger Freund, sind dann raus auf den Flur im Schlafanzug und mit Reisepass. Dann sind wir allen gefolgt. Überall lag schon Glas und Wasser auf dem Boden. Wir wurden im ersten Stock in ein Raum gebracht. Dort ist dann irgendwann das Fenster von dem Wind eingebrochen und Glas ist rein gekommen. Wir wurden auf den Boden gezogen, es wurde gebetet- danach haben wir 5 Stunden in einem Fensterlosen Raum verbacht (Toilette). Dann waren wir 2 volle Tage noch nach dem Hurricane da und mussten essen und Wasser klauen. Danach wurden wir von Befreundeten Geschäftskollegen meines Vaters evakuiert und sind weiter auf unserer Reise direkt auf die Hochzeit meines Cousins in Mexiko gegangen.",24.10 auf den 25.10 bis zum 27.10.2023,61,5,6,1,5,3,5,11,7,6,0,0,7.637,0,0.806,50.637,300.007,3,"Ich habe letzte Woche einen Business Plan abgeben müssen, der weder richtig bedeutsam noch unbedeutsam für mich ist. Es war eine Aufgabe aus meinem Studium. Es wurde also benotet, oder wird noch.",31.01.2025,21,1,2,4,4,2,2,11,4,7,0,0,3.137,0,1.051,33.207,300.107,7,"Das schrecklichte und schlimmste Erlebniss auch der Hurricane Otis für mich. Ich habe außerhalb dessen nur noch zwei sehr schlimme Schlafparalysen gehabt. Hurricane Otis war aber um einiges schlimmer, intensiver und lebensbedrohlicher als alles was ich je erlebt habe. Bis jetzt habe ich eins schlechtes Gewissen wegen dem klauen von Essen und Wasser um 2 Tage dort auszuharren.",1,2,2,5,5,24-27.10.2023,51,6,6,1,7,5,5,11,7,6,1,0,0,1,1,0,2,1,0,0,1,0,0,0,0,1,1,1,1,1,0,1,0,0,1,0,0,0,0,0,0,1,0,0,0,1,0,0,0,0,0,3,4,3,3,4,3,4,4,3,3,1,2,3,5,6,3,6,3,3,6,6,3,2,6,6,6,1,1,0.809,75.749,120.106,2,"Pflaume, Pfannkuchen, Putzkraft, Peinlichkeit, Penibel, Prestige, Preis, 
Penis
Parkplatz
Prachtkerl
Pupsen
Pinsel
Pink
Plauen 
Plagen
Pech
Persönlichkeit 
Pferd
Preisschild",1.222,2.281,120.09,2,"Giraffe, Affe, Pferd, Hund, Katze, Alligator, Krokodiel, Nielpferd, Känguru, Hase, Hängebauchschwein, Papagei, Schmetterling, Zebra, Esel, Igel, Wellensitich, Spinne, Schlange, Skorpion, Eidechse, Chameleon, Koala, Panda, Jaguar, Gepard, Löwe, Z",23,2,4,4,4,2,"bei der ersten und dritten aufgabe, ich habe nicht deutlich genug gelesen",50,12,17257,12,0,1,58,15.25,19.79,93.05,1,14.5,25.86,77.59,56.9,13.79,8.62,6.9,0,0,0,0,0,1.72,1.72,0,5.17,5.17,15.52,8.62,12.07,18.97,0,8.62,8.62,3.45,1.72,5.17,3.45,6.9,0,6.9,0,0,6.9,3.45,0,0,0,0,12.07,0,0,1.72,0,5.17,6.9,1.72,0,0,0,3.45,0,0,0,3.45,1.72,0,0,0,0,1.72,3.45,6.9,0,18.97,0,6.9,13.79,0,0,0,0,0,0,1.72,0,0,0,0,0,8.62,6.9,1.72,0,0,0,0,0,0,0,0,0,0
2025-02-05 20:35:06,2025-02-05 21:21:24,0,100,2777,1,2025-02-05 21:21:24,R_8NJ1gfczrUFM4Uq,anonymous,EN,4,EV,AL,1,7,1,1,,1,23.899,23.899,102.785,1,0.621,26.499,300.07,5,"Es war ein Abendessen bei der Familie, nichts Außergewöhnliches, nur eine dieser regelmäßigen Zusammenkünfte, die immer gleich abliefen. Alle saßen um den Tisch – Eltern, Geschwister, vielleicht ein paar Verwandte. Das Gespräch begann harmlos, doch wie so oft schlug die Stimmung plötzlich um. Ein Kommentar wurde gemacht, beiläufig, aber schneidend. Vielleicht über die Zukunftspläne eines Familienmitglieds, vielleicht über eine Entscheidung, die jemand getroffen hatte. Die Atmosphäre veränderte sich sofort. Die Worte waren nicht laut, aber sie hatten Gewicht. Ein leises Lächeln hier, ein süffisanter Tonfall da. Es war keine offene Auseinandersetzung, sondern dieses subtile, schmerzhafte Herunterziehen, das sich in der Familie so normal anfühlte, dass es kaum jemand hinterfragte. Ich merkte, wie sich mein Magen verkrampfte, wie ich automatisch den Blick senkte, als wäre es klüger, nichts zu sagen. Ich dachte daran, wie oft so etwas schon passiert war. Daran, wie es sich anfühlte, klein gemacht zu werden, ohne dass es jemand offen aussprach. Ich beobachtete, wie die betroffene Person – vielleicht ein Geschwisterteil oder ein Cousin – kurz verstummte, sich dann mit einem Lächeln fing, als wäre nichts gewesen. Aber ich konnte sehen, dass es doch etwas war. Es war kein lauter Streit, keine Tragödie. Nur ein weiterer Moment, in dem Worte mehr bedeuteten, als sie sollten. Ein Moment, der sich in den Köpfen festsetzte, auch wenn er nach außen hin schnell vergessen schien.","Es ist schwierig, ein genaues Datum zu nennen, weil solche Situationen immer wieder passiert sind. Besonders präsent ist mir ein Abendessen vor ein paar Jahren, vielleicht 2018 oder 2019, in meinem Elternhaus. Es war eine dieser routinemäßigen Familienzusammenkünfte, bei denen alle am Tisch saßen und scheinbar harmlose Gespräche führten, bis die Stimmung plötzlich kippte. Es war nichts Lautes oder Offensichtliches, sondern dieses subtile Herunterziehen, das sich über Jahre hinweg wiederholte. Ein bestimmter Satz, ein bestimmter Blick – und der Rest des Abends fühlte sich anders an. Es war kein einmaliges Ereignis, sondern eher ein Muster, das sich über lange Zeiträume hinwegzog.",61,5,3,3,3,3,2,6,3,3,13.956,77.625,249.931,2,0.842,279.006,301.118,3,"Als ich aufwuchs, habe ich nie wirklich bemerkt, wie sehr die Worte schnitten – bis ich älter wurde. Es war kein Schreien, kein Schlagen – nur ein stetiger, unerbittlicher Strom kleiner Kommentare, die mich glauben ließen, dass ich nie genug war. Wenn ich in der Schule gut war, gab es immer etwas, das ich noch besser hätte machen können. Wenn ich einen Fehler machte, war es ein Beweis für meine Unfähigkeit. Wenn ich eine Meinung äußerte, wurde sie abgetan – manchmal mit einem Lachen, manchmal mit einem enttäuschten Seufzen. Ich erinnere mich, wie sich mein Magen verkrampfte, bevor ich sprach, wie ich meine Worte sorgfältig abwog, weil ich bereits ahnte, wie sie verdreht oder gegen mich verwendet werden könnten. Ich begann zu glauben, dass ich nur besser sein müsste – stiller, klüger, gehorsamer – und dann würde ich vielleicht Anerkennung verdienen. Aber sie kam nie. Stattdessen trug ich diese Stimme noch lange mit mir, nachdem ich das Zuhause verlassen hatte. Sie war in meinem Kopf, wenn ich zögerte, neue Dinge auszuprobieren, wenn ich mich fragte, ob ich Freundlichkeit überhaupt verdiente, wenn ich automatisch davon ausging, dass ich das Problem war. Erst Jahre später wurde mir klar: Diese Stimme gehörte nicht mir. Sie gehörte ihnen.","Es ist schwer, einen genauen Zeitpunkt zu nennen, weil es nicht nur ein einzelnes Erlebnis war, sondern sich über viele Jahre hinweg gezogen hat. Es waren unzählige kleine Momente in meiner Kindheit und Jugend, die sich wie ein roter Faden durch meine Entwicklung zogen. Besonders intensiv war es in der Schulzeit, etwa zwischen dem 10. und 18. Lebensjahr. Doch die Auswirkungen spürte ich noch lange danach – in meinen Zwanzigern, als ich anfing, mein Selbstbild wirklich zu hinterfragen und zu erkennen, woher diese innere Stimme kam.",91,5,4,1,3,6,6,11,5,6,4.443,13.941,143.799,3,125.318,135.392,300.053,4,"Es begann wie jedes Mal, mit ein paar unschönen Bemerkungen, die dann immer mehr wurden, bis es wirklich unangenehm war. Ich saß am Esstisch, während meine Eltern sich streiteten, und ich wusste, dass es bald eskalieren würde, wie so oft. Der Tonfall meiner Mutter wurde schärfer, und mein Vater reagierte aggressiv. Es war nicht das erste Mal, dass ich so etwas mitbekam, aber jedes Mal fühlte es sich trotzdem schlimm an. Sie beschuldigten sich gegenseitig, sie warfen sich Vorwürfe an den Kopf. Ich wollte einfach nur, dass es aufhört. Ich versuchte, mich klein zu machen, ruhig zu bleiben, aber es war schwer. Ich konnte sehen, dass meine Mutter verletzt war, aber sie sagte nichts mehr, sie zog sich zurück. Mein Vater schrie sie an, und ich spürte, wie sich alles in mir zusammenzog. In mir war diese Angst, dass es vielleicht wieder zu einem Streit kam, der körperlich werden würde, wie es in der Vergangenheit schon passiert war. Ich fühlte mich hilflos, als würde ich nichts tun können, um das zu stoppen. Es dauerte etwa eine Stunde, aber es fühlte sich viel länger an. Am Ende wurde es stiller, als wären beide einfach erschöpft. Aber die Worte und die Wut hingen immer noch in der Luft. Auch nach dem Streit war es schwer, wieder zu atmen, weil ich wusste, dass so etwas jederzeit wieder passieren konnte.",5,5,5,5,6,"Vor etwa fünf Jahren, an einem Samstagabend, gab es bei einem Familienessen einen heftigen Streit zwischen meinen Eltern, der besonders intensiv war und alte, ungelöste Konflikte aufbrach, was mich sehr verunsicherte.",63,3,4,3,3,4,4,9,6,7,2,2,1,2,2,2,2,1,1,3,2,1,2,1,1,0,2,0,1,1,1,1,1,2,1,1,0,0,0,1,1,2,1,1,1,2,1,1,1,1,1,2,2,3,2,3,2,2,2,2,2,3,3,3,3,3,"1,2",5,6,6,6,6,6,6,6,6,6,6,17,0.697,116.806,120.042,10,"Papiertüte, Postkarte, Pinsel, Puppe, Pizza, Park, Panorama, Palast, Pferd, Plastik, Passagier, Pilz, Preis, Paket, Planet, Papier, Pionier, Prinz, Puls, Power, Pflanze, Pfütze, Pullover, Papierschneider, Plakat, Pleite, Polizist, Praktikum, Praline, Parfum, Programm, Plötzlich, Prinzip, Profiteur, Paddel, Pärchen, Parkhaus, Presse, Profisport, Pessimist",3.642,60.452,121.226,9,"Hund, Katze, Pferd, Elefant, Tiger, Löwe, Giraffe, Känguru, Affe, Zebra, Frosch, Bär, Adler, Eule, Delfin, Krokodil, Pinguin, Schmetterling, Kaninchen, Fuchs, Waschbär, Koala, Wolf, Igel, Fisch, Schildkröte, Esel, Hamster, Maus, Ratte, Reh, Kormoran, Fliegen, Amsel, Albatros, Schaf, Luchs, Marder, Maus, Taube, Pelikan, Karpfen, Mungo, Elch, Rabe, Falke, Storch, Krabbe,",25,2,4,5,3,1,,72,29,17056,29,0,1,226,4.07,53.1,91.33,1,15.07,15.93,94.69,63.27,23.45,14.16,8.41,0,0,0,0,0,2.65,2.65,2.21,8.85,7.08,9.73,9.29,4.87,16.81,1.33,18.58,10.62,4.42,1.77,1.33,6.64,8.41,2.21,6.19,0.88,2.21,1.77,18.58,2.65,0.44,0.88,0.88,23.89,3.54,3.1,4.87,6.64,4.42,4.87,5.75,0.44,2.65,2.65,2.21,1.77,0.44,0.88,0.44,7.52,2.21,4.87,0.88,0,0,12.39,0.44,0.88,19.47,1.77,8.85,11.06,0.88,0.44,0.44,0.44,0.44,0,0.88,0,0.88,0,0,0,19.91,6.64,13.27,0,0,0,0,0,0,0,0,0,0
2025-02-06 10:17:58,2025-02-06 10:51:39,0,100,2020,1,2025-02-06 10:51:40,R_8dtx2riyjmjUmN1,anonymous,EN,4,ZE,ME,28,8,1,1,,1,0,0,2.139,0,0.656,298.339,300.046,13,"Mein Vater war schon immer untreu meiner Mutter gegenüber. An einem Tag in der Grundschule hatte ich Streit mit meiner besten Freundin und musste dieser erklären, dass meine Eltern sich zuhause nur noch streiten. Meine Schwester hat mich an dem Tag dann von der Schule abgeholt und auf dem Parkplatz habe ich dann meinen Vater mit einer anderen Frau sich küssen sehen. Ich habe sofort wieder geweint und bin nach Hause zu meiner Mutter gegangen und ihr das erzählt. Ich war sehr traurig in diesem Moment und konnte kaum glauben was ich sehe. Ich habe mir lange Vorwürfe gemacht, weil die beiden sich kurz danach getrennt haben und ich immer den Eindruck hatte, dass das an mir lag.",2009,82,4,3,3,2,4,3,9,2,6,0,0,14.502,0,0.769,264.224,300.035,5,"Ich war am Bahnhof und habe auf meinen Bus nach der Schule gewartet. Da waren drei Obdachlose, die sich ziemlich laut beschimpft haben. Da sehr viele Kinder im Grundschulalter neben diesen Männern saßen, beobachtete ich die drei Männer besonders. Der eine holte aus und schlug dem anderen mit der Faust ins Gesicht. Da ich Angst hatte, dass eine Schlägerei ausbricht und die Kinder verletzt werden, rief ich die Polizei. Die Polizei kam dann auch und sie riefen mich, um nochmal mit mir zu sprechen. Das war mir etwas unangenehm, da ich Angst hatte, dass die Männer noch dummes machen würden, wenn sie wissen wer die Polizei verständigt hat. Es ist aber nie etwas passiert.",2017,58,6,2,4,4,2,5,2,4,7,0,0,1.535,0,1.814,270.379,300.048,15,"Ich hatte einen Ex-Freund, der über mein Geburtstag mit mir alleine zuhause war. Meine Mutter war in Reha. Wir hatten uns davor schon öfter gesehen, aber nie mehr als einen Tag und somit auch nicht über die Nacht. Ich war zu diesem Zeitpunkt 16 und hatte noch keine sexuellen Erfahrungen gemacht. Er war 18 und hat darauf bestanden mit mir zu schlafen. Als ich dann mehrfach nein gesagt habe, hat er mich sexuell missbraucht. Ich konnte mich nicht wehren und fühlte mich hilflos. Es war schmerzhaft und ich habe die Tage danach viel geweint, mich zurückgezogen und mich einfach ekelhaft gefühlt. Bis heute verfolgen mich Albträume.",5,5,5,1,6,27.12.2018,60,6,1,1,6,6,1,11,3,2,3,3,2,3,3,4,4,2,4,4,3,1,0,2,0,2,3,3,1,3,1,2,2,2,2,1,1,3,3,3,1,3,3,1,2,3,3,2,3,3,3,2,3,3,4,3,3,3,3,3,2,3,1,"1,2,3","3,4",6,"1,2,3,4",6,"1,3","1,3",6,6,"2,3,4","3,4","3,4",4,6,"2,3,4",8,1.497,76.683,120.144,6,"Polarbär
Pizza
Pizzaofen
Polaroid
Plasma
Peter
Paracetamol 
Pink
Portrait 
Problem 
Paar
Platz
Programm
Parkplatz 
Pizzakarton
Pantoffeln
Pfeffer
Paprika 
Pilz
Photo",3.263,3.263,120.033,1,"Katze
Hund 
Vogel
Fisch 
Bär
Fliege
Biene
Hummel
Wespe
Pferd
Nilpferd
Eisbär
Storch 
Zecke
Pfau 
Elefant 
Löwe
Gazelle
Tiger
Schwein 
Ziege
Schaf 
Spinne
Raupe
Schmetterling 
Wolf
Krokodil 
Yack 
Würmer
Grashüpfer
Echsen 
Schlange",23,2,4,5,5,1,,126,50,17515,50,1,1,106,1,10.16,99,1,11.78,21.7,97.17,66.98,22.64,17.92,14.15,1.89,0,0,0,0,1.89,1.89,0,4.72,4.72,12.26,16.04,10.38,14.15,4.72,24.53,6.6,2.83,0,2.83,4.72,5.66,0,5.66,1.89,0.94,2.83,10.38,1.89,0.94,0.94,2.83,13.21,2.83,1.89,0.94,1.89,2.83,5.66,5.66,0.94,0.94,2.83,4.72,1.89,1.89,1.89,0,3.77,2.83,0,0,0,0,15.09,4.72,0,19.81,0.94,6.6,13.21,0.94,0.94,0.94,0,0,0.94,0,0,0,0,0,0,13.21,8.49,3.77,0,0,0,0,0.94,0,0,0,0,0
2025-02-06 15:45:35,2025-02-06 16:29:12,0,100,2617,1,2025-02-06 16:29:13,R_2jvyzxli6d7md7g,anonymous,EN,4,BR,LE,11,10,1,1,,1,0,0,5.378,0,1.319,212.504,300.024,10,"Teamsitzung um eine Konzeption zu schreiben. Viele Stimmen die durcheinanderreden. Ich selbst bin nicht von dem Arbeitsauftrag überzeugt und empfinde die Konzeptionsarbeit deshalb als sehr redundant. Mich stört die Augenwischerei und die sehr eigenen Interpretationen von unserer Arbeit und halte nur sehr wenig von dem was gesprochen wird als realistisch und sinnvoll. Weil ich aber weiß, dass meine Chefin dahingehend nicht mit sich reden lässt, habe ich das Gefühl nichts beitragen zu können und bin lediglich angestrengt davon, wie viel Zeit und Energie für diesen Termin draufgeht. Ich bin sehr angestrengt, genervt und musste irgendwann meinen Gehörschutz benutzen, weil die vielen durcheinanderredenden Stimmen mich überstimuliert haben.",29.01.2025,10,5,4,3,4,1,2,7,3,5,0,0,18.977,0,2.554,244.974,300.117,20,"Ich habe an einer Planungssitzung meines Ehrenamtes teilgenommen.
Außer mir waren noch 7 weitere Ehrenamtler bzw. Hauptamtliche da. Wir haben viele Punkte diskutiert, einiges entscheiden können, aber auch einiges offen lassen müssen. Ich bin mit einem neutralen Gefühl von den Termin weggegangen, weil ich denke es wurde einiges geschafft, aber eben noch nicht genug um konstruktiv in die Arbeit starten zu können. Weitere Treffen sind geplant.",24.01.2025,2,6,1,4,4,2,2,9,4,6,0,0,5.803,0,2.419,235.535,300.015,7,"Vergewaltigung durch körperlich stark überlegene Person. Gewaltsames Eindringen und fixieren während Penetration. Verschlossene Tür, d.h. keine Flucht möglich. Anschließendes warten bis die Tür geöffnet wurde.
Danach völliges Leugnen der Tat, ich wurde als  zu hysterisch und verrückt dargestellt. Später Belästigung über anhaltende Kontaktversuche (Anrufe aufs Handy). Erst nach Androhung die Polizei zu rufen haben diese gestoppt.
Die Person war eine vertraute Person die ich seit der Grundschule kannte. Mein Vertrauen und meine körperliche Unterlegenheit wurden ausgenutzt um sich Geschlechtsv",3,2,1,1,6,06.2015,81,5,5,1,3,3,4,6,2,4,0,0,0,2,3,3,3,3,4,2,4,3,4,3,1,1,2,2,3,3,1,2,2,1,2,1,1,3,2,2,2,3,3,2,2,2,3,0,1,2,3,2,2,2,2,2,2,1,1,2,2,"1,3",3,"2,3",5,6,"1,2,3,4","1,3,4","1,3","1,2,3",6,6,"2,3","1,2,3,4",3,3,"1,3","1,3",8,1.585,1.585,120.022,1,"Papagei
Polizei
Pfeffer
Pfeil
Pumpernickel
Pfarrer
Pflaster
putzen
predigen
paraphrasieren
Paragraph
Paket
Post
Paraglider
Prellung
perplex
Pfosten
Parade
Pellkartoffel
Pollenallergie
Putzmittel
Popkultur
Pharmaunternehmen
Philosoph
Pferd
peppeln",1.797,115.518,120.111,3,"Katze
Hund
Pferd
Schildkröte
Koikarfpfen
Forelle
Meise
Kuckuck
Eule
Adler
Maus
Siebenschläfer
Käfer
Ameise
Spinne
Qualle
Hai
Wal
Anemone
Specht
Wombat
Känguru
Eidechse
Kormoran",30,2,4,6,6,1,,104,46,17659,46,1,1,80,96.09,56.93,99,1,8,37.5,86.25,46.25,8.75,6.25,5,0,0,0,0,0,0,0,0,2.5,8.75,15,8.75,3.75,10,1.25,12.5,11.25,2.5,0,1.25,1.25,10,3.75,7.5,0,5,0,11.25,0,0,0,0,13.75,2.5,0,0,1.25,2.5,2.5,3.75,0,3.75,0,6.25,2.5,2.5,2.5,0,12.5,1.25,2.5,5,1.25,3.75,7.5,1.25,1.25,25,3.75,11.25,12.5,2.5,0,2.5,0,0,0,1.25,0,0,0,0,0,17.5,12.5,2.5,0,0,0,0,0,0,0,2.5,0,0
2025-02-07 11:38:39,2025-02-07 12:19:49,0,100,2469,1,2025-02-07 12:19:50,R_8MJTq2k8HgSCecQ,anonymous,EN,4,CO,PA,7,5,3,1,,1,121.897,121.897,122.344,1,1.063,296.102,300.112,10,"Als Kind bin ich Teil eines Schwimmkurses gewesen. Ich kann mich erinnern, dass die fahrt dort hin, mit meinem Bruder zusammen, immer sehr negativ und stressig für mich gewesen ist. Im Kurs selber war ich oft einer der schlechteren Schwimmer und hatte immer angst unterzugehen. Außerdem hat es mich immer genervt wie anstrengend es für mich war. Die Lehrerin war zusätzlich auch nicht sympathisch. Seit dem habe ich immer eine Ausrede gehabt, im Schul-Schwimmuntericht nicht mitmachen zu müssen. Und ich hasse es bis heute noch in Freibädern oder im Meer nur zu schwimmen.",2007,70,4,2,3,3,3,3,11,6,2,0,0,14.725,0,0.976,0.976,300.015,1,"Mir wurde gesagt, dass ich nicht als Werkstudent bei meiner aktuellen Firma weiterarbeiten kann. Ich habe davor lange überlegt, ob ich bei der Firma weiterarbeiten soll, weil ich in der nächsten Zeit meine Bachelorarbeit schreiben werde. Ich habe meinen Managern gesagt, dass ich gerne weiterarbeiten möchte, wenn das für sie gehen würde. Gestern kam dann ein Gespräch mit einem meiner Manager zustande, in dem mir mitgeteilt worden ist, dass ich nicht weiterarbeiten kann. Ich habe mir gedacht, dass es einerseits erleichternd ist  weil ich dann keine Verantwortung mehr habe über die Veränderungen die ich gemacht habe andererseits habe ich mich auch ein wenig traurig gefühlt, nicht mehr meine Kollegen sehen zu können und kein Geld mehr zu verdienen.",2025,0,2,1,4,2,1,1,7,5,3,0,0,2.266,0,0.771,253.123,300.003,8,"Ich war auf der Party von meinem Freund, als ich einen Anruf um 1:30 Uhr von meiner Mutter bekommen habe, dass ich sofort nach Hause kommen soll. Als ich angekommen bin habe ich meinen Vater in der Küche weinend gesehen. Meine Mutter war oben im Dachgeschoss, dem Zimmer meines Zwillingsbruders. Dort lag er, blutüberströmt,  in seinem Bett, mit meiner Mutter, die ihm seine selbst zugefügten Schnittwunden an seinem Hals zu hielt. Er hatte an diesem Abend seinen 2. Suizidversuch unternommen. Ich habe garnichts gefühlt. Ich war in Schock. Der Notarzt kam und er wurde in die Notaufnahme gefahren.",5,3,3,5,7,23.12.2024,18,6,7,1,5,7,6,10,2,7,3,2,3,4,3,1,1,0,1,2,4,1,3,4,3,0,1,1,1,0,1,0,2,0,1,2,1,1,0,2,3,3,3,1,0,3,0,1,2,0,0,4,4,4,3,4,3,3,2,2,3,"1,2,3",3,1,5,6,"2,3,4",6,3,3,6,6,"2,3","1,2,3","1,2",2,2,"1,2,3,4",14,0.772,117.827,120.049,8,"Planung, Prognose, Prozessoptimierung, Prävention, Probleme, Portfoliomanagement, Profitabilität, Prozessanalyse, Präventionsstrategien, Perspektive, Planungsstrategien, Produktivität, Produktionskosten, Preisgestaltung, Personalentwicklung, Projektmanagement, Priorisierung, Partnerschaft, Prozesssteuerung, Politik, Performance, Potenzial, Publikation, Programmierung, Psychologie, Positionierung, Protokoll, Praxisbezug, Produktinnovation, Präsentation, Produktdesign, Publikumswirksamkeit, Patentrecht, Produktionsprozess, Perspektivenwechsel, Prognosemodell, Problemstellung, Prozesskontrolle, Portfoliostrategie, Proaktivität, Produktionssteigerung, Produktionsplanung, Personalstrategie, Prioritätssetzung, Projektsteuerung, Prozesssicherheit",30.223,99.63,120.208,30,"Panda, Ameise, Papagei, Tiger, Panther, Elefant, Pferd, Igel, Krokodil, Pfau, Giraffe, Python, Löwe, Puma, Dachs, Pelikan, Fuchs, Pavian, Otter, Perlhuhn, Robbe, Schildkröte, Seestern, Storch, Möwe, Pottwal, Hase, Piranha, Bär, Zebra, Pazifiklachs, Ente, Palmkätzchen, Eule, Dromedar, Pfeilgiftfrosch, Koala, Wolf, Prachtlibelle, Nashorn, Polarfuchs, Elch, Känguru, Adler, Wal, Prachtkäfer",22,1,4,4,5,1,,96,38,16666,38,1,1,99,66.75,49.83,99,4.91,11,16.16,92.93,58.59,23.23,21.21,13.13,0,0,0,0,0,8.08,8.08,0,2.02,7.07,16.16,11.11,3.03,6.06,0,22.22,2.02,2.02,0,3.03,0,3.03,1.01,2.02,1.01,0,1.01,18.18,5.05,1.01,3.03,6.06,7.07,4.04,0,1.01,0,0,2.02,4.04,2.02,1.01,1.01,2.02,1.01,0,0,1.01,8.08,6.06,1.01,0,0,1.01,13.13,5.05,0,24.24,4.04,14.14,6.06,0,1.01,4.04,0,0,1.01,0,0,0,0,0,0,17.17,9.09,7.07,1.01,0,0,0,0,0,0,0,0,0
2025-02-07 12:13:51,2025-02-07 12:52:57,0,100,2345,1,2025-02-07 12:52:59,R_2j9fvPsk8tyUJ8O,anonymous,EN,4,ME,MA,9,8,3,1,,1,0,0,2.135,0,1.361,1.361,300.123,1,"Ein Freund mit dem ich in der Kindheit viel Zeit verbracht hatte ist von einem Dach gefallen und gestorben. Ich habe die Nachricht von meiner Schwester erhalten, zu der Zeit war ich in Australien. 
Auch wenn wir uns in der Jugend aus den Augen verloren hatten, konnte ich mich noch sehr gut an ihn erinnern und immer wenn wir uns zufällig begegnet sind, habe ich mich ehrlich gefreut ihn zu sehen. Er war sehr lebensfroh und beliebt, lustig und einfach ein guter Kerl. 
Meine Schwester beschrieb, dass seine Mutter und sein großer Bruder vollkommen verzweifelt sind und tiefe Trauer empfinden, zusätzlich Schlaflosigkeit etc.
Ich war über die Nachricht sehr schockiert und es hat mich etwas nachdenklich gemacht. Immer wenn ich auf dem Friedhof bin gehe ich bei seinem Grab vorbei und halte kurz Inne um mir klar zu machen, dass sich auf einen Schlag alles ändern kann und nichts selbstverständlich ist.",2013,19,2,3,1,3,4,4,2,1,5,0,0,68.514,0,0.806,0.806,300.014,1,"Ich bin zum Friseur gefahren. Erst habe ich meine Schuhe angezogen, Mütze aufgesetzt und Schal umgebunden, dann habe ich den Haustürschlüssel genommen und die Haustür abgeschlossen, anschließend bin ich zum Auto gegangen. Ich hab das Auto aufgeschlossen mich hinein gesetzt und bin losgefahren, die Fahrt hat ungefähr 10 Minuten gedauert, der Verkehr war etwas zähflüssig. Ich habe einen Parkplatz an einem Supermarkt genutzt und bin dann zu Fuß in die Stadt gelaufen und zum Friseur gegangen. Ich kannte den Friseur nicht wirklich, da ich bis dahin nur einmal vorher da gewesen bin. Nach einer Wartezeit von ca. 20 Minuten setzte ich mich auf den Stuhl vor den Spiegel und der Friseur hat mich gefragt, was er für mich tun kann. Ich sagte: 2mm an den Seiten und oben ein bisschen was runter, Übergang auf beiden Seiten, keine Kante. Schon legte er los. Der Schnitt war am Ende relativ bescheiden, aber Haare wachsen wieder nach, also was solls. Außerdem hat es nur 15 Euro gekostet, das ist in Ordnung. 
Daraufhin bin ich zu meinem Auto gegangen, habe vorher noch das parkticket gelöst und bin wieder nach Hause gef","23.01.2025, Vormittags",20,4,1,4,5,4,5,3,4,6,0,0,37.363,0,0.864,0.864,300.051,1,"Ich hatte eine Beziehung zu einer wunderschönen Frau, wir haben es nicht Beziehung genannt, weil wir es nicht überstürzen wollten, aber es ging über ca. 1 1/2 Jahre. Mir war nicht klar, ob ich den nächsten Schritt wagen sollte, deswegen beließen wir es beide bei der Nichtbezeichnung unserer Zwischenmenschlichen Situation. Ich traf eine weitere Frau, als diese Beziehung noch lief und habe mich schwer verliebt, es beruhte nicht wirklich auf Gegenseitigkeit, auch wenn eine körperliche Anziehungskraft beiderseits da war. Ich habe daraufhin in Hoffnung auf eine feste Beziehung mit meiner neuen Liebe die Bezihung zu der anderen Frau beendet, das war der größte fehler meines lebens.",5,5,5,5,6,September 2016,0,7,7,1,1,7,6,11,7,3,2,0,0,4,1,2,1,0,1,4,3,1,1,1,0,0,1,1,2,2,1,0,1,0,1,0,0,1,0,1,1,1,1,0,0,1,1,0,0,0,1,3,3,3,3,3,3,4,3,3,3,1,2,1,"1,2",1,6,6,6,6,"5,6",6,6,3,3,1,6,1,17,4.025,4.025,120.022,1,Pirat Pipette Pelle Polizei Pazifist Portugal Penis Parkplatz Plektrum Panflöte Perser Pipi portabel persistierend Pfahl Portal Panda pneumatisch Pakt Peilsender prall Priese,1.743,1.743,120.016,1,Panda Pferd Katze Hund Hase Kaninchen Wildschwein Wal Delfin Robbe Meerschweinchen Lamm Ziege Bulle Bison Eichhörnchen Maus Ratte Giraffe Elefant Tiger Löwe Zebra Antilope Kuh Erdmännchen,32,1,4,5,5,1,,69,27,17644,27,0,1,107,27.91,42.09,99,85.26,21.4,27.1,93.46,57.94,19.63,11.21,7.48,3.74,0,0,0,0,0,0,0,7.48,10.28,10.28,13.08,2.8,10.28,3.74,19.63,10.28,1.87,0.93,2.8,3.74,6.54,4.67,1.87,0,0,0.93,17.76,2.8,0,2.8,0,24.3,4.67,3.74,4.67,2.8,4.67,9.35,2.8,0.93,0,1.87,3.74,2.8,1.87,0.93,0,14.02,8.41,0,3.74,0.93,1.87,10.28,2.8,0,18.69,2.8,10.28,6.54,0,0,0,0,0,0,0,0,0,0,0,0,14.02,4.67,8.41,0,0,0,0,0,0,0,0,0.93,0
2025-02-07 17:43:18,2025-02-07 17:44:32,0,100,73,1,2025-02-07 17:44:32,R_8OYWJwN4RuDENUD,anonymous,EN,4,GU,MU,3,4,1,3,2,,,,,,,,,,,,,,,,,,,,,,,,,,,,,,,,,,,,,,,,,,,,,,,,,,,,,,,,,,,,,,,,,,,,,,,,,,,,,,,,,,,,,,,,,,,,,,,,,,,,,,,,,,,,,,,,,,,,,,,,,,,,,,,,,,,,,,,,,,,,,,,,,,,,,,,,,0,0,13786,,,1,0,,,,,,,,,,,,,,,,,,,,,,,,,,,,,,,,,,,,,,,,,,,,,,,,,,,,,,,,,,,,,,,,,,,,,,,,,,,,,,,,,,,,,,,,,,,,,,,,,
2025-02-01 08:38:21,2025-02-01 10:40:08,0,19,7307,0,2025-02-08 10:40:12,R_2F3eXZcjNxWS5T4,anonymous,EN,4,UR,MA,21,3,1,1,,1,,,,,,,,,,,,,,,,,,,,,,,,,,,,,,,,,,,,,,,,,3.232,3.232,3.8,1,,,,,,,,,,,,,,,,,,,,,,,,,,,,,,,,,,,,,,,,,,,,,,,,,,,,,,,,,,,,,,,,,,,,,,,,,,,,,,,,,,,,,,,,,,,,,,,,,,,,,,,,,,,,0,0,,,,1,0,,,,,,,,,,,,,,,,,,,,,,,,,,,,,,,,,,,,,,,,,,,,,,,,,,,,,,,,,,,,,,,,,,,,,,,,,,,,,,,,,,,,,,,,,,,,,,,,,
2025-02-08 18:02:41,2025-02-08 18:50:50,0,100,2888,1,2025-02-08 18:50:51,R_2SI6njyiWalcsZH,anonymous,EN,4,NU,EB,19,10,1,1,,1,0,0,4.876,0,0.917,262.773,300.124,3,Die Fahrstunden mit meinem Fahrlehrer. Wenn ich ein Fehler gemacht habe hat er schnell eher aggressiv reagiert. Ich hatte nie wirklich Lust auf die Fahrstunden. Und nach der Fahrstunde musste ich auch mal weinen:(,2021,35,3,3,2,3,2,5,8,3,2,0,0,52.341,0,0.92,114.741,300.135,12,Wir waren mit meiner Mama bei meinem Bruder und seiner Frau in Nürnberg das erste mal zu Besuch. Wir haben das Wochenende zusammen verbracht. Und es war eine schöne Zeit mit langen und tiefgründigen Gesprächen. Wir haben zusammen gekocht und gebacken. Und dann sind wir zurück nach Hause gefahren,Vor 5 Monaten Oktober 2024,25,6,4,5,5,4,6,10,6,6,0,0,1.201,0,0.577,187.625,300.131,3,"Ich war 10. und war in einer Jugendherberge über die Ferien ohne Eltern. Dann hatte ich höchstwahrscheinlich eine Magendarmgrippe. Ich musste ,ich sehr oft übergeben und einmal hatte ich mich so stark übergeben dass ich nicht mehr atmen konnte und ich hatte das Gefühl zu sterben weil mir erst keiner zur Hilfe kam. Dann kam eine Betreuerin und hat mich quasi gerettet und ich musste weinen und konnte mich erstmal nicht beruhigen und ich hatte in dem Moment meine Mutter sehr stark vermisst. Weil sie mir normalerweise zu Hilfe kommen würde.",5,5,5,5,6,In irgendwelchen Schulferien 2014,77,4,5,1,4,2,6,3,6,2,0,0,0,1,1,1,1,1,0,2,2,0,0,0,0,0,0,0,0,0,0,0,0,0,0,0,0,0,0,0,0,0,0,0,0,0,0,0,0,0,0,3,4,4,3,3,3,4,4,3,3,3,6,6,6,6,6,6,6,6,6,6,6,6,6,6,6,6,17,1.057,24.26,120.019,2,"Philipp
Pflanzen 
Pflaster 
Psychologie
Proaktiv
Paar
Passiv
Patriotismus 
Patienten 
Probleme 
Post
Polizei 
Pfarrer 
Pfannkuchen 
Polen
Papaya
Papa
Pippilamgstrupmft
Plötzlich 
Puzzle 
Pünktlich 
Päckchen 
Person 
Panda
Pink
P",1.309,1.309,120.019,1,"Panda
Kangaroo
Kamel
Ameise
Tiger
Giraffe
Schwan
Löwe
Maus
Ratte
Adler
Schwein
Kuh
Hase
Kaninchen 
Goldfisch
Delfin
Wal
Qualle
Seepferdchen 
Pferd
Schlange
Hamster
Einhörncgen
Bär
Jaguar",21,2,4,6,5,1,,43,9,17674,9,0,1,91,1,4.68,86.13,91.87,15.17,13.19,95.6,68.13,20.88,17.58,16.48,0,0,0,0,0,1.1,1.1,1.1,2.2,6.59,7.69,15.38,5.49,16.48,4.4,19.78,5.49,1.1,0,2.2,4.4,7.69,5.49,2.2,0,0,2.2,6.59,2.2,0,1.1,0,18.68,2.2,2.2,5.49,4.4,6.59,3.3,1.1,0,0,1.1,5.49,2.2,0,1.1,0,8.79,4.4,1.1,4.4,0,1.1,14.29,1.1,0,12.09,1.1,5.49,5.49,1.1,1.1,0,0,0,1.1,2.2,0,1.1,0,0,1.1,7.69,6.59,1.1,0,0,0,0,0,0,0,0,0,0
2025-02-01 18:42:36,2025-02-01 18:59:59,0,54,1042,0,2025-02-08 19:00:02,R_2oz0r15QUAFbf8m,anonymous,EN,4,K,PA,1,8,1,1,,1,0,0,1.479,0,0.591,260.973,319.563,13,Ich wollte ein einem normalen Tag meine Oma besuchen. Sie lag dann mit schweren Verletzungen und alkoholisiert auf der Kellertreppe. Der Anruf danach beim Rettungsdienst und alles danachfolgende war schlimm.,Sommer 2021,63,5,7,6,5,6,5,11,6,4,0,0,4.344,0,0.734,231.409,300.017,4,Mein letzter Einkauf gemeinsam mit meinem Freund. Dabei haben wir alle notwendigen Grundnahrungsmittel gekauft und viel Obst und Gemüse für den Entsafter.,28.01.2025,26,3,2,5,2,4,3,11,5,7,,,,,,,,,,,,,,,,,,,,,,,,,,,,,,,,,,,,,,,,,,,,,,,,,,,,,,,,,,,,,,,,,,,,,,,,,,,,,,,,,,,,,,,,,,,,,,,,,,,,,,,,,,,,,,,,0,0,13153,,,1,0,,,,,,,,,,,,,,,,,,,,,,,,,,,,,,,,,,,,,,,,,,,,,,,,,,,,,,,,,,,,,,,,,,,,,,,,,,,,,,,,,,,,,,,,,,,,,,,,,
2025-02-09 18:25:40,2025-02-09 19:04:13,0,100,2313,1,2025-02-09 19:04:14,R_2jRvsg4SK2CS9qN,anonymous,EN,4,UR,MA,21,3,1,1,,1,0,0,22.402,0,2.125,290.479,300.055,8,"Mein damaliger Ehemann betrog mich, nachdem ich kurz zuvor meinen Vater an Krebs verloren hatte. Ich stand kurz vor der Geburt meines zweiten Kindes. Mein bisheriges Leben stand für mich komplett in Frage. Ich musste von vorn anfangen.",April 1998,26,4,7,1,6,7,1,11,3,6,0,0,9.001,0,16.31,227.009,300.194,7,Missglückter Urlaub mit Freunden im Winter auf Sylt. Keine Möglichkeit zu entkommen. Dafür habe ich viel gelesen und mein eigenes Ding gemacht. Nur die Vorstellung von Urlaub war halt anders.,Februar 1995,1,1,1,4,1,1,1,11,4,7,0,0,2.075,0,1.254,296.801,300.191,20,"Nach einem Unfall, bei dem ich im PKW eingeklemmt war, standen meine beiden Kinder am Auto und wollten, dass ich aussteige. Ich dachte, ich sehe sie nie wieder, als wären es meine letzten Momente mit meinen Mädchen...",5,5,1,5,7,06.09.2006,90,7,7,7,7,7,6,10,7,5,0,0,0,2,0,1,0,0,1,0,0,0,1,0,0,0,0,0,0,0,1,0,1,0,1,0,1,1,0,1,0,1,1,0,0,1,1,1,1,1,0,3,3,3,3,3,3,4,4,3,3,6,6,1,6,6,6,6,6,6,6,6,"1,2",2,4,4,6,1,3,2.502,2.502,120.144,1,"Paddel, Post, Prospekt, Popo, Plage, privat, Pirol, passen, Pappe, Porto, Pritsche, Party, Prosecco, Pille, Page, parti",2.503,2.503,120.1,1,Hund Katze Maus Pferd Vogel Schwein Giraffe Dromedar Schlange Igel Meerschweinchen Fisch Fliege Salamander Eichhörnchen Papagei Hase Ente Wurm Jaguar Löwe Tiger Leopard Natter bi,57,2,3,6,4,1,,50,5,,5,0,1,37,16.16,7.9,99,,18.5,18.92,91.89,62.16,27.03,24.32,18.92,0,0,0,0,0,5.41,5.41,2.7,5.41,8.11,16.22,10.81,5.41,10.81,2.7,18.92,5.41,2.7,0,0,2.7,0,0,0,0,0,0,10.81,2.7,0,2.7,0,24.32,10.81,0,5.41,2.7,5.41,2.7,2.7,2.7,0,0,0,0,0,0,0,2.7,0,0,2.7,0,0,10.81,2.7,0,24.32,5.41,5.41,13.51,2.7,2.7,0,0,0,0,0,0,0,0,0,0,24.32,10.81,13.51,0,0,0,0,0,0,0,0,0,0
2025-02-10 16:02:18,2025-02-10 16:54:12,0,100,3113,1,2025-02-10 16:54:13,R_8mTvJnjYsxNrGAp,anonymous,EN,4,EV,EM,10,11,1,1,,1,0,0,40,0,1.61,205.969,300.112,2,"Ich war bei einem Kumpel und habe im gleichen Bett bei ihm übernachtet. Er hat wiederholend versucht, mich anzufassen, obwohl ich das nicht wollte. Er war betrunken und extrem aufdringlich und ich habe ihm mehrmals gesagt, dass ich das nicht will, doch er wollte unbedingt mit mir schlafen. Letztendlich hat er mich dann in Ruhe gelassen, aber richtig wohlgefühlt habe ich mich nicht. Außerdem war ich sehr müde und wollte einfach nur schlafen. Seitdem habe ich auch keinen Kontakt mehr zu ihm. Vor dieser Nacht haben wir uns zwar schon öfters mal geküsst, aber wir hatten nie Sex miteinander und ich hätte es mit ihm auch nicht gewollt, denn für mich hatten wir eine andere Ebene an Bindung, keine sexuelle, zueinander.",Anfang Januar 2024,100,1,2,3,3,1,5,11,7,4,0,0,140.163,0,1.216,159.654,300.012,3,"Ich habe mich mit einem Fremden getroffen. Wir haben uns über Tinder kennengelernt. Erst waren wir etwas trinken, danach sind wir zu ihm gefahren und haben miteinander geschlafen. 
Wir hatten ab dem Zeitpunkt über mehrere Jahre phasenweise immer wieder eine F+. An sich war das recht neutral, dann einerseits war es sehr anstrengend mit ihm. Ich kam mit seinem Charakter nicht so gut klar. Andererseits war es eine spannende Erfahrung, sich mit einem Fremden zu treffen. 
Ich würde das Erlebnis im Nachhinein aber weder als besonders schön, noch als besonders schrecklich bewerten.",im Juni 2022,100,7,4,5,3,2,6,11,7,3,0,0,10.202,0,1.595,1.595,300.01,1,"Ich war mit meiner ehemaligen besten Freundin über Silvester in Paris. Kurz nach 12 in der Nacht, wollten wir zurück in unser Hotel und sind einen Weg entlang gegangen, der relativ dunkel und leer war. Dort ist uns jemand hinterhergegangen und er war dicht hinter uns. Wir sind dann stehen geblieben und er hat sich uns in den Weg gestellt. Wir konnten in keine Richtung fliehen. Er hat nichts gesagt und uns nur pervers angesehen und er wollte uns nicht vorbei lassen. Irgendwann haben wir ihn angeschrien, er soll uns in Ruhe lassen aber er hat weiterhin nichts getan. Meine Freundin hat einen Mann aktiv angesprochen, aber auch der hat uns nicht wirklich geholfen. Irgendwann konnten wir weglaufen und sind nach einer Ewigkeit endlich im Hotel angekommen und haben beide geweint. 
Ich konnte in dem Moment, in dem der Typ vor uns stand, weder etwas sagen oder tun, ich war völlig in Schockstarre und hatte sehr große Angst. Ich selbst hätte kein Wort herausbekommen ohne meine Freundin. Auch Leute, die uns gesehen und gehört haben, haben uns nicht geholfen. Ich dachte wirklich, wir werden gleich verletzt oder vergewaltigt. 
Auch Wochen danach hat mein Herz kurz aufgehört zu schlagen, immer wenn jemand plötzlich hinter mir stand und auch heute hasse ich das Gefühl, wenn jemand direkt hinter meinem Rücken ist, den ich nicht kenne.",5,5,5,5,5,Silvester von 2022 auf 2023,76,6,7,1,5,5,6,11,6,6,1,0,0,0,0,0,0,0,3,2,0,1,0,0,0,0,2,1,1,0,1,0,1,0,2,0,0,2,0,0,1,0,2,0,1,2,1,2,0,0,1,3,3,2,1,3,3,4,4,2,2,6,6,3,3,6,6,6,3,1,6,6,3,6,6,3,6,6,9,3.651,3.651,120.11,1,"Puzzle, Paket, Packet, Perle, Pizza, Poltergeist, Panne, Pferdehof, Pantomime, Perfektion, Pass, Perlmutt, Pfanne, Pfirsich, Problem, PKW, Pla",2.733,2.733,120.109,1,"Hund, Katze, Pferd, Esel, Affe, Wal, Nilpferd, Krokodil, Schmetterling, Marienkäfer, Spinne, Hase, Meerschweinchen, Schlange, Löwe, Tiger, Vogel, Fisch, Bär, Faultier, Mader, Made, Fliege, Skorpion, Widder, Steinbock, Krebs, Seestern, Hai",20,2,4,9,5,1,,54,11,17227,11,0,1,223,1.2,75.42,96.6,5.79,15.93,17.94,97.31,66.82,21.52,17.04,5.83,7.62,0,0,0,0,3.14,3.14,0,4.04,5.83,9.87,16.14,5.38,11.66,4.48,25.56,6.28,1.79,0,0.45,3.59,7.17,3.14,4.04,0.9,1.35,0.9,17.94,0.45,1.35,1.35,3.59,18.83,3.14,0,3.59,4.93,4.93,5.38,4.04,1.35,2.24,0.45,3.14,0.45,0.45,1.35,0,13.45,9.42,3.14,1.35,0.45,0.45,12.56,6.28,2.24,23.32,3.14,13.9,8.97,0,0.9,0,0,0.45,0,0.45,0,0,0,0,0,12.11,6.28,5.83,0,0,0,0,0,0,0,0,0,0
2025-02-10 18:04:53,2025-02-10 18:37:19,0,100,1946,1,2025-02-10 18:37:20,R_8LInD7emwAyc4Vl,anonymous,EN,4,Si,Ju,7,2,1,1,,1,0,0,3.538,0,0.746,136.44,300.014,2,"Bei der vorstellungsrunde der 5ten klasse, sollte jeder seinen Namen sagen und dazu eine Bewegung machen. In der zweiten Runde sollte man nur noch die Bewegung machen und die anderen sollten dann den passenden Namen dazu sagen. Ich habe ein Fußballschuss Bewegung gemacht, doch in der zweiten Runde konnte keiner meinen Namen sagen und die Leute haben angefangen zu lachen. Ich kannte keinen auf der Schule und habe mich geschämt",In der 5ten klasse. So ca 2013-2014,89,6,4,3,4,4,5,9,5,4,0,0,24.352,0,2.754,198.29,300.012,4,"Ich wurde zum Fußballtraining gebracht und unten beim Sportplatz rausgelassen. Nachdem ich ausgestiegen bin, habe ich gemerkt wie kalt die Luft war, was allerdings kein Problem war, da ich warm angezogen war. Daraufhin bin ich hoch zum Sportplatz gegangen hab meine Mannschaft gesucht und stand so lange rum bis das Training angefangen hat.",2017 im Winter,69,3,3,4,3,2,5,11,7,5,0,0,1.84,0,0.963,283.784,300.114,3,"Ich habe als Kind so zwischen 8-10 immer wieder das Gefühl gehabt nicht Teil meiner Familie zu sein und das Bedürfnis gehabt wegzulaufen. Mein Vater war sehr aggressiv und hat viel rumgeschrien und meinen Bruder und mich geschlagen, wenn wir was falsch gemacht haben. Mein Bruder hat mich über eine längere Zeit sehr stark ausgegrenzt, beleidigt und runtergemacht, was sehr verletzend war, da ich immer zu ihm aufgeschaut habe. Dann hab ich an einem Tag ein Messer aus der Küche genommen (kein wirklich scharfes) und bin damit zu meiner Mutter gegangen und habe es an mein Bauch gehalten. Daraufhin hab ich zu meiner Mutter gesagt, dass sie mal herschauen soll und dann hat sie das Messer an meinem Bauch gesehen. Das hat sie mir dann weggenommen und meinen Vater geholt, welcher mich in den Arm genommen hat und gesagt hat, dass alles wieder gut wird.",5,5,5,5,4,Mit ca 8-10 Jahren,100,2,2,3,3,4,3,11,6,2,0,1,1,4,3,4,2,4,0,1,1,1,1,1,0,0,1,1,1,4,0,1,0,1,1,0,2,1,0,0,0,3,1,0,0,1,0,0,2,0,1,3,4,3,2,3,3,3,4,3,3,6,6,6,6,6,5,6,5,5,6,6,2,2,6,6,6,6,12,1.222,43.004,120.012,3,"Pause, Pelikan, Pumpernickel, Panik, Pinguin, Punk, Polizei, Pilates, Pessimist, Pulver, Pilger, Plus, plötzlich, Pavian, passiv, Paukenschläge, permanent, Parlament, Pakistan",2.726,99.507,120.11,3,"Tiger, Adler, Schimpanse, Pavian, Hund, Katze, Ente Rind Schaf Pferd Stier Fisch Papagei Eule Schildkröte Schwein erdmännchen Känguru nielpferd Kröte Schnecke Ameisenbär Biene Wespe uranutang Kakadu Schwan Schlange Spinne Esel",21,1,4,5,5,1,,76,31,17689,31,0,1,145,1,34.8,95.53,1,24.17,17.24,93.1,64.83,23.45,16.55,11.72,0.69,0,0,0,0,4.14,4.14,2.07,4.83,6.21,8.97,15.17,3.45,17.24,1.38,22.76,6.21,1.38,2.07,0.69,4.83,6.9,2.76,4.83,0,2.07,2.07,12.41,4.83,0,1.38,2.76,14.48,4.83,1.38,1.38,2.07,3.45,2.76,3.45,0.69,1.38,1.38,4.83,2.76,0.69,0.69,1.38,7.59,5.52,0.69,0.69,0,0.69,10.34,7.59,0.69,16.55,2.76,9.66,5.52,0,0.69,1.38,0.69,0,0,2.07,0,0,0,0,0,11.03,4.14,4.83,0,0,0,0,0.69,0,0,1.38,0,0
2025-02-03 18:21:26,2025-02-03 18:53:55,0,38,1948,0,2025-02-10 18:53:55,R_8mKsVCKyA2z8eP2,anonymous,EN,4,CH,FR,7,11,1,1,,1,0,0,14.568,0,1.034,293.983,300.018,13,"Tod des eigenen Vaters im Jahre 2017. Gefühl der tiefen Trauer, auch darüber, Dinge nicht gesagt zu haben und nicht mehr sagen zu können. Gefühl der eigenen Unzulänglichkeit. Traurigkeit, nicht anwesend gewesen zu sein.",2017,40,7,7,1,5,7,7,8,1,7,,,,,,,,,,,,,,,,,,,,,0,0,1.549,0,,,,,,,,,,,,,,,,,,,,,,,,,,,,,,,,,,,,,,,,,,,,,,,,,,,,,,,,,,,,,,,,,,,,,,,,,,,,,,,,,,,,,,,,,,,,,,,,,,,,,,,,,,,,0,0,,,,1,0,,,,,,,,,,,,,,,,,,,,,,,,,,,,,,,,,,,,,,,,,,,,,,,,,,,,,,,,,,,,,,,,,,,,,,,,,,,,,,,,,,,,,,,,,,,,,,,,,
2025-01-31 16:23:59,2025-02-03 18:57:09,0,38,268390,0,2025-02-10 18:57:10,R_8MXRVLuenK65YYw,anonymous,EN,4,FA,MU,13,1,3,3,1,1,0,0,1.829,0,8.049,239.351,300.055,8,"Ein Spaziergang am frühen Morgen durch den Wald ist ein besonderes Erlebnis. Die frische, kühle Luft füllt die Lungen, während die ersten Sonnenstrahlen durch das dichte Blätterdach brechen und den Boden in ein goldenes Licht tauchen. Vögel zwitschern in den Bäumen, und in der Ferne plätschert ein kleiner Bach, dessen sanftes Rauschen eine beruhigende Atmosphäre schafft.
Mit jedem Schritt auf dem weichen Waldboden spürt man die Natur um sich herum – der Duft von feuchtem Moos, das leise Knacken von Zweigen und die Stille, die nur von der Geräuschkulisse des Waldes durchbrochen wird. Es ist ein Moment der Ruhe und Entschleunigung, fernab vom hektischen Alltag.",Das beschriebene Erlebnis ist fiktiv und nicht an ein konkretes Datum oder eine echte Begebenheit gebunden.,42,4,5,7,1,1,2,5,3,7,0,0,5.511,0,,,,,,,,,,,,,,,,,,,,,,,,,,,,,,,,,,,,,,,,,,,,,,,,,,,,,,,,,,,,,,,,,,,,,,,,,,,,,,,,,,,,,,,,,,,,,,,,,,,,,,,,,,,,,,,,,,,,,,,,,,,,,,,,0,0,13801,,,1,0,,,,,,,,,,,,,,,,,,,,,,,,,,,,,,,,,,,,,,,,,,,,,,,,,,,,,,,,,,,,,,,,,,,,,,,,,,,,,,,,,,,,,,,,,,,,,,,,,
2025-02-10 21:21:56,2025-02-10 22:11:06,0,100,2950,1,2025-02-10 22:11:07,R_2xUYxBpKEOd84ub,anonymous,EN,4,ED,Ch,4,9,1,1,,1,0,0,4.582,0,0.87,276.691,300.025,10,"Ein negatives aber nicht traumatisches Erlebnis war das ich vor 3 Jahren 600km von meinem Heimatort in eine andere Stadt gezogen bin, um dort zu studieren. Der Umzug war eine Fehlentscheidung da ich den neuen Ort noch nie gesehen hatte, und er mir garnicht gefallen hat. Ich hab mich sehr einsam und anders gefühlt da ich sehr viel Rassismus erlebt habe und dann auch zeitnah mich mit meiner langjährigen Beziehung getrennt habe. Die Entfernung war zu groß und die ganze Situation war sehr deprimierend und aussichtslos.",Vor 3 Jahren,40,2,4,2,4,5,3,8,7,5,0,0,154.039,0,5.598,261.72,300.025,5,Das Erlebnis war vor ca 1 Jahr. Da hat der neue Freund meiner Mutter aufeinmal Wassereinlagerungen im ganzen Körper gehabt. Daraufhin sind die beiden ins Krankenhaus gefahren und aufeinmsl kam raus das der neue Freund meiner Mutter eine schlimme Herzrhythmusstörung hat. Er wurde am Herz oder in diesem Bereich mehrere Male operiert weil es erst nicht funktioniert hat. Nach Wochen zwischen Krankenhaus und Arztbesuchen ist er nun wieder besser dran und kann dank den Medikamenten wieder „normal“ Leben. Seitdem hat er aber immer häufiger irgendwelche Krankheiten und ist verstärkt auf Hilfe angewiesen.,Vor 1 Jahr ca.,19,6,2,3,5,2,5,1,2,3,0,0,2.317,0,0.57,284.689,300.121,9,"Das schlimmste und schrecklichste Erlebnis was ich jemals erlebt hab, hat sich genau 2x wiederholt. 
Meine Familiensituation ist so dass ich nur meine Mutter habe. Vater, Oma/Opa, Verwandtschaft ist nicht vorhanden. Vor ca 13 Jahren bekam meine Mutter die Diagnose das sie Gebärmutter Krebs hat. Ich war jedem Tag von morgens bis abends im Krankenhaus und habe sehr gelitten. Vor paar Monaten ist sowas erneut passiert. Ich war in meiner neuen Stadt am Wohnen und plötzlich kam ein Anruf „ihre Mutter hatte ein epileptischen Anfall und einen Schlaganfall und liegt im Krankenhaus“. Ich bin sofort in mein Heimatort gefahren aber seit dem war es alles nur schrecklich und unaufhaltbar. Ich hab mich davon bisher nicht erholt  und mein gesamtes Wesen hat sich verändert.",5,5,4,5,7,Vor ca 2 Monaten,0,7,7,1,7,7,2,11,6,7,4,3,4,4,3,3,2,1,4,4,4,4,4,4,3,1,4,3,3,4,3,1,3,0,0,2,2,0,1,3,1,3,3,3,3,2,1,3,2,0,3,3,4,3,3,2,2,1,3,2,1,3,3,6,6,6,"2,3",3,3,3,6,6,"2,3","2,3",3,6,6,5,12,3.54,118.968,120.02,11,"Prostitution 
Pegel 
Peinlich 
Presse 
Polizei 
Pinguin 
Pommes 
Puls 
Peiniger 
Prospekt 
Periode 
Penis",2.247,111.958,120.116,11,"Hund , Hai 
Katze, Affe
Maus, Nashorn 
Igel, Schwein
Pferd, Ente
Elefant, Kuh
Giraffe, Ziege
Löwe
Vogel 
Spinne
Fisch 
Büffel
Wal",25,2,4,7,5,1,,129,66,13438,66,1,1,124,3.54,42.66,96.11,1.9,13.78,19.35,92.74,61.29,19.35,13.71,10.48,0,0,0,0,0,1.61,1.61,1.61,4.03,6.45,8.87,13.71,8.87,11.29,1.61,20.16,5.65,1.61,0.81,1.61,4.03,4.03,1.61,3.23,1.61,0,2.42,14.52,6.45,0.81,3.23,1.61,11.29,3.23,0.81,0.81,1.61,4.03,2.42,0.81,0,0.81,0,8.06,2.42,4.84,0.81,0,8.06,4.84,1.61,0,0,1.61,7.26,8.87,0.81,16.94,0.81,6.45,12.1,0,1.61,1.61,0,0,0,1.61,0,0,0.81,0,0,11.29,7.26,2.42,0,0,0,0,0,0.81,0,0,0.81,0
2025-02-11 12:12:05,2025-02-11 12:45:38,0,100,2013,1,2025-02-11 12:45:38,R_2HVR2D0ujSe2RAR,anonymous,EN,4,BI,FI,23,9,1,1,,1,0,0,3.389,0,1.912,291.006,300.01,2,"Meine Oma rief mich an und ich habe schon an der Stimme gemerkt das etwas nicht stimmt. Sie hat mich gefragt ob ich zu ihr kommen kann (wohnt nur 2 min von mir) weil es ihr nicht gut ginge. Ich habe sie dann gefragt ob ich einen RTW rufen soll, wollte sie nicht. Ich bin also rüber gerannt und habe meine Oma (der ich sehr nahe stand) mit extremen Schmerzen im Brustbereich, schwer atmend in ihrem Bett vorgefunden. zusammen mit ihrer Nachbarin haben wir dann den RTW gerufen, der dann auch mit Notarzt eingetroffen ist. dann ging alles ganz schnell und es war ein Riesen Chaos und meine Oma wurde ins Krankenhaus gefahren. Für mich war diese Unkontrollierbarkeit und meine Oma mit diesen Schmerzen (vor Schmerzen schreiend) zu sehen unfassbar schlimm. Ich bin dann heulend ins Krankenhaus hinterher gefahren und hab meine Mutter angerufen, die dann auch zum KH kam. Wir durften durch Corona leider nicht rein und mussten eine Ewigkeit warten, bis sich herausstellte, dass sie einen schweren Herzinfarkt hatte, den sie leider nach 2 Wochen im KH auch nicht überlebt hat...",26.8.2021,40,6,7,1,6,7,6,10,5,3,0,0,1.992,0,1.075,1.075,300.01,1,"Ich habe ein halbes Jahr in der Unternehmungsberatung gearbeitet. Mir wurden immer mehr Aufgaben zugetragen und ich habe es neben meinem Studium nicht mehr geschafft. Ich habe den Job dann gekündigt und einen neuen angefangen. Ich war weder traurig noch wirklich glücklich, dass der Job vorbei war. Ich wusste es ist das richtige und habe mich auf meinen neuen Job gefreut. Es war aber kein besonders prägendes Ereignis.",Juni 2024,8,2,2,5,2,3,2,7,2,7,0,0,2.097,0,1.181,226.292,300.01,2,"An einem alten Stall habe ich mich um ein Pferd gekümmert, das dem Stallbesitzer (einem alten Mann über 80) gehörte. Dieser Stallbesitzer, fand mich (und auch meine beste Freundin) sehr anziehend (ich war zu dem Zeitpunkt 14-16 Jahre alt) und hat ständig versucht uns anzufassen, anzügliche Bemerkungen gemacht, versucht mich zu küssen und hat mich zum Teil auch verfolgt, sowie angedroht auch weitere Dinge zu machen (Vergewaltigung, dazu ist es aber zum Glück nie gekommen). Mein nein hat er vollkommen ignoriert und zum teil haben es auch Erwachsene mitbekommen, die leider auch nicht reagiert haben. Der Zustand ging über 2 Jahre, da ich mich nicht getraut habe mit jemandem darüber zu reden und ich das Pferd (was schwer krank war) nicht aufgeben wollte, da sich sonst niemand um das kranke Pferd kümmern wollte. Es endete erst als der Mann gestorben ist.",3,5,5,1,6,2017-2019,50,5,6,1,5,6,5,8,1,2,1,0,0,2,1,0,0,3,1,2,1,0,0,0,1,0,1,1,0,0,1,0,0,0,1,1,0,2,0,0,1,2,1,1,0,0,0,1,0,0,0,3,3,2,3,3,3,3,3,3,3,3,6,6,"1,3",6,6,6,5,"1,2",6,6,6,6,6,6,6,5,9,2.084,2.084,120.01,1,"Papagei 
Pony 
Pferd 
Penis 
Pupille 
Pizza 
Pummelig 
Pasta 
Pirat 
Polyamorie 
Pancake 
Pfannkuchen 
Pfanne 
Pilot 
Panzer 
Pistole 
Pech",1.43,1.43,120.011,1,"pferd
Hund 
Katze 
maus 
ratte 
giraffe 
Nashorn 
Nilpferd 
Papagei 
Vogel 
Delfin 
Tiger
Löwe
Gepard 
Faultier 
Koala 
Panda 
Spinne 
Schlange 
Echse 
Frosch 
Fisch 
Ameise 
Käfer 
Raupe
Schmetterling 
Wal 
Orka",21,2,4,4,5,1,,54,14,6943,14,0,1,141,7.77,33.22,95.84,17.39,28.2,22.7,93.62,58.87,18.44,11.35,7.8,0.71,0,0,0,0,2.13,2.13,0,6.38,7.8,9.93,12.06,4.96,14.89,3.55,21.99,7.09,1.42,0.71,2.84,2.84,9.93,4.96,4.96,0,2.13,1.42,13.48,1.42,0.71,0.71,2.84,19.15,0.71,3.55,2.13,2.84,4.26,5.67,2.84,0,1.42,1.42,6.38,0,3.55,0.71,0,9.22,3.55,4.96,0,2.13,0,7.8,4.96,0,20.57,4.26,7.09,9.22,2.13,2.13,0,0,0,0.71,0.71,0,0,0,0,0,17.73,3.55,6.38,0,0,0,0,0.71,0,0,7.09,0,0
2025-02-04 12:49:04,2025-02-04 12:51:33,0,19,149,0,2025-02-11 12:51:34,R_8VyDM4r1CjP8I9w,anonymous,EN,4,SU,AL,26,7,1,1,,1,,,,,,,,,,,,,,,,,,,,,0,0,2.057,0,,,,,,,,,,,,,,,,,,,,,,,,,,,,,,,,,,,,,,,,,,,,,,,,,,,,,,,,,,,,,,,,,,,,,,,,,,,,,,,,,,,,,,,,,,,,,,,,,,,,,,,,,,,,,,,,,,,,,,,,,,,,,,,,0,0,15724,,,1,0,,,,,,,,,,,,,,,,,,,,,,,,,,,,,,,,,,,,,,,,,,,,,,,,,,,,,,,,,,,,,,,,,,,,,,,,,,,,,,,,,,,,,,,,,,,,,,,,,
2025-02-11 12:59:11,2025-02-11 13:50:13,0,100,3061,1,2025-02-11 13:50:14,R_82FRtamjmAsDcAy,anonymous,EN,4,DO,JA,25,4,3,1,,1,0,0,1.984,0,1.167,226.073,300.111,3,"Vor etwa drei Jahren bin ich vom Pferd gestürzt und hatte mir die Rippen geprellt. Ich hatte kurz danach einen Schock, stieg jedoch gleich wieder aufs Pferd. Ich hatte einige weitere Stunden Angst vor schnelleren Gangarten, dies hat sich jedoch wieder gelegt und ich konnte wieder Angstfrei reiten. Das Ereignis ist mir negativ in Erinnerung geblieben, ich hatte aber kein Trauma davon.",Vor etwa genau drei Jahren,51,7,6,2,7,4,5,11,7,6,0,0,265.478,0,0.971,215.935,300.052,6,Vor kurzem habe ich miterlebt wie eine ältere Dame ihren PKW gegen die Sparkasse gefahren hat. Sie hatte die komplette Glasfront der Firma beschädigt inkl. Heizung. Natürlich war auch ihr Auto beschädigt. Jedoch ist der Frau aufgrund der geringen Geschwindigkeit nichts passiert. Der Sachschaden des PKWs und der Außenfassade wurde dann von der Versicherung übernommen.,Etwa vor zwei Monaten,72,6,4,4,5,2,5,4,2,7,0,0,1.865,0,0.841,0.841,325.49,1,"Die Trennung meiner Eltern. In meiner Erinnerung ist es fürchterlich gewesen. Bestimmte Dinge wie ein DVD Player, Radio und Stühle wurden auf den Boden geworfen und es war lautes Geschrei. Keiner wurde verletzt und letztendlich kam die Scheidung. Jedoch denke ich heute manchmal noch daran und ich kann die Trennung heute viele Jahre später nicht richtig akzeptieren und verarbeiten.",1,5,5,5,6,Vor etwa 20 Jahren,50,7,7,1,4,6,6,2,2,3,1,0,0,3,1,1,1,1,1,2,1,0,1,0,0,0,1,1,1,1,0,0,0,0,1,0,0,1,0,0,0,1,1,0,0,0,0,1,0,1,0,3,3,3,2,3,3,3,3,3,3,6,6,3,3,6,"2,3",6,6,6,3,6,6,3,3,3,6,6,17,2.689,25.797,120.012,3,"peinlich, Plausch, posttraumatisch, penetrant, penibel, Preisfrage, Pferdeanhänger, Photoapperat, Pflanze, Prinz, Pinsel, Plausibel, Prestige, Perücke, Pfauenfe",1.459,1.459,120.054,1,"Pfau, Pferd , Hund, Katze, Tiger, Maus, Hamster, Wal, Wellensittich, Meerschweinchen , Kaninchen, Wolf, Löwe, Möwe, Ratte, Hausrind, Esel Zebra, Giraffe, Elefant, Nashorn, Schwein, Hyäne, Rabe, Taube, Elch, Hirsch, Maulwurf,",32,2,4,5,6,1,,52,17,3709,17,0,1,59,6.04,25.42,99,1,11.8,25.42,93.22,55.93,11.86,6.78,6.78,0,0,0,0,0,0,0,0,5.08,8.47,3.39,11.86,8.47,13.56,3.39,18.64,6.78,3.39,1.69,0,3.39,8.47,0,8.47,1.69,0,3.39,8.47,3.39,0,0,0,20.34,5.08,1.69,0,3.39,5.08,5.08,5.08,0,5.08,0,1.69,0,0,0,0,5.08,1.69,1.69,1.69,0,0,10.17,8.47,1.69,18.64,1.69,5.08,11.86,0,5.08,0,0,0,0,1.69,0,0,1.69,0,0,10.17,8.47,1.69,0,0,0,0,0,0,0,0,0,0
2025-02-05 18:12:21,2025-02-05 18:13:23,0,19,62,0,2025-02-12 18:13:28,R_8CjGAozUjbf9jWu,anonymous,EN,4,El,Ir,21,6,1,1,,1,,,,,,,,,,,,,,,,,,,,,0,0,1.346,0,,,,,,,,,,,,,,,,,,,,,,,,,,,,,,,,,,,,,,,,,,,,,,,,,,,,,,,,,,,,,,,,,,,,,,,,,,,,,,,,,,,,,,,,,,,,,,,,,,,,,,,,,,,,,,,,,,,,,,,,,,,,,,,,0,0,17635,,,1,0,,,,,,,,,,,,,,,,,,,,,,,,,,,,,,,,,,,,,,,,,,,,,,,,,,,,,,,,,,,,,,,,,,,,,,,,,,,,,,,,,,,,,,,,,,,,,,,,,
2025-02-06 04:19:41,2025-02-06 04:33:24,0,58,822,0,2025-02-13 04:33:25,R_8Pk53s8Ngd9Oyxo,anonymous,EN,4,MA,IG,13,11,3,1,,1,2.536,3.47,3.481,2,4.765,120.159,300.127,9,"Dunkelheit ich wache auf und trete in eine kakarlake schreie , erschrecke mich vor ihr , dieses Gefühl und wie sich angefühlt hat. Ich schalte das Licht ein und es sind zwei Insekten , die auf mein Bett krabbeln .",August 2024,67,6,7,2,3,7,7,9,4,5,,,,,,,,,,,,,,,,,,,,,0,0,3.731,0,7.731,286.585,300.076,5,"Ich bin auf der Straße gelaufen und wurde verfolgt, der Mann kam mir näher ich wollte die Straßenseite wechseln , weil ich dachte vielleicht bilde ich mir das ein , dann drehte ich mich um und er stand immer noch da. Er kam näher und hat mich belästigt, ich hatte wie eine schockstarre , ich meinte zu ihm ich rufe die Polizei wenn er nicht geht, er hat gelacht und mich am Kopf geschlagen und ist weg gerannt und hat zwei Mittelfinger gezeigt. Ich hatte die Polizei gerufen, die haben nichts gemacht .",5,5,5,5,6,Dezember 2024,57,5,4,6,6,5,5,8,4,3,,,,,,,,,,,,,,,,,,,,,,,,,,,,,,,,,,,,,,,,,,,,,,,,,,,,,,,,,,,,,,,,,,,,,,,,,,,,,,,,,,,,,,,0,0,17647,,,1,89,2.78,15.58,97.34,1,29.67,17.98,97.75,65.17,22.47,21.35,15.73,0,0,0,0,0,5.62,5.62,0,0,11.24,4.49,13.48,2.25,15.73,2.25,30.34,3.37,3.37,1.12,1.12,1.12,4.49,1.12,3.37,1.12,1.12,0,12.36,1.12,0,0,5.62,17.98,2.25,4.49,2.25,2.25,4.49,3.37,3.37,1.12,2.25,0,2.25,1.12,0,0,0,7.87,1.12,3.37,3.37,0,0,19.1,6.74,0,17.98,5.62,8.99,3.37,2.25,0,0,0,0,0,0,0,0,0,0,0,11.24,3.37,7.87,0,0,0,0,0,0,0,0,0,0
2025-02-06 09:56:50,2025-02-06 10:09:22,0,38,751,0,2025-02-13 10:09:27,R_27DzOVkJDKWvPGI,anonymous,EN,4,AZ,SH,27,9,1,3,1,1,0,0,12.781,0,36.284,188.123,300.105,18,"Ich erinnere mich an den Moment als ich in Deutschland war und einen Anruf erhielt. Am anderen Ende der Leitung wurde mir mitgeteilt ( also meine Mama) dass mein Onkel im Iran bei einem Unfall gestorben ist .Er war erst nur 30 Jahre alt. Die Nachricht traf mich völlig unerwartet und ich konnte es zunächst nicht begreifen.
Mir wurde bewusst, dass ich mich nicht richtig von ihm verabschieden konnte. Die räumliche Distanz machte es unmöglich, bei ihm zu sein oder ihn ein letztes Mal zu sehen. Dieses Gefühl der Hilflosigkeit und der plötzliche Verlust haben mich tief getroffen",Gefühl der Hilflosigkeit und der plötzliche Verlust,60,6,7,5,4,7,7,2,5,1,0,0,5.759,0,,,,,,,,,,,,,,,,,,,,,,,,,,,,,,,,,,,,,,,,,,,,,,,,,,,,,,,,,,,,,,,,,,,,,,,,,,,,,,,,,,,,,,,,,,,,,,,,,,,,,,,,,,,,,,,,,,,,,,,,,,,,,,,,0,0,6076,,,1,0,,,,,,,,,,,,,,,,,,,,,,,,,,,,,,,,,,,,,,,,,,,,,,,,,,,,,,,,,,,,,,,,,,,,,,,,,,,,,,,,,,,,,,,,,,,,,,,,,
2025-02-06 15:24:49,2025-02-06 15:25:00,0,2,11,0,2025-02-13 15:25:06,R_28XKuXd6MSpf2zE,anonymous,EN,4,,,,,,,,,,,,,,,,,,,,,,,,,,,,,,,,,,,,,,,,,,,,,,,,,,,,,,,,,,,,,,,,,,,,,,,,,,,,,,,,,,,,,,,,,,,,,,,,,,,,,,,,,,,,,,,,,,,,,,,,,,,,,,,,,,,,,,,,,,,,,,,,,,,,,,,,,,,,,,,,0,0,17647,,,1,0,,,,,,,,,,,,,,,,,,,,,,,,,,,,,,,,,,,,,,,,,,,,,,,,,,,,,,,,,,,,,,,,,,,,,,,,,,,,,,,,,,,,,,,,,,,,,,,,,
2025-02-13 21:33:46,2025-02-13 22:05:35,0,100,1909,1,2025-02-13 22:05:35,R_24GBLKzKQluB3tu,anonymous,EN,4,EL,SA,1,12,3,1,,1,0,0,5.006,0,1.8,218.626,300.046,9,"Ich hatte bei meiner Bachelorarbeit übersehen, dass ich nach der Anmeldung noch genau 8 Wochen zum Schreiben habe. Das konnte ich zeitlich überhaut nicht schaffen und so suchte ich um eine Verlängerung an. Erst wollt die Professorin nicht zustimmen, aber am Schluss war sie einsichtig und gab mir die Verlängerung. Das war für mich so ein negatives Erlebnis, dass mich die ganze Schreiberei nur gestresst hat.",vor 2 Jahren,21,6,6,2,3,3,4,10,7,2,0,0,39.61,0,5.777,110.388,300.022,2,"Letzten Sommerurlaub waren wir in Südspanien.Bei der Rückreise am Flughaben liefen wir alle zum Abfluggate. Als wir dort ankamen, war mein großer Sohn verschwunden. Ich lief sofort zurück durch den ganzen Flughafen und suchte ihn. Ich hatte Angst, dass er mitgenommen wurde. Ich schwitzte am ganzen Körper. Dann kam er auf einmal aus dem WC raus. Er war total fröhlich und sagte, er habe Papa gesagt, dass er noch aufs WC gehe. War ich froh, als ich ihn wieder fand.",letzten Sommer,100,2,5,2,2,2,2,11,4,5,0,0,1.498,0,9.5,9.5,300.133,1,"Es war, als ich mit dem Auto am Abend unterwegs war. Es war alles dunkel und hat geregnet. Ich kam in Panik, da ich kaum noch etwas sah. Ich fuhr dann ganz langsam und im Schritttempo. Aber meine Angst ging leider nicht weg. Ich war noch 30 Minuten von meinem Haus entfernt. Also nahm ich all meinen Mut zusammen und fuhr weiter. Auf einmal überholt mich ein Auto. Ich dachte mir nur, kann der mehr sehen als ich? Wahrscheinlich nicht, aber es gibt halt immer wieder solche Raser. Zum Glück kam ich am ende gut an. Ich war heil froh, als ich zu Hause war. Das war eine sehr schreckliche Erfahrung. Seither fahre ich nicht mehr gerne in der Nacht mit dem Auto. Sowieso nicht, wenn es regnet.",5,5,5,5,7,vor ca. 10 Jahren,0,1,7,1,2,7,6,11,7,2,4,4,4,4,3,3,3,3,3,3,3,3,3,3,3,3,4,4,4,4,3,3,3,3,3,3,3,3,3,3,3,3,3,3,3,3,3,3,3,3,3,2,2,2,2,2,2,2,2,2,2,6,6,1,6,6,6,6,6,6,6,6,6,6,6,6,6,6,3,1.76,34.011,120.121,2,"Putzen, Putzfrau, Palme, Panne, Papa, Pilz, Putzfrau, Panik, Pause, Paul, Papagei, Pinzette, Pinsel, Pinguin, Perle, Papst, Panda, Puma, P",3.718,3.718,120.015,1,"Katze, Hund, Hase, Kaninchen, Puma, Panda, Schlange, Affe, Maus, Krokodil, Papagei, Pinguin, Löwe, Jaguar, Tiger, Elefant, Esel, Ente, Hirsch, Kuh Schwein, Ziege, Pferd, Bär, Fuchs, Wolf, Schaf, Maultier, Chameleon, Echsen, Spinne,",38,2,4,5,6,1,,151,68,17734,68,1,1,128,4.79,3.15,99,34.98,8.53,10.16,96.09,59.38,19.53,13.28,13.28,0,0,0,0,0,0,0,0,5.47,7.03,11.72,11.72,10.16,12.5,3.13,21.88,8.59,3.91,0,0.78,5.47,7.03,3.91,3.13,2.34,0,1.56,6.25,0,0,0,0,21.88,2.34,2.34,2.34,4.69,4.69,9.38,3.13,2.34,0,0,0,0,0,0,0,3.13,0.78,0.78,0.78,0.78,0.78,12.5,3.91,0.78,27.34,8.59,9.38,11.72,0.78,2.34,1.56,0,0.78,0,2.34,0,0,0,0,0.78,16.41,10.94,4.69,0,0,0.78,0,0,0,0,0,0,0
2025-02-15 10:00:46,2025-02-15 14:31:40,0,100,16254,1,2025-02-15 14:31:41,R_2q1foNQX4YBPz1f,anonymous,EN,4,MA,CE,23,8,1,3,1,1,0,0,5.35,0,3.5,244.993,300.014,12,"Ich habe in einer Zeitung gearbeitet oder besser gesagt, ins Pressebereich der Bürgermeisterin. Mein Arbeitskollege circa zehn Jahre älter als ich und ich waren unterwegs zu einen Auftrag. Ich war elegant angezogen, hatte ein kurzes Ork und Strumpfhosen an. Wir saßen im hinteren Bereich eines Taxis, und dieser Arbeitskollege, der auch etwas so wie ein Chef war, fing an, meine Arbeit in der Abteilung zu loben. Er sah ziemlich hässlich aus, groß und sehr dick. Er guckte in einer etwas lustvollen Art, und dann hat er seine Hand auf meinen Beinen in einer halbwegs erotischen Geste. Ich fand es schrecklich. Ich hätte Angst, mich zu wehren.",1995,12,2,7,1,7,7,1,3,2,3,0,0,6.964,0,1.851,265.459,300.068,16,"Es ist die Geburtstagsfeier von meiner Schwester. Wir sind circa zwölf oder 13 Jahre alt und sie hat zu uns zu Hause ein paar Freundinnen von der Klasse eingeladen. Wir spielen im Garten. Zu einem bestimmten Zeitpunkt sind wir auch im Eingangsbereich. Ich fühle mich nicht mit ihnen wohl, aber auch Nicht gut oder schlecht dort mit ihnen zu spielen, obwohl ich zwei Jahre älter bin als sie. Von meiner Größe bin ich genauso groß wie sie, weil ich immer ein kleines Mädchen war.",September 1985,0,7,2,4,6,5,5,2,3,6,0,0,16.298,0,3.46,264.022,300.024,10,"Es war nicht ein einziges dramatisches Erlebnis. Es war das tägliches konfrontiert sein, zu einen blutigen Bürgerkrieg in Peru- jeden Tag explodierten Autos und jagten Menschen in die Luft. Personen wohnen in die Luft gejagt ganze Dörfer wurden vernichtet. Kinder und Frauen vergewaltigt und getötet. In der Schule hatten wir einmal in der Woche Training gegen mögliche Bombeneingriffe. Unsere Fenster waren alle verklebt und wir wurden trainiert bei einen starken Blitz Licht unter den Tischen zu springen und laut schreien, damit unsere Ohren mit den Bomben nicht platzen. Tägliche Konfrontation mit Nachrichten. Einmal Explodierte eine Bombe nur 300 m von zu Hause. Ich dachte alle Fenster würden platzen und meine Ohren würden platzen. Es war das Innenministerium in der Nachbarschaft. Etliche Bekannten Freunden sind in diesem Krieg umgekommen. Schreckliche Nachrichten in den Zeitungspapier oder in den Nachrichten und tägliche Konfrontation mit Angst. Ab 23:00 Uhr durften wir nicht mehr auf die Straße.",4,4,2,3,6,Zwischen 1985 und 1995,30,6,6,2,6,7,4,4,3,5,0,3,1,2,0,0,0,0,0,0,1,1,0,1,3,0,0,2,0,1,1,0,0,0,0,1,1,1,0,0,2,1,0,0,0,1,1,1,0,1,0,4,4,4,3,4,3,3,4,4,4,1,6,6,6,6,3,3,3,1,6,3,6,3,6,6,6,1,10,4.008,102.865,120.015,5,"Polizist
Perücke
Platz
Popo
Pingelig
Paragliding
Papagei
Penis
Philosophie
Psychologie
Para Psychologie
Papa
Prostitution
Paragraph
Pädophile
Pensioniert
Publikum",2.888,65.044,120.014,2,"Papagei
Tiger
Löwe
Vogel
Hund
Katze
Maus
Maulwurf
Elefant
Schlange
Ratte
Gepard
Giraffe
Affe
Wolf
Bär
Pinguin
Eisbär
Luchs
Fuchs
Kaninchen
Feldhase 
Kolibri
Eichhörnchen 
Hamster 
Lama
Alpaca
Krokodil
Nashorn 
Gürteltier
Koala
Faultier
Tukan
Möve
Fisch
Hai
Schildkröte",51,2,4,7,7,1,,63,15,15787,15,0,1,153,93.16,84.05,88.89,1,11.77,28.76,86.27,50.33,12.42,5.23,1.31,3.27,0,0,0,0,0.65,0.65,0,5.88,10.46,15.03,11.76,1.31,9.15,1.96,15.69,7.19,1.31,0,2.61,4.58,5.88,0.65,5.23,1.31,1.96,1.31,16.34,1.31,1.96,0.65,0,12.42,1.96,0,1.96,3.92,4.58,3.92,3.92,1.31,2.61,0,3.92,1.31,1.31,0.65,0,10.46,5.88,0.65,2.61,0,1.31,5.88,0.65,0,23.53,2.61,15.69,5.88,1.31,2.61,3.27,0,0,2.61,0,0,0,0,0,0,11.11,8.5,1.31,0.65,0,0,0,0.65,0,0,0,0,0
2025-02-08 20:24:07,2025-02-08 22:07:02,0,38,6174,0,2025-02-15 22:07:10,R_81hKE8vrpShUTGt,anonymous,EN,4,MA,TI,22,10,3,1,,1,,,,,,,,,,,,,,,,,,,,,,,,,,,,,,,,,,,,,,,,,0,0,3.673,0,1.571,280.521,300.16,16,"Sexueller Missbrauch in meiner Kindheit durch meinen Großvater. Es fing an als ich 14 Jahre alt war und hörte auf als ich 2021 mich getraut habe jemanden davon zu erzählen. Zu Begin wollte er nur (Zungen-) Küsse, später fasste er mir unter die Kleidung. Als ich dann das erste Mal alleine( ohne meine Geschwister) bei meinen Großeltern übernachtet habe, zwang er mich das erste Mal zum Geschlechtsverkehr.",5,5,5,1,7,"""regelmäßig"" zwischen 2015 und 2021",50,7,7,1,5,7,4,1,1,1,,,,,,,,,,,,,,,,,,,,,,,,,,,,,,,,,,,,,,,,,,,,,,,,,,,,,,,,,,,,,,,,,,,,,,,,,,,,,,,,,,,,,,,0,0,15217,,,1,67,24.57,19.91,99,17.39,16.75,19.4,92.54,61.19,25.37,19.4,14.93,0,0,0,0,0,4.48,4.48,0,2.99,4.48,20.9,5.97,7.46,14.93,1.49,11.94,10.45,5.97,0,5.97,0,5.97,2.99,2.99,1.49,1.49,1.49,16.42,2.99,0,0,5.97,19.4,4.48,1.49,1.49,4.48,1.49,5.97,4.48,0,1.49,1.49,5.97,1.49,1.49,1.49,0,10.45,4.48,2.99,5.97,0,0,7.46,2.99,1.49,25.37,0,11.94,13.43,0,0,0,0,0,1.49,0,0,0,0,0,0,16.42,5.97,2.99,0,0,0,0,1.49,0,0,5.97,0,0
2025-02-16 19:01:45,2025-02-16 19:36:07,0,100,2061,1,2025-02-16 19:36:07,R_2qCN3AvxPTDI4WD,anonymous,EN,4,KE,KA,25,11,3,1,,1,0,0,19.463,0,5.466,233.202,300.081,4,"Es handelte sich um die Pflege meines Großvaters, eine sehr belastende Zeit. Wegen seines schwachen Herzens kam er ins Krankenhaus, wo ihm ein Kontrastmittel verabreicht wurde. Dies führte zum Nierenversagen, doch eine Dialyse war wegen seines schwachen Herzens nicht möglich. Innerhalb weniger Wochen verstarb er an den Folgen. Die Pflege war herausfordernd, ein Palliativteam kam regelmäßig, und sein Zustand verschlechterte sich – er wurde aggressiv und dement.",August 2022 bis Oktober 2022,54,7,6,1,7,7,5,7,3,5,0,0,7.794,0,13.703,13.703,301.967,1,"Meine Familie wurde Zeuge eines Autounfalls auf der Autobahn. Wir waren dabei gerade auf einem Rastplatz und sahen, wie sich der Unfall ereignete. Das Auto überschlug sich scheinbar. Meine Eltern waren Zeugen, ich jedoch nicht. Sie berichteten mir davon, aber ich habe es eben nicht gesehen. Für sie war es sicherlich ein negatives Ereignis, weil sie es gesehen haben. Für mich persönlich weniger negativ, jedoch keinenfalls positiv.",2014,100,2,6,3,3,5,4,1,1,7,0,0,3.286,0,33.256,33.256,300.095,1,"Ich saß gerade im Auto auf dem Weg nachhause und wollte an einer Kreuzung abbiegen. Gegenüber sah ich einen Radfahrer, der unter einem Auto lag und dessen Rad auch. Er wurde augenscheinlich angefahren und lauter Passanten und es war sehr aufreibend zu sehen, was da passierte",5,2,2,5,5,2018,80,4,5,2,3,6,4,1,2,5,1,0,0,0,0,3,0,1,0,3,3,1,1,1,0,1,0,2,2,3,1,1,0,0,0,0,0,1,0,0,0,0,0,0,1,0,0,1,1,1,0,1,1,1,1,1,1,1,1,1,1,3,3,2,3,3,3,3,3,3,3,3,"2,3","2,3",2,3,6,"1,2,3",12,6.787,90.032,120.109,4,Panik - Platzangst - Parken - Parkplatz - Person - persönlich - Personal - Privat - Protest - Prämie - Premiere - Polizei - Prüfung - Potenz - Polterabend - Po,1.458,1.458,120.111,1,Vogel - Katze - Hund - Schwein - Pferd - Zebra - Esel - Elefant - Nashorn - Löwe - Nilpferd - Fisch - Kuh - Schaf - Gans - Huhn - Ziege - Delfin - Gorilla - Affe - Henne -,26,2,4,5,6,1,,39,22,17749,22,0,1,46,69.39,61.79,14.17,,15.33,21.74,80.43,60.87,19.57,10.87,4.35,0,0,0,0,0,6.52,6.52,0,13.04,10.87,13.04,6.52,4.35,13.04,0,13.04,4.35,0,2.17,0,4.35,0,0,0,0,0,0,6.52,0,0,0,2.17,6.52,0,2.17,2.17,0,0,0,6.52,4.35,2.17,0,0,0,0,0,0,0,0,0,0,0,0,10.87,2.17,0,21.74,4.35,17.39,2.17,0,8.7,0,0,0,0,2.17,0,0,0,0,0,8.7,4.35,4.35,0,0,0,0,0,0,0,0,0,0
2025-02-17 11:55:18,2025-02-17 12:29:33,0,100,2054,1,2025-02-17 12:29:33,R_8mjUscpMF10TxNY,anonymous,EN,4,AN,NE,5,4,3,1,,1,0,0,17.059,0,1.884,1.884,300.052,1,"Meine Stiefmutter war in meiner Kindheit gewalttätig in Form von Schlagen, psychischer Gewalt usw. Sie hat außerdem einmal meinen Vater geschlagen und vor meinen Augen die Treppe runtergestoßen. Regelmäßig war sie aggressiv oder passiv aggressiv und sehr manipulativ in ihrem Auftreten und kontrollierend. Mich hat sie mindestens 5 Mal körperlich angegriffen oder mich eingesperrt. Ich habe sie bei der Polizei angezeigt, nachdem das Jugendamt informiert war musste sie ausziehen und irgendwann haben die beiden sich getrennt.",ungefähr vor 14 Jahren,82,6,6,2,5,3,3,8,5,2,0,0,13.07,0,1.657,1.657,300.115,1,"Ich war im Rewe einkaufen, bin mit dem Auto zum Rewe gefahren und habe im Parkhaus geparkt. Dann habe ich meinen Einkauf nach meiner Einkaufsliste erledigt und habe bezahlt. Danach bin ich wieder in das Parkhaus und mit dem Auto Nachhause. Im Anschluss habe ich die neuen Lebensmittel eingeräumt, alte abgelaufene Lebensmittel entsorgt. Abschließend habe ich mit den neuen Lebensmitteln ein Gericht gekocht und dieses gegessen.",12.2.25,41,3,1,4,5,2,3,9,6,7,0,0,1.734,0,0.84,0.84,300.02,1,"Meine Mutter war an Brustkrebs erkrankt und lag im Sterben. Als ich 7 Jahre alt war, habe ich bei einer Freundin gespielt und mein Vater hat mich ganz panisch ohne eine Erklärung abgeholt. Dann sind wir mit meinem Bruder zu meiner Mutter ins Krankenhaus gefahren um uns zu verabschieden. Wir haben die Situation aber nicht richtig verstanden, trotzdem die ganze Zeit geweint weil wir gemerkt haben das etwas nicht stimmt und meine Mutter sehr krank aussah und z.B. auch nicht mehr alleine trinken konnte. Das sie so verändert war hatte in mir große Ängste ausgelöst.",3,2,5,5,5,5.12.2003,95,3,4,1,3,7,4,10,4,4,0,0,0,2,0,3,2,1,0,1,2,0,0,0,0,0,0,0,0,1,2,1,1,0,2,2,1,1,2,0,2,2,2,0,0,1,0,2,0,1,0,3,3,3,2,3,2,3,3,3,3,"1,3","1,2,3,4","2,3,4","2,3,4",6,"1,2,3,4","1,2,3,4","3,4",6,6,6,6,"2,3,4","3,4",3,6,"1,2,3,4",6,1.763,5.239,120.112,2,"Penne
Pisa
Penis
Parodie
Palast
Partner
Partei
Potenzial 
Penicillin 
Paraguay
Pirat
Panzer
Pizza
Polizist
Protest
Pranger
Psychologie
Putzen
Pferd",1.954,1.954,120.012,1,"Pferd
Pinguin 
Hase
Katze
Maus
Hund
Leguan
Otter
Capibara
Schlange
Ratte
Affe
Reh
Rentier
Meerschweinchen 
Tiger
Löwe
Elefant
Giraffe
Frettchen
Nashorn
Wasserbüffel
Nielpfer",29,2,4,7,4,1,,62,12,17767,12,0,1,96,1.98,37.22,99,1,16,21.88,93.75,59.38,18.75,14.58,9.38,4.17,0,0,0,0,1.04,1.04,1.04,2.08,6.25,11.46,14.58,5.21,16.67,4.17,26.04,7.29,2.08,0,1.04,5.21,8.33,3.13,5.21,1.04,0,3.13,15.63,5.21,1.04,4.17,2.08,19.79,4.17,3.13,2.08,2.08,4.17,7.29,2.08,1.04,0,0,5.21,0,4.17,0,1.04,12.5,10.42,0,1.04,0,1.04,13.54,4.17,0,15.63,1.04,8.33,6.25,0,1.04,0,0,0,1.04,2.08,0,0,1.04,0,0,9.38,7.29,2.08,0,0,0,0,0,0,0,0,0,0
2025-02-18 10:51:33,2025-02-18 11:22:06,0,100,1833,1,2025-02-18 11:22:07,R_20V4o07JKvKAPAT,anonymous,EN,4,St,Le,29,10,3,1,,1,0,0,4.818,0,5.329,5.329,301.332,1,plötzliches erfahren des todes. großer schock meiner mutter hat bei mir auch einen schock hervorgerufen. ich konnte mit der trauer meiner mutter nicht umgehen,als ich 8. jahre alt war,93,3,7,1,3,7,4,7,2,2,0,0,1.034,0,0.868,11.534,301.887,2,tod eines engen familienmitglieds,meine mutter hat ihre beste freundin durch einen fehler bei einer routine Op verloren,93,3,6,7,7,7,7,9,2,7,0,0,1.119,0,1.905,86.673,300.201,6,psychischer leistungsdruck im Leistungssport durch trainerin und body shaming im sport und in der schule,5,5,5,5,3,extremer performance druck beim sport,82,3,5,4,4,6,5,9,4,4,1,1,1,1,1,1,1,1,1,1,1,1,1,1,1,1,1,1,1,1,1,1,1,1,1,1,1,1,1,1,1,1,1,1,1,1,1,1,1,1,1,2,2,2,2,2,2,2,2,2,2,6,6,6,6,6,6,6,6,6,6,6,6,6,6,2,6,6,16,2.248,2.248,120.114,1,papa pudel pech pochen power priese perfekt pappe podium passen part plötzlich parade pinkeln priester pappel pferd pohl pension pfad penetrant prasseln polster porto perle phase pforte p,1.094,1.094,120.01,1,hund katze maus pferd schildkröte hase kaninchen affe ratte elefant giraffe löwe seelöwe delfin wal schwein fisch frettchen krokodil nasenbär bär eule,26,2,4,4,6,1,,61,20,17782,20,0,1,15,99,,2.65,,15,33.33,86.67,46.67,0,0,0,0,0,0,0,0,0,0,0,0,6.67,26.67,0,0,13.33,0,0,0,0,0,0,0,13.33,0,0,0,0,0,0,0,0,0,0,0,0,0,0,0,0,0,0,0,0,0,0,0,0,0,0,13.33,0,13.33,0,0,0,0,0,0,13.33,0,13.33,0,33.33,6.67,0,0,0,0,0,0,0,0,0,0,0,0,0,0,0,0,0,0,0,0,0,0,0
2025-02-18 10:51:12,2025-02-18 11:28:09,0,100,2216,1,2025-02-18 11:28:09,R_8uDrKFsVuNF9ryS,anonymous,EN,4,BR,LI,22,7,1,1,,1,0,0,6.064,0,0.961,0.961,300.016,1,"Ich muss in ein Krankenhaus um mich einer betriebsärztlichen Untersuchung zu unterziehen. Um 9 Uhr beginnt diese. Ich nehme die Bahn um 8 Uhr. Ich bin bereits enrvös und hoffe, dass alles gut geht. Die Bahn bleibt noch vor Bochum stehen. Die Fahrt verzögert sich, insgesamt 10 Minuten. Ich werde immer gestresster und ärgere mich, dass ich mcih ünerhaupt auf die Bahn verlassen habe. Endlich in Essen angekommen, habe ich meinen Anschlusss bereits verpasst und die nächste Straßenbahn hat ebenfalls Verspätung, obwohl ich noch nie von einer Straßenbahn mit Verspätung gehört habe. Ich komme gerade noch rechtzeitig an dem Krankenhauskomplex an und will mich von Google zur richtigen Adresse navigieren lassen, doch Google schickt mich zu dem falschen Haus. Ich frage dort nach und werde zu einem anderen Gebäude geschickt. Auf dem Weg dorthin muss ich mehrmals nachfragen, wo ich langmuss. Endlich beim Betriebsarzt, muss ich 10 Minuten warten um mich anmelden zu können, damit mir dann gesagt wird, ich habe keinen Termin bei denen und seie da falsch. Turns out Google hat mich zu dem falschen Krankenhaus geschickt und ich bin immer noch nicht richtig. Ich laufe verzweifelt suchend die STraße weiter entlang. Irgendwann finde ich endlich das Haus wo ich hin muss, mit einer Dreiviertel Stunde Verspätung.",05.02.2025,19,3,3,3,4,2,3,9,6,3,0,0,76.207,0,1.311,1.311,300.014,1,"Ich war demonstrieren. Die Demo war eine Anti AFD Demo. Ich war vorher krank und zu diesem Zeitpunkt noch nicht ganz pber den Berg und dementsprechend ncoh etwas schlapp. Alle treffen sich auf dem Platz vor dem Saalbau. Die Leute haben viele bunte, kreative Schilder dabei. Ich habe keins. Ich stehe mit meinem Freund und einer Freundin da. Es sind viele Leute da, die wir kennen und denen wir Hallo sagen. Dann geht die Kundgebung los. Wir hören zu, quatschen ein wenig. Irgendwann setzt sich der Demozug in Bewegung und wir laufen mit, Erst sehr langsam, irgendwann wird es immer schneller. Für mich geht es etwas zu schnell, nach einiger Zeit muss ich abbrechen und frage ob ich mich auf eine Bank setzen kann. Meine Freundin findet ihre Eltern etwas später im Zug wieder und läuft mit denen weiter, mein Freund und ich setzen erstmal aus. Wir sitzen auf der Bank und beobachten den Rest des vorbeilaufenden Zuges mit den bunten Schildern und Seifenblasen und dem Geruch nach Popcorn, welcher noch in der Luft liegt.",15.02.2025,8,5,2,5,5,3,4,10,5,5,0,0,27.435,0,2.501,2.501,300.007,1,"Ich sitze an meine Laptop, Online Uni zu Corona Zeiten. Ich höre auf einmal Schreie und Rufe von der Straße und von dem Hof vor unserem Haus. Ihc hab das Gefühl, dass etwas nicht stimmt also öffne ich die Tür zum Flus und höre meine Eltern aufgebracht rufen und hin und her laufen. Ich gehe runter und meine Mutter ruft mir weinend zu, dass unser Hund von einem Auto angefagren wurde. Sie müssen zum Tierarzt. Ich verstehe noch nicht genau, was passiert. Meine Eltern sagen dass sie zum Tierarzt fahren, weil unser Hund im Sterben liegt. Ich sage okay und gehe wieder hoch. Ich setze mich wieder vor den Laptop, es wird im Deutschunterricht gerade eine Präsentation gehalten und ich fange an zu weinen. Meine Kamera ist zum Glück aus. Nach ein paar Minuten schreibe ich meiner Lehrerin, dass ich leider an der Sitzung nicht weiter teilnehmen kann, da ich eh nur leer vor mich hinstarre. Kurz darauf kommen meine Eltern zurück, wir müssen in eine andere Tierarztpraxis. Diesmal komme ich mit. Es liegt überall Schnee draußen und wir müssen das Auto erst Freikratzen. Bei dem Versuch tun wir uns allee weh, die Knöchel meines Vaters bluten leicht. Dann fahren wir los in die andere Praxis, wo der Hund versucht wird, stabil z",3,5,5,5,3,08.01.2021,69,5,5,2,6,5,5,10,3,3,0,0,0,0,1,0,0,1,1,0,1,0,0,0,1,0,0,0,0,0,1,0,0,0,0,0,0,0,1,0,0,1,0,0,0,0,0,0,0,0,0,3,3,3,3,4,4,4,3,3,3,6,6,6,6,6,2,6,3,1,6,6,3,1,3,6,6,6,13,1.432,1.432,120.031,1,"plötzlich, Parfum, Pickel, Pionier, patzig, Pier, Preiselbeeren, Preis, pingelig, Power, putzen, Pfütze, Pasta, Pain au Chocolat, Pisse",1.164,1.693,120.112,2,"Ameise, Adler, Ameisenbär, Bär, Chamelion, Esel, Löwe, Kaninchen, Meerschweinchen, Hund, Katze, Pferd, Fisch, Qualle, Oktopus, Vogel, Otter, Hummel, Biene, Wespe, Spinne, Wal, Tiger, Gepard, Jaguar, Zebra, Elefant, Nilpferd, Giraffe,",21,2,4,4,5,1,,41,5,6598,5,0,1,213,45.59,54.43,99,17.39,13.31,12.68,89.67,57.28,19.72,15.96,10.8,3.76,0,0,0,0,1.41,1.41,0.94,3.29,7.04,12.21,6.1,7.04,9.86,1.41,16.43,3.76,0,0.94,0.47,0.94,4.69,2.35,2.35,0,0,1.88,14.08,2.35,0.47,0.47,0.47,12.21,4.69,1.41,0,1.88,2.35,2.82,4.23,0.47,3.29,0.47,1.88,0.94,0.47,0,0,10.8,6.57,3.29,0.47,0.47,0,1.41,8.45,1.41,27.23,6.57,16.43,7.04,5.16,4.23,1.41,0,0,0.47,3.29,0,1.41,1.41,0,0,12.68,7.04,5.63,0,0,0,0,0,0,0,0,0,0
2025-02-18 17:39:58,2025-02-18 18:25:47,0,100,2749,1,2025-02-18 18:25:48,R_2Doq03GRV4WcTqA,anonymous,EN,4,SA,SA,7,11,1,1,,1,0,0,45.701,0,0.573,297.119,300.022,16,"Als ich jünger war und mit meinem Vater und seiner Frau im Urlaub war, haben wir Mittagessen gekocht. Dafür brauchte man Mais, jedoch haben wir nicht die ganze Dose gebraucht, weshalb ich gesagt habe, dass ich diesen noch in den nächsten Tagen essen werde. Jedoch habe ich dies vergessen zu tun, weshalb ich daraufhin von ihr angeschrien wurde, wie es denn sein kann, dass ich den Mais nicht aufgegessen habe und wir diesen nun wegschmeißen würde. 
Ich habe mich schlecht gefühlt, da ich dies vergessen habe, jedoch war ich jung und sie hatte kein Recht darauf, mich so anzugehen. Dieses Verhalten von ihr hat sich bis zum Ende des Urlaubs gezogen. Sie hat mich öfter angeschrien und mich schlecht dargestellt. 
Ich habe mich als schlechte Person gesehen und hinterfragt, warum sie so gemein zu mir ist. 
Diese Situationen haben auch dazu beigetragen, dass ich nun keinen Kontakt mehr zu der Seite der","Als ich 11 Jahre alt war, im Sommer Urlaub",60,5,3,3,4,5,6,11,5,5,21.573,21.573,24.486,1,2.177,140.907,300.134,6,"Ein Arbeitskollege auf der Arbeit, welcher von einem Kran erdrückt wurde. Der Kran ist umgekippt und hat ihn auf der Hälfte seines Körpers erdrückt. Er hatte mehrere gebrochene Knochen und es lief Blut aus seinem Körper an mehreren Stellen. Er ist nicht gestorben, lag jedoch mehrere Wochen im Krankenhaus.","Vor ein paar Jahren, vielleicht 7?",19,5,3,1,5,1,7,3,2,2,0,0,79.816,0,0.71,297.818,300.024,7,"Ich Beichte meiner Mutter, dass ich nicht mit ihr über meine Probleme reden kann, da sie diese immer degradiert und kleinlich macht und mich nicht ernst nimmt. Auch, dass ich Angst habe mit ihr zu sprechen, da sie mir nicht antwortet oder richtig zuhört. Ein paar Tage später, kommt sie in mein Zimmer und schreit mich an, ob ich Angst vor ihr hätte und zertritt den Spiegel, der an meine Wand lehnte. Der Spiegel zersprang laut und ich bekam panische Angst, dass sie mir auch etwas antut. Ich sitze im Bett 2 Meter von meiner Mutter entfernt und sie schreit mich an, ob es mir gut gehen würde oder ob sie mich schlagen müsse, damit es mir wieder gut gehe. 
Durch das Zetreten des Spiegels, hatte ich panische Angst, dass sie auf mich zukommt und mich schlagen oder schlimmeres würde. Seither kann ich keinen vernünftigen Ton mehr mit ihr sprechen und habe Angst, dass sie körperlich zu mir wird. Sie hat mich noch nie geschlagen, aber nun habe ich Angst, dass sie dies tun könnte.",1,5,4,3,7,"Vor einer Woche, am 08.02.2025",1,7,7,1,7,7,7,10,3,7,4,0,3,4,2,2,3,3,3,4,4,4,2,3,1,1,2,3,4,2,3,2,1,2,2,1,1,3,0,1,1,2,3,2,3,3,2,1,1,1,3,2,2,2,3,3,3,4,3,4,4,"1,3","3,6","1,2","1,3","5,6","2,3,6","3,6","3,6","1,3","3,6","5,6","1,2,3","1,2,3","1,3","1,3","3,6","1,2,3",17,2.565,94.436,120.024,10,"Prügelei 
Papaya 
Polen
Pirat
Piñata 
Polizei
Pinguin
Person 
Preis
Postbote
Prost",1.889,80.876,120.123,4,"Fuchs
Pinguin
Elefant
Pferd
Salamander
Kamel
Dromedar
Esel
Delfin 
Fisch
Kuh
Schwein
Giraffe
Zebra
Vogel
Ameise
Fliege
Libelle
Affe
Huhn
Strauß 
Maultier 
Wombat
Otter
Chameleon 
Löwe
Leopard",18,2,4,4,5,1,,122,54,17542,54,1,1,175,1,17.87,92.55,1,21.88,15.43,94.86,66.29,26.86,22.86,14.86,0,2.29,0,2.29,0,8,8,8,3.43,3.43,11.43,12,2.86,18.29,2.86,20,6.86,3.43,1.71,0.57,2.29,12.57,2.86,9.71,4.57,2.29,1.14,14.29,1.14,0.57,1.14,0,19.43,4,2.29,3.43,4,3.43,6.29,3.43,0,3.43,0,0.57,0.57,0.57,0,0,4.57,1.14,2.86,1.71,0,0.57,2.29,8,1.14,15.43,2.29,9.14,5.14,0,0,1.14,0.57,0.57,0,2.29,0,0,0.57,0,0,13.14,4.57,8.57,0,0,0,0,0,0,0,0,0,0
2025-02-18 17:29:37,2025-02-18 18:45:48,0,100,4571,1,2025-02-18 18:45:49,R_8EU4j7dobS6Zk3f,anonymous,EN,4,CH,FR,7,11,1,1,,1,0,0,15.801,0,1.066,147.65,300.115,8,"Das Durchfallen bei einer wichtigen Prüfung in der Weiterbildung. Sicherlich waren eine nicht ausreichende Vorbereitung und auch ein unscharfes Anforderungsprofil mitursächlich. Gefühle von Scham und Unzulänglichkeit. Wiederholung der Prüfung immer wieder verschoben, aus Angst vor erneutem Scheitern in der Prüfung.",2003,87,5,5,1,7,4,7,11,5,7,0,0,41.343,0,1.793,297.681,300.016,7,"Ende der Wehrdienstzeit im Jahre 1988 und die Zuteilung eines Studienplatzes. Freude über das Ende einer nicht freiwilligen (jedoch nicht besonders belastenden) Dienstzeit und Vorfreude auf den Studienbeginn und den neuen Lebensabschnitt. Gleichzeitig auch etwas Stress (Umzug, Wohnung suchen etc.).",1988,70,3,3,6,4,7,5,11,6,5,0,0,12.774,0,0.937,285.597,300.019,14,"Der Tod des eigenen Vaters trotz bestehender Vorerkrankungen. Todesnachricht traf mich unvorbereitet, tiefe Trauer, da in dem Moment nicht erwartet. Verfallen in hektische Aktivitäten, um Gefühle von Ohnmacht und Trauer besser zu kontrollieren.",3,5,2,5,5,2017,59,6,6,1,6,6,7,11,1,4,0,1,0,2,0,2,1,0,1,1,2,2,2,1,1,1,2,3,2,2,1,0,1,0,2,1,0,2,2,1,0,2,1,1,0,1,1,2,0,2,1,3,3,2,3,2,2,3,2,2,3,6,6,3,6,"1,4","1,4","1,4",6,5,6,6,4,4,4,4,4,5,12,2.536,118.212,120.016,5,Pfeil Pfad Pferd Pflaster Pflanzen Pass Panzer Papier Personal Persönlichkeit Paragraf Parallele,3.447,3.447,120.014,1,Hund Katze Maus Igel Wisent Schnepfe Esel Vogel Pferd Zebra Bison Biber Reh Hirsch Wildschwein Schaf Dackel Schafe Ziegen Kühe Fische Fliegen Schaben,58,1,4,10,8,1,,72,26,,26,0,1,33,99,23.87,99,1,11,36.36,87.88,39.39,3.03,3.03,3.03,0,0,0,0,0,0,0,0,0,9.09,18.18,3.03,3.03,9.09,3.03,12.12,9.09,3.03,0,0,0,24.24,6.06,18.18,0,0,6.06,3.03,3.03,0,0,3.03,24.24,3.03,6.06,3.03,0,3.03,6.06,3.03,0,0,3.03,3.03,0,3.03,0,0,15.15,3.03,9.09,3.03,3.03,0,3.03,0,0,30.3,3.03,18.18,9.09,0,3.03,0,0,0,15.15,0,0,0,0,0,0,18.18,9.09,9.09,0,0,0,0,0,0,0,0,0,0
2025-02-12 11:42:20,2025-02-12 11:44:18,0,19,117,0,2025-02-19 11:44:19,R_2IJZWJT6gshCPbA,anonymous,EN,4,AL,FR,3,12,1,1,,1,,,,,,,,,,,,,,,,,,,,,,,,,,,,,,,,,,,,,,,,,0,0,22.401,0,,,,,,,,,,,,,,,,,,,,,,,,,,,,,,,,,,,,,,,,,,,,,,,,,,,,,,,,,,,,,,,,,,,,,,,,,,,,,,,,,,,,,,,,,,,,,,,,,,,,,,,,,,,,0,0,16192,,,1,0,,,,,,,,,,,,,,,,,,,,,,,,,,,,,,,,,,,,,,,,,,,,,,,,,,,,,,,,,,,,,,,,,,,,,,,,,,,,,,,,,,,,,,,,,,,,,,,,,
2025-02-20 17:25:08,2025-02-20 18:01:44,0,100,2196,1,2025-02-20 18:01:45,R_8amF0PnNGWVnLbo,anonymous,EN,4,CH,MA,29,12,1,1,,1,0,0,13.189,0,2.711,298.936,300.005,3,"Bei dem Erlebnis handelt es sich um meine erste (und einzige) Absage zu einem Arbeitsplatz bis jetzt. Ich hatte mich zunächst auf eine Werkstudententätigkeit im Bereich HR bei einem in meinen Augen ""durchschnittlichen"" Unternehmen aus der Umgebung bewerben. Das Bewerbungsgespräch lief in meinen Augen hervorragend, und aufgrund meiner vorherigen Erfahrungen mit Bewerbungsprozessen sowie den Kenntnissen aus dem HR-Studium war ich überzeugt davon, dass das Bewerbungsgespräch hervorragend lief und nur Formalität sei.
Entsprechend ""beleidigt"" war ich, als ich einige Tage später eine unbegründete Absage erhielt, was mich nachhaltig irritiert hat und mein Bild des entsprechenden Unternehmens negativ beeinflusst hat. Im Gespräch mit Freunden stellte sich heraus, dass das Unternehmen angeblich dafür bekannt sei, bei der Bewerbendenauswahl für HR-Stellen Frauen zu bevorzugen, weshalb ich sowieso schlechte Chancen gehabt hätte, jedoch kann ich trotzdem nicht sicher sagen, woran es am Ende des Tages gelegen hat, was mich entsprechend irritiert(e).",08.02.2022,33,4,4,3,3,2,3,11,4,5,0,0,3.988,0,0.93,29.045,300.006,3,"Bei dem Erlebnis handelt es sich um die Überreichung eines Förderpreises, der mit für meine damalige Abschlussarbeit verliehen wurde.
Während der Preis an sich eine gute Sache ist und ich mich über das Geld freute, hat das Event emotional wenig mit mir gemacht, weil ich nicht das Gefühl hatte, den Preis tatsächlich verdient zu haben. Ich würde die Arbeit nachwievor als mittelmäßig einschätzen, und es kam mir eher so vor, als hätte es noch eine Arbeit gebraucht die man auszeichnen könne, ohne dass es sich dabei um etwas besonders Gutes handle.
Die Verleihung an sich war unspektakulär und die Förderer von einer bekannten Bank aus der Umgebung waren nicht einmal persönlich aufgetaucht, entsprechend war der Abend insgesamt sehr ""durchschnittlich"", weshalb er mich (logischerweise) nicht negativ tangiert, aber auch weitestgehend positive Emotionen ausbleiben. Einzig freue ich mich mittlerweile über die Möglichkeit, meinen Lebenslauf mit dieser Auszeichnung schmücken zu dürfen, weil es sich einfach gut liest, aber das Erlebnis an sich ist und bleibt mir indifferent im Kopf.",08.11.2024,14,3,1,5,5,1,2,11,3,7,0,0,4.79,0,0.949,299.408,300.003,4,"Zunächst sei gesagt, dass das Erlebnis nicht ""schlimm"", aber für mich persönlich definitiv traumatisierend war.
Bei dem Ereignis handelt es sich um eine Panne, die ich mit dem damaligen Auto meines Bruders hatte. Ich war nie (hauptsächlich aus Sicherheitsbedenken) ein besonders begeisterter Autofahrer und sollte an dem besagten Tag meine Eltern auf die Firmenfeier der Arbeit meiner Mutter bringen. Da ich kein eigenes Auto hatte nutzte ich das Auto meines Bruders, einen alten WV Polo, der frisch aus der Werkstatt kam.
Auf dem Weg zur Firmenfeier löste sich ein Rad des Polos aus der Radaufhängung, wodurch der Reifen sich neigte, das Auto schleuderte und wir, halb im Graben gelandet, zum stehen kamen. Während emine Mutter von Kollegen abgeholt wurde, warteten mein Vater und ich auf den Abschleppdienst. Der sehr freundliche Fahrer erzaähle mir, ich solle mir das ganze, was sich später als Fehler der Werkstatt herausstellte, nicht zu sehr zum Herzen nehmen, jedoch habe ich seitdem noch weniger Vertrauen in die Sicherheit von Autos und bin seitdem nciht mehr gefahren.",5,5,5,5,5,15.08.2017,71,3,4,2,3,4,3,11,4,6,1,0,0,0,0,1,2,0,1,0,0,0,0,1,1,0,0,0,0,1,0,1,0,0,1,0,0,0,0,0,0,0,1,0,0,0,1,0,0,0,0,3,4,3,2,3,3,4,3,3,2,1,6,1,3,6,5,6,5,5,6,6,2,2,3,3,6,5,3,0.977,0.977,120.105,1,"Poker
Pause
Parkett
Pavian
Pate
Pervers
Penis
Primat
Prosozial
Pracht
Pool
Park
Prügel",1.483,1.483,120.006,1,"Zebra
Maus
Katze
Pferd
Pony
Tiger
Löwe
Katze
Luchs
Pavian
Gorilla
Schimpane
Lemur
Totenkopfäffchen
Hund
Wolf
Fuchs
Schakal
Hyäne
Dingo
Wombat
Känguru
Schnabeltier
Schnecke
Krabbe
Krebs
Otter
Biber
Bisamratte
Nutrier
Hamster
Hase",25,1,4,9,6,1,,42,8,11911,8,0,1,170,80.68,32.09,99,76.67,24.29,24.12,87.06,57.65,16.47,11.76,8.82,0.59,0,0,0,0,0,0,0,2.35,14.12,12.94,7.06,6.47,11.18,2.35,14.12,8.82,2.35,1.18,0.59,4.12,4.71,3.53,1.18,0,0,0.59,10.59,2.35,1.18,1.18,2.35,15.88,1.18,2.94,1.76,1.18,2.94,4.12,0.59,0,0.59,0,2.35,0.59,0.59,0.59,0,7.65,3.53,1.18,0,1.18,2.35,7.65,1.76,0.59,21.18,4.71,8.82,7.65,4.12,4.71,0,0.59,0,0,0.59,0,0,0,0,0,14.71,4.12,8.24,0,0,0,0,0,1.18,0,1.18,0,0
2025-02-21 10:19:41,2025-02-21 10:56:27,0,100,2206,1,2025-02-21 10:56:27,R_8LCJAuRb94MRJBD,anonymous,EN,4,ME,TH,17,5,1,1,,1,0,0,19.485,0,1.262,122.859,300.118,5,"Als ich aus der Stunde mit meinem Psychologen auf dem Heimweg war, sah ich, dass ich 2 verpasste Anrufe von einer unbekannten Nummer erhalten hatte. Ich rief zurück und die Polizei war am Apparat. Zuerst dachte ich, dass es sich um den Unfall handeln würde, bei dem ich vor einigen Wochen Zeuge war. Allerdings stellte sich nach der Zeugenbelehrung heraus, dass die Polizei den Namen meines Freundes von mir haben wollte, da er von meinem Exfreund angezeigt worden ist. Der Anruf war gerade einmal 5 Minuten nach Beendigung der Therapiestunde, ich war überrascht und überfordert.",Das Erlebnis war am 03. Februar,20,6,7,1,5,6,4,6,3,6,0,0,1.798,0,0.758,10.483,300.115,2,"Gestern habe ich im Rahmen meiner Arbeit Online-Schachturniere begleitet. Dies findet immer über Zoom statt. Kinder treten ind en Raum ein, ich kommentiere über eine Bildschirmübertragung die Stellungen und gebe Hinweise/Verbesserungsvorschläge-  Ich musste 2 Turniere begleiten, dies dauerte etwa 2,5h",Gestern (20.02.2025),20,3,1,4,4,2,2,6,6,7,0,0,2.191,0,0.842,0.842,300.116,1,"Das schlimmste Erlebnis ist, als meine Oma nach einem Krankenhausaufenthalt in meinem Elternhaus verstarb. Sie war im Krankenhaus wegen einer von drei anstehenden Herz-OPs und wurde entlassen, da sie stabil genug sei. Meine Eltern entschieden, dass meine Oma bei uns bleibt um auf sie aufpassen zu können. Sie war mittlerweile schon 1 Woche bei uns. Zu dem damaligen Zeitpunkt befand ich mich in der Abi-Phase und war aktiv süchtig (Gras & schädlicher Gebrauch von Alkohol). Ich versprach meiner Oma, dasss ich abends mit ihr Karten spielen würde. Diesen Versprechen brach ich, da ich stattdessen kiffen und trinken wollte. Am selbigen Abend, während ich bereits intoxikiert war, kam meine Mama in den Keller und erzählte mir dass Oma tot sei. Ich brach zusammen, weinte und ging nach oben ins Gästezimmer. Meine Eltern riefen den Notarzt, dieser sagte, es müssen Wiederbelebungsmaßnahmen gemacht werden. Meine Eltern blickten mich fragend an, ich war die letzte, die erst kürzlich einen Erste Hilfe Kurs gemacht hat. Ich startete die Mund-zu-Mund Beatmung. Ich weiß nicht mehr wie lange das ging, irgendwann war der Arzt da und sagte, es sei zu spät gewesen. Meine Oma sei definitv tot. Bis heute fühle ich mich schuldig, als ob ich ihr den Alkohol und das Grad ""eingehaucht"" hätte oder Fehler aufgrund der Substanzen gemacht habe.",2,5,5,5,6,Im März 2021,50,5,6,1,5,7,3,2,5,1,1,1,0,0,0,2,0,2,1,3,2,1,1,1,0,0,0,1,1,0,1,1,1,1,2,0,1,2,0,1,1,2,1,0,0,0,1,0,0,0,0,3,3,2,2,2,2,3,2,1,1,6,6,3,3,6,5,5,5,1,3,6,2,5,6,6,6,2,12,1.269,13.014,120.115,3,"Passiv, Pilot, Priester, Post, Panzer, Pirat, Pest, Polster, Pranger, Pelz, Pinte, Prost, Polen, Prag, Pfarrer, Pferd, Pizza, Pasta, Pastor, Prada, Pentagon, Paris,",1.346,1.346,120.108,1,"Hund, Katze, Pferd, Hase, Esel, Fisch, Echse, Giraffe, Nashorn, Nilpferd, Tiger, Geparf, Jaguar, Schlange, Vogel, Taube, Rabe, Assel, Wurm, Mader, Schildkröte, Wal, Delfin, Hai, Frosch, Flughörnchen, Fledermaus, Adler, Mammut, Kaninchen, Muli, Maus, Ratte, Meerschweinchen,",22,2,4,4,5,2,"Es wurde in der einen Aufgabe von ""dem belastenden Ereignis"" gesprochen, dabei musste ich von 2 berichten. WElches war da jetzt gemeint?",53,17,9379,17,0,1,213,39.18,43.85,99,10.19,14.2,23.47,88.26,56.81,20.19,15.96,11.74,0.94,0.94,0,0.94,0,3.29,3.29,2.82,3.29,7.98,12.21,9.86,4.69,11.27,0.47,18.78,6.57,2.82,0.94,1.88,0.47,5.16,2.35,2.82,0.47,0,0.94,13.62,4.69,0.47,2.82,0,14.55,4.69,3.76,1.41,1.41,2.35,3.29,3.29,0.47,1.41,0.47,4.69,0.47,3.29,0,1.41,9.39,3.76,1.88,1.88,0,2.82,10.33,3.76,0.94,20.66,1.88,10.33,10.33,1.41,1.41,0,0.47,0,0.94,0.47,0,0,0,0,0,18.31,7.04,7.04,0,0,0,0,1.88,0.94,0,0.94,0.47,0
2025-02-21 19:53:27,2025-02-21 20:36:31,0,100,2583,1,2025-02-21 20:36:31,R_8kaz0XDH42RgP2V,anonymous,EN,4,EL,IR,21,6,1,1,,1,0,0,2.64,0,0.968,214.25,300.013,7,"In der Grundschule war ich oft sehr verträumt und nicht konzentriert. Ich habe oft nicht aufgepasst, weil ich mit meinen Gedanken woanders war. Das wurde von den Lehrern oft kritisiert. Einmal beim Sportunterricht wurde ein neues Spiel erklärt ich war wieder einmal zu verträumt und habe nicht aufgepasst als das Spiel begann, bin ich überhaupt nicht mitgekommen und habe die Regeln nicht verstanden man musste sie mir dann noch einmal extra erklären aber ich bin dann nicht mehr mitgekommen. Alle Schülerinnen und Schüler haben mich ausgelacht und mich als Fräulein Doofheit bezeichnet. Das war mir sehr unangenehm und peinlich. Grundsätzlich war ich leider nicht besonders sportlich oder konnte sehr schnell laufen. Das wurde mir oft zum Nachteil ausgelegt und wenn man beim Sportunterricht um die Wette laufen musste, habe ich jedes Mal verloren und wurde jedes Mal von neuem von den Mitschülern ausgelacht. Dadurch habe ich mich sehr schwach gefühlt. Als Folge habe ich mich für den Sportunterricht häufig krankschreiben lassen, damit ich der Situation entgehen konnte. Beim Schwimmunterricht war es genauso. In der Mittelstufe habe ich eigentlich immer sehr gerne am Schwimmunterricht teilgenommen, aber irgendwann als mein Körper sich weiter entwickelte, hatte ich leider keine große Oberweite und wurde daraufhin von den Jungs gemobbt, als sie mich im Badeanzug gesehen haben. Von da an habe ich auch den Schwimmunterricht gemieden, so oft ich konnte.",Als ich 6-14 Jahre alt war,50,5,5,2,4,5,4,8,5,4,0,0,78.549,0,2.031,7.112,300.063,3,"Wir sind einmal mit meiner Familie für einen Geburtstag im Restaurant essen gewesen. Meine Eltern waren mit der Essensbestellung ein wenig überfordert und wir mussten Ihnen die Gerichte erklären, weil sie so exotisch waren. Das war ein wenig anstrengend aber wir hatten auch ganz nette Gespräche. Ich bin für dieses Event extra angereist, um meinen Eltern eingefallen zu tun, auch wenn ich nicht gerne zu Hause bin. Alles in allem war es ein Tag, der in Ordnung war, aber auch nicht überragend, gut oder schlecht. Die Gespräche am Essenstisch sind eher oberflächlich und meiner Meinung nach manchmal erzwungen. Aber meine Schwester ist ein wenig gesprächiger als ich und ich überlasse ihr dann gerne den Vortritt. Meine Mutter fragt mich dann oft, warum ich so still bin aber mir ist einfach nicht danach, mich ausgiebig mit ihnen zu unterhalten. Ich erzähle Ihnen grundsätzlich nur etwas, wenn ich gefragt werde.",Als ich 25 war,61,4,4,4,4,3,4,7,2,5,0,0,12.465,0,1.442,285.318,300.111,8,"Als ich noch ein kleines Kind war war mein Vater ein gewalttätiger Alkoholiker. Er hat meine Mutter regelmäßig verprügelt. Ich erinnere mich an eine Situation, in der wir mit der Familie im Auto saßen und meine Mutter am Steuer war. Mein Vater war betrunken, meine Schwester und ich saßen hinten. Während meine Mutter Auto fuhr, schlug mein Vater auf meine Mutter ein. Dass wir keinen Unfall gebaut haben, ist ein Wunder. Ich hatte während dieser ganzen Phasen schreckliche Todesangst, und ich hatte immer Angst, dass mein Vater meine Mutter eines Tages umbringen wird. Wir waren als Kinder diesen Situation immer schutzlos ausgeliefert. Ich war in diesen Phasen wie gelähmt und voller Angst und konnte kein Wort aus mir heraus bringen. Diese Szenen verfolgen mich bis heute als Erwachsene. Einmal musste ich sogar beobachten, wie mein Vater meine Mutter am Hals würgte. Ich habe geschrien und ihn gebeten, aufzuhören, aber ich wurde jedes Mal ignoriert.",5,3,3,5,7,Als ich 6-9 Jahre alt war,30,6,7,1,6,6,6,10,2,1,3,1,3,3,2,1,2,1,4,3,3,3,3,2,1,1,3,3,3,3,2,1,2,1,3,1,0,2,2,3,1,2,3,2,1,2,3,2,2,2,2,2,2,2,2,2,2,3,2,3,2,6,6,"1,3,4","3,6",6,1,6,"1,3","1,3",6,6,"1,2,3","1,2,3,4",3,3,6,1,6,8.059,12.993,120.013,3,"Präsident Papst Prediger Papier, Pappe Pistole, passte Pech, Peiniger Piste Palme",2.847,2.847,120.111,1,"Elefant, lurch Giraffe, Gazelle, Gnu, Pferde, Hamster, Erdmännchen, Schlange, Nilpferd, AAmeie, Löwe, Leopard, Tiger, Vogel, Adler, Maus, Gepard, Renault LERROS, Hund, Katze, Wellensittich, Kaninchen, Meerschweinchen, Papagei",34,2,4,5,6,1,,109,48,17635,48,1,1,154,7.45,27.1,99,1,12.83,17.53,92.86,59.74,23.38,18.83,15.58,1.95,0,0,0,0,1.3,1.3,0,4.55,6.49,10.39,11.04,4.55,12.99,1.3,18.83,5.84,3.9,1.3,0,3.25,7.14,0.65,6.49,2.6,2.6,0.65,15.58,9.09,0.65,4.55,4.55,16.88,5.84,1.3,1.95,1.3,3.25,4.55,1.95,0.65,1.3,0,3.9,1.95,1.3,0,1.3,16.23,10.39,2.6,1.95,0,1.3,11.69,2.6,0.65,20.78,4.55,7.14,9.74,0,3.25,0.65,0,0,1.3,0,0,0,0,0,0,13.64,7.79,5.84,0,0,0,0,0,0,0,0,0,0
2025-02-22 12:59:49,2025-02-22 13:44:54,0,100,2704,1,2025-02-22 13:44:54,R_8Cl30ASfRRcKwdO,anonymous,EN,4,EL,FI,15,3,1,1,,1,0,0,12.001,0,0.578,295.911,300.121,5,"Sportfest meiner ehemaligen Schule, gemeinsam mit der Nachbarschule. Auf dem gemeinsamen Schulhof wurden Sportspiele ausgetragen an verschiedenen Stationen. Beim Warten an einer solchen schlug mir ein Schüler der Nachbarschule, ausländischer Abstammung, auf den Arsch und lachte danach. Er hieß Achmat. Die anwesende Lehrkraft scherte sich nicht wirklich darum und sagte nur seinen Namen in einem ermahnendem Ton. Andere anwesende Gesamtschüler, die es mitbekommen haben, fanden es auch lustig. Ich empfand es als unangenehm und war größtenteils verwirrt, fühlte aber in erster Linie Abscheu gegenüber Achmat, weil ich ihn für dumm und geistig unterlegen hielt - und halte. Die Tatsache, dass er solche Dinge tat und sie lustig fand, war mir Bestätigung genug, ganz zu schweigen von seinem Auftreten, seiner Körpersprache und seiner Ausdrucksweise. Nach kurzer Zeit störte mich das Ereignis zwar nicht mehr, aber ich halte es dennoch für negativ.",Im Sommer 2017,61,4,1,3,4,1,2,1,1,7,0,0,34.5,0,1.658,268.083,300.031,12,"Ein weder besonders positives, noch besonders negatives Ereignis ist schwer vorstellbar, zumindest nicht so einfach, wie stark gepolte Erinnerungen abzurufen. Ich würde eventuell den Tod meines Opas mütterlicherseits wählen. Er stand mir nicht wirklich nah, aber sein langsames, krebsbedingtes Dahinscheiden hat vor allem meine Mutter sehr belastet, was ich wiederum oft mitbekommen habe. All das hatte nicht wirklich starke Auswirkungen auf mein (emotionales) Innenleben, wodurch es zwar nicht neutral, aber auch nicht besonders negativ ist. Es hat mich nie wirklich langfristig beschäftigt oder maßgeblich geprägt. Oh ja super, der Timer läuft wohl bis zum Ende aus. Liebe Grüße :)","Ich hatte mehr Schwierigkeiten damit, ein annähernd neutrales Erlebnis mental zu festigen und habe mich quasi von negativen Erlebnissen hin zur ""Mitte"" (subjektiven Neutralität) hingearbeitet, bis mir das beschriebene Ereignis einfiel. Ich mache mir auch nun nicht wirklich Gedanken darüber, natürlich kam mir mein Großvater in den Kopf und so auch einige gemeinsame Erinnerungen, aber ich fühle mich von diesen und auch von der Erinnerung an seinen Todestag, die ohnehin etwas ungenau ist, keineswegs belastet.",71,2,3,3,3,3,2,2,1,5,0,0,8.882,0,0.598,274.358,300.089,21,"Sexueller Übergriff eines Schul""Freundes"" auf mich. Wir haben Minecraft im Wohnzimmer meiner Eltern gezockt, die nicht Zuhause waren. Ich saß auf einer Erhöhung aus zwei Kissen, er begann, mir in die Hose zu greifen und später auch in die Unterhose. Ich sah ihn an, war relativ versteift und konnte mich nicht bewegen, fragte aber, was er da tut. Er sagte ""Das willst du doch, tu nicht so"". Wie ferngesteuert wurde ich von ihm ins Badezimmer meiner Eltern geführt, er schloss die Tür ab und ich sollte mich auf den Boden legen. Ich lag zum Teil auf einem Teppich und zu einem Teil auf kaltem Fliesenboden, der sich an meiner nackten Haut sehr kalt anfühlte. An die Details erinnere ich mich kaum, das wirklich schlimme waren meine Eltern, die währenddessen Nachhause kamen. Ich wusste nicht, was ich sagen sollte und später beschlossen meine Eltern, dass all das ein ""gegenseitiges Ausprobieren"" war, wie es ja in unserem Alter (Frisch mit der Grundschule abgeschossen) normal sei. Der Schul""Freund"" redete auf meine Eltern ein, dass seine Eltern ihn ja schlugen, wenn sie davon erfuhren und erwirkte so, dass das ganze nicht nach außen dringt. Ich bin kurz danach weggelaufen und habe mich erstmal barfuß draußen versteckt und musste lange heulen, bevor ich mich erst in unserem Keller versteckte und später vollstationäre",5,5,5,1,5,"Juni 2015, an einem Montag",89,4,4,1,5,3,5,5,1,4,0,0,0,0,0,0,0,0,1,1,1,2,2,4,4,0,4,1,0,4,1,3,0,1,3,2,0,1,0,0,2,0,1,2,0,1,0,1,2,0,0,4,4,3,3,3,4,3,4,3,3,6,6,6,1,6,6,6,1,1,6,6,2,"2,3",2,6,6,"2,3",8,0.801,48.445,120.018,2,"Putzfrau 
Person
Purzelbaum
Parsemonie
Portemonnaie 
Partei
Puzzel
Pavillon 
Pestilenz
Pervers
Pampa
Pilates
Perfekt
Positiv 
Plusquamperfekt 
Penis
Pferdestall
Pfand
Pfingsten
Pfarrer
Pfaffen",1.907,46.484,120.12,2,"Affe
Ameise
Qualle 
Rochen
Seebarsch 
Lachs 
Braunbär
Tiger
Büffel
Giraffe
Löwe
Antilope
Seepferdchen 
Meerschweinchen 
Seeigel 
Seestern 
Anemone
Stör
Mensch
Schwein
Kuh
Huhn
Truthahn
Schaf
Rabe
Schwalbe
Taube
Adler
Fliege
Grashüpfer 
Biene
Hummel
Wespe",19,1,4,8,5,1,,78,24,15016,24,0,1,219,23.55,38.4,94.04,2.84,19.91,19.63,89.95,61.64,21.92,17.81,10.5,1.37,0.46,0.46,0,0,5.02,5.02,0.46,3.2,9.13,11.42,9.59,4.57,12.33,2.28,19.63,7.31,2.28,1.83,0.91,2.28,1.37,0,1.37,0,0.46,0.91,13.7,2.74,0.91,0,2.28,15.07,3.65,1.83,3.65,3.2,3.2,4.11,4.57,1.83,1.37,1.37,2.28,1.37,0.91,0.91,0,11.87,5.02,4.57,1.37,0,0.91,10.05,2.74,1.37,20.09,3.2,13.24,5.48,1.37,0.46,1.83,0,0,0,2.28,0,0,0.91,0,0,17.35,4.57,8.22,0,0,0,0,0,3.65,0,0.91,0,0
2025-02-23 08:40:34,2025-02-23 08:43:40,0,100,185,1,2025-02-23 08:43:40,R_8emGWAZXa7oqBwI,anonymous,EN,4,AL,OL,23,2,1,3,2,,,,,,,,,,,,,,,,,,,,,,,,,,,,,,,,,,,,,,,,,,,,,,,,,,,,,,,,,,,,,,,,,,,,,,,,,,,,,,,,,,,,,,,,,,,,,,,,,,,,,,,,,,,,,,,,,,,,,,,,,,,,,,,,,,,,,,,,,,,,,,,,,,,,,,,,,0,0,14830,,,1,0,,,,,,,,,,,,,,,,,,,,,,,,,,,,,,,,,,,,,,,,,,,,,,,,,,,,,,,,,,,,,,,,,,,,,,,,,,,,,,,,,,,,,,,,,,,,,,,,,
2025-02-23 22:02:08,2025-02-23 22:40:20,0,100,2292,1,2025-02-23 22:40:21,R_80cTEdLwOHDMjwI,anonymous,EN,4,RO,LA,6,8,1,1,,1,0,0,1.495,0,2.325,246.731,305.976,5,"Ich habe diesen Sommer gesehen, wie jemand von der U-bahn überfahren worden ist. die Person ist auf das gleis gefallen und konnte nicht mehr schnell genug reagieren. sie hat geschrien und man hat Blut sehen können. die schreie kann ich bis heute noch hören. ich war schockiert und konnte kaum reagieren. die Polizei kam dann und hat alle nach draußen gebeten. meine Mutter anzurufen um ihr das zu berichten war das erste was ich gemacht habe danach.",august 2024,5,6,6,1,5,4,6,2,1,5,0,0,2.86,0,15.63,15.63,300.034,1,ich habe mich verklickt und habe die Instruktion nicht lesen können,ich beziehe mich auf das davor,6,6,6,2,6,3,5,2,1,5,0,0,2.619,0,0.849,227.681,300.12,5,"Ich habe wiederholt schlimme Ereignisse während meiner Kindheit erlebt. Meine Mutter hat mich und meine Schwester geschlagen, es ging hauptsächlich um schulische Leistung. ich erinner mich zurück an einen speziellen Moment: Der Grund war, dass meine Schwester und ich zu lange gebraucht haben um uns bettfertig zu machen. sie hat während wir die Toilette benutzt haben im Türrahmen gestanden und genervt gewartet. dann ist sie unten an der",2,5,2,5,7,während der frühen Schulzeit (5-7 Klasse ca.),8,6,4,1,3,7,4,1,7,2,1,0,0,1,1,4,3,4,2,4,2,2,1,1,4,3,3,4,4,2,1,0,2,0,3,3,2,3,2,2,3,3,2,2,2,2,2,3,1,1,2,3,3,2,3,3,2,3,3,2,2,6,2,2,6,6,1,6,6,1,6,6,2,6,6,2,6,5,6,0.881,0.881,120.011,1,"Mord, Mensch, Mutter, Magnet, Marlboro, Maschine, Master, Matratze, Miezekatze, Mauer, Mantel, Magen, Made, März, Mai, Mail, Maoam, Miete, Maske",0.792,0.792,120.046,1,"Spinat, Spaghetti, Brot, Lauch, Tomate, Gurke, Bonbon, Kartoffelbrei, Fischstäbchen, Eier, Hühnerschenkel, Steak, Burger, Pommes, Pesto, Schnitzel, Backpulver, Mehl, Zucker, SALZ, Pfeffer, Paprikapulver, Spätzle, Knödel",24,2,2,4,5,1,,113,46,16579,46,1,1,68,32.08,52.15,99,54.11,13.6,32.35,89.71,61.76,22.06,19.12,13.24,2.94,0,0,0,0,2.94,2.94,2.94,2.94,5.88,14.71,10.29,2.94,13.24,0,19.12,2.94,0,0,0,0,7.35,4.41,2.94,0,1.47,1.47,16.18,4.41,2.94,4.41,0,14.71,7.35,2.94,1.47,1.47,1.47,2.94,0,0,0,0,2.94,0,0,0,0,13.24,7.35,4.41,2.94,0,0,7.35,7.35,0,27.94,2.94,11.76,16.18,1.47,0,1.47,0,0,0,0,0,0,0,0,0,10.29,5.88,2.94,1.47,0,0,0,0,0,0,0,0,0
2025-02-17 12:37:21,2025-02-17 12:48:31,0,26,669,0,2025-02-24 12:48:40,R_82LoTUYM3BvUqgj,anonymous,EN,4,RO,LA,6,8,3,1,,1,,,,,,,,,,,,,,,,,,,,,,,,,,,,,,,,,,,,,,,,,0,0,0.934,0,9.555,156.52,300.229,21,"Es gibt mehrere, meine mutter hat mich und meine schwester geschlagen. Ging hauptsächlich um schulische Leistung. Sie ist narzisstisch und man hat gelernt mit ihr umzugehen. Das meiste aus meiner Kindheit hab ich wieder vergessen. Sie wollte vor ein paar Wochen nichts mehr mit mir zu tun haben, weil ich die falsche Jacke anhatte. (Eine skijacke, die zu „assi“ war:)",4,5,5,4,6,Meine komplette Kindheit bis zum 23. Lebensjahr,37,,,,,,,,,,,,,,,,,,,,,,,,,,,,,,,,,,,,,,,,,,,,,,,,,,,,,,,,,,,,,,,,,,,,,,,,,,,,,,,,,,,,,,,,,,,,,,,,0,0,16579,,,1,61,15.17,55.36,68.04,17.39,10.17,22.95,86.89,60.66,21.31,16.39,11.48,0,1.64,0,1.64,0,4.92,4.92,4.92,3.28,8.2,11.48,16.39,1.64,11.48,1.64,24.59,3.28,1.64,0,0,6.56,6.56,3.28,3.28,0,1.64,0,14.75,3.28,3.28,3.28,0,14.75,4.92,1.64,1.64,1.64,1.64,0,0,0,0,0,1.64,0,0,0,0,9.84,3.28,4.92,1.64,0,1.64,8.2,6.56,0,14.75,1.64,6.56,8.2,3.28,0,0,0,0,0,1.64,0,1.64,0,0,0,19.67,8.2,4.92,1.64,0,0,0,0,1.64,0,3.28,0,0
2025-02-24 14:55:39,2025-02-24 15:28:21,0,100,1962,1,2025-02-24 15:28:22,R_2JJeZo0089l3RAM,anonymous,EN,4,ST,LU,16,2,1,1,,1,0,0,1.784,0,1.091,1.091,300.018,1,Als ich ich von meinen ehemaligen Schulfreundinnen getrennt hab. Die haben ich bereits in den Schulzeit schlecht behandelt und ausgenutzt. Jetzt mit Beginn des Studiums hab ich den Kontakt zu ihnen endgültig abgebrochen.,Vor 6 Monaten,29,3,5,5,4,5,1,11,7,6,0,0,2.542,0,1.658,277.818,300.021,19,"Ich war mit meinem Hund spazieren und höre plötzlich Schreie von der Seite. Plötzlich kommt ein Hund auf mich zugerannt, der doppelt so groß war wie meine Hund und springt so an mir hoch, dass ich umknicke und nicht mehr aufstehen kann. Meine Hund hat sich dann losgerissen und den anderen Hund abgelenkt, sodass ich erst mal mit den Situation klarkommen kann. Es ist gut ausgegangen und der andere Hund ist weggelaufen.",Vor ca. 2 Jahren,70,5,3,3,4,4,3,11,7,6,0,0,2.841,0,0.907,109.792,300.019,7,"Den Tod von meinem Opa war vor 6 Jahren. Ich war noch klein und habe zunächst nichts verstanden, aber es war alles so surreal. Ich war zudem nicht in den Lage zum Krankenhaus zu gehen und mich von ihm zu verabschieden. Teilweise beschäftigt es mich bis heute.",3,5,5,1,6,Vor 6 Jahren,49,4,6,3,3,5,4,10,4,3,1,2,1,3,0,2,2,1,1,1,1,0,2,1,1,0,2,1,1,0,0,0,0,0,1,1,0,1,1,0,1,0,0,0,0,0,0,2,0,0,0,3,3,3,2,3,3,3,3,3,3,"1,2","1,2",6,6,6,6,6,6,1,6,6,2,2,6,6,6,6,9,1.284,88.824,120.018,8,"Pistazie, Pirat, Papagei, Pasta, Pizza,Power, Pudding, Party, Punkte, Paar, Pinguin, Preis, Pferd, Phänomen, Plus,",0.778,119.022,120.117,4,"Papagei, Hund, Katze, Schlange, Maus, Pferd, Hamster, Heuschrecke, Biene, Elefant, Otter, Fliege, Mücke, Clownfisch, Wurm, Vogel, Ratte, Kanarienvogel",18,2,4,4,5,1,,59,23,17815,23,0,1,47,4.78,14.72,99,1,11.75,14.89,97.87,74.47,19.15,12.77,10.64,0,0,0,0,0,2.13,2.13,0,6.38,4.26,17.02,14.89,8.51,12.77,4.26,19.15,2.13,0,0,2.13,4.26,6.38,2.13,4.26,0,0,2.13,14.89,2.13,0,0,2.13,17.02,2.13,0,2.13,2.13,6.38,8.51,0,0,0,0,2.13,0,2.13,0,0,4.26,0,2.13,2.13,0,0,10.64,4.26,0,29.79,2.13,19.15,12.77,2.13,0,0,0,0,2.13,2.13,0,0,0,0,0,10.64,8.51,2.13,0,0,0,0,0,0,0,0,0,0
2025-02-19 07:11:39,2025-02-19 07:12:58,0,2,78,0,2025-02-26 07:13:03,R_2Yg9MQLBQ5kIRB7,anonymous,EN,4,,,,,,,,,,,,,,,,,,,,,,,,,,,,,,,,,,,,,,,,,,,,,,,,,,,,,,,,,,,,,,,,,,,,,,,,,,,,,,,,,,,,,,,,,,,,,,,,,,,,,,,,,,,,,,,,,,,,,,,,,,,,,,,,,,,,,,,,,,,,,,,,,,,,,,,,,,,,,,,,0,0,,,,1,0,,,,,,,,,,,,,,,,,,,,,,,,,,,,,,,,,,,,,,,,,,,,,,,,,,,,,,,,,,,,,,,,,,,,,,,,,,,,,,,,,,,,,,,,,,,,,,,,,
2025-02-26 16:05:03,2025-02-26 16:41:43,0,100,2200,1,2025-02-26 16:41:43,R_2QrOrzq3z3EDnU2,anonymous,EN,4,SA,HA,8,3,3,1,,1,0,0,1.535,0,0.44,0.44,300.012,1,"Ich bin einmal vom Feiern allein nach Hause gegangen. Es war schon sehr spät und ich musste durch die Innenstadt laufen. Habe gesehen, dass ich an einer vierer Gruppe von Jungs vorbeilaufen musste und habe mich direkt unwohl gefühlt. Bin auch ziemlich schnell an denen vorbeigegangen. Sie haben mich trotzdem wahrgenommen und haben mir nachgerufen über die ganze Straße. Einer ist mir sogar hinterhergelaufen und wollte mich ansprechen. Hat mich auch nicht in Ruhe gelassen. Ich bin sehr wütend geworden und hab angefangen zu schreien, da ich mich sehr unwohl gefühlt habe und auch ein bisschen Angst bekommen habe. Er ist daraufhin gleich weggegangen und ließ mich los. Daraufhin bin ich schnell nach Hause.",07/2024,40,3,4,2,3,3,5,10,7,7,47.21,47.21,47.762,1,0.807,0.807,300.112,1,"Meine Cousine hat zu ihrem 19. Geburtstag ein Auto bekommen. Sie hat sich wirklich sehr gefreut. Musste es aber leider wieder abgeben an meinen Cousin. Mein Cousin hatte mit seinem Auto einen Unfall und das Auto erlitt einen Motorschaden. Da mein Cousin wegen der uni pendeln musste, bekam er das Auto von meiner Cousine. Meine Cousine muss nur 15 min zu Fuß zu ihrer Ausbildungsstätte laufen. Daher musste sie es abgeben, zumindest bis mein Cousin sich ein neues leisten konnte. 
Sie haben es sich aber auch geteilt und konnten sich gut abwechseln.",09/2020,82,2,1,4,3,1,4,2,1,3,0,0,11.069,0,1.022,200.787,300.16,6,"Meine beste Freundin, war mit mir in der Stadt unterwegs. Als wir uns Abend verabschiedet haben, sind wir beide jeweils nach Hause gegangen. 
Meine Freundin ist anscheinend nicht nach Hause gekommen zu der Uhrzeit, was mit ihren Eltern abgemacht war, weshalb sie mich angerufen haben, ob sie noch bei mir ist. 
Wir haben die Polizei angerufen und sie gesucht. Man hat sie im Stadtpark in einem Gebüsch bewusstlos gefunden. Sie wurde vergewaltigt und zusammengeschlagen. Der Täter wurde nie identifiziert und gefunden. Sie wurde ins Krankenhaus eingeliefert und hat heut immer noch mit den Ereignissen zu kämpfen, genauso wie ich, da ich mich schuldig fühle, sie alleine nach Hause gelassen zu haben.",5,3,3,3,6,06/2019,40,5,7,1,5,6,7,3,6,4,1,0,2,3,3,3,2,3,2,4,2,2,1,0,1,1,2,1,1,1,0,1,0,1,2,2,1,1,0,0,1,2,0,0,0,1,1,1,2,0,0,3,3,3,3,3,3,3,3,3,3,6,6,1,2,3,3,6,3,1,6,6,3,6,3,3,6,6,8,0.89,0.89,120.11,1,"Papagei 
Pullover 
Penis
Puder 
Pulver 
Pub 
Prinz 
Paprika 
Patentante 
Pelz 
Paradies
PApier
Pe",1.932,1.932,120.01,1,"Katze
Hund
Maus
Huhn
Kuh
Pferd
Schaf
Ziege
Ratte
Vogel 
HAse
Hamster
Maus
Drache
Elefant
Löwe
Leopard
Erdmnännchen
Schwein 
Wildschwein
Giraffe
Affe
Krokodil
Bär
Panda
Wolf
Fuchs
Reh 
Hirsch
Eichhörnchen
Büffel",22,2,4,5,5,1,,81,35,17578,35,1,1,111,3.43,66.25,99,1,13.88,27.93,95.5,66.67,20.72,18.92,7.21,3.6,0,0,0,0,8.11,8.11,7.21,2.7,5.41,14.41,17.12,8.11,11.71,1.8,26.13,4.5,3.6,3.6,0,0.9,7.21,1.8,5.41,1.8,2.7,1.8,18.02,0.9,1.8,1.8,0,18.92,7.21,2.7,0,0.9,2.7,5.41,4.5,1.8,1.8,0.9,3.6,0,0.9,0.9,0,9.91,6.31,1.8,1.8,0.9,0,10.81,6.31,0,21.62,2.7,9.91,9.01,0.9,0,2.7,0,0,0,1.8,0,0,0,0,0,14.41,7.21,7.21,0,0,0,0,0,0,0,0,0,0
2025-02-27 20:44:24,2025-02-27 21:19:24,0,100,2099,1,2025-02-27 21:19:25,R_82UA7t565wS2gIp,anonymous,EN,4,sa,eb,17,4,1,1,,1,0,0,4.044,0,2,2,300.012,1,als mein Hund gestorben ist. er musste eingeschläfert werden. ich habe sehr geweint und war sehr traurig. ich bin in Ohnmacht gefallen.,Mai 2022,28,3,4,3,3,5,4,9,1,6,0,0,23.316,0,2.503,2.503,300.014,1,"ein neutrales Erlebnis ist der Flug von Deutschland in die USA gewesen. ich bin mit meiner Familie 10 stunden geflogen. war nichts besonderes, nicht besonders aufregend und auch nicht beängstigend",oktober 2024,50,3,1,3,3,2,4,4,2,6,0,0,9.476,0,2.786,73.967,300.016,6,schwanger. streit mit freund. er trennt sich daraufhin. ich habe dann in der selben nacht unter starken Bauchschmerzen das Baby verloren.,5,5,1,5,7,februar 2025,9,5,6,6,5,6,4,3,4,5,1,0,1,2,1,3,1,1,3,3,3,0,0,2,1,1,0,0,0,0,0,0,0,0,2,1,0,1,0,1,1,2,2,1,0,0,1,1,0,0,0,3,3,3,2,2,2,2,3,3,2,5,6,6,6,6,"3,6","5,6",1,1,6,6,6,1,6,6,6,1,17,1.479,1.479,120.109,1,"polizei, Pistole Pirat Piranha Portugal Paris Preußen Prinzessin Prinz Professor Plagiat platz planet Pluto porno penis Pinsel Pech prag Prinzipien Phänomen pränomen",2.046,33.442,120.013,3,elephant Esel Hund Katze maus Giraffe affe laus pinguin eisbär Frosch Chamäleon Bär Kolibri Hase Hamster Schildkröte Löwe Känguru Zebra Rabe Igel jaguar,23,2,4,5,5,1,,61,23,17872,23,0,1,21,71.47,92.06,4.13,1,5.25,23.81,95.24,47.62,19.05,14.29,4.76,0,0,0,0,0,4.76,4.76,0,0,9.52,14.29,9.52,0,14.29,0,19.05,9.52,4.76,0,0,0,19.05,4.76,14.29,0,4.76,9.52,23.81,4.76,4.76,0,9.52,4.76,0,0,0,0,4.76,0,0,0,0,0,14.29,9.52,0,4.76,0,14.29,4.76,4.76,4.76,0,0,4.76,9.52,0,14.29,0,9.52,4.76,0,0,0,0,0,0,0,0,0,0,0,0,19.05,19.05,0,0,0,0,0,0,0,0,0,0,0
2025-03-01 11:22:37,2025-03-01 12:24:44,0,100,3727,1,2025-03-01 12:24:45,R_8teGoXIn75RVdWF,anonymous,EN,4,FA,JA,23,10,1,1,,1,0,0,11.398,0,1.655,219.834,300.038,5,"Gestern hat die Anmeldung für ein wichtiges Seminar meines Bachelor Studiengangs begonnen. Ich konnte mich aus technischen Gründen unverschuldet nicht anmelden. Das Ganze war um 12 Uhr Nachts, weshalb ich auf niemanden erreichen konnte. Ich mache mir immer viele Gedanken über negative Ereignisse und konnte deshalb nach der gescheiterten Anmeldung kaum schlafen. Nach 3 Stunden Schlaf konnte ich um 8 Uhr Früh endlich beim Studierenden Sekretariat anrufen. Sie konnten mir jedoch nicht weiterhelfen und meinten ich muss auf eine Mail Antwort warten. Die begrenzten Plätze für das Seminar wurden über den Tag hinweg fast ausgebucht. Ich habe immer noch keine Antwort von meiner Uni erhalten und weiß nun nicht ob ich an dem Seminar teilnehmen kann. Nach dem Wochenende werden wahrscheinlich alle Plätze weg sein. Dann kann ich das Seminar erst im September absolvieren und muss 1 komplettes Jahr verzögert meinen Master beginnen.","Gestartet hat es am 28.02.2025 um 00:00Uhr, als meine Anmeldung nicht geklappt hat. Es hat sich dann über den ganzen Tag gezogen, bis ich zumindest die Antwort bekommen habe, dass ich nichts machen kann außer warten.",1,2,5,1,3,5,5,2,7,3,0,0,277.504,0,3.223,194.84,300.142,14,"Ich wollte Vorgestern von der Bibliothek nach hause fahren. Auf dem Heimweg kam die U-Bahn nicht, weshalb ich stattdessen gelaufen bin. Es hat geregnet, aber ich hatte meinen Regenschirm dabei. Der weg hat zu Fuß nur 10 Minuten gedauert. Es war in Ordnung für mich zu laufen, da ich nach dem Lernen sowieso gerne Bewegung habe. Ich habe Musik gehört. Es waren nicht viele Personen unterwegs und es war noch hell.",Am 27.02.2025 gegen 15 Uhr,2,6,2,4,3,1,7,4,5,1,0,0,29.611,0,2.593,2.593,300.033,1,"Als ich 19 Jahre alt war, genau eine Woche nach meinem Geburtstag ist mein Papa verstorben. Er war erst 52 Jahre alt und hatte Krebs im Endstadion. Die Zeit on der Diagnose bis zu seinem Tod waren 6 Monate. Als er gestorben ist, hat meine Mama mich angerufen und es mir per Telefon mitgeteilt. Ich saß mit einer Freundin auf meinem Bett. Ich konnte wegen den Corona Maßnahmen nicht im Krankenhaus sein. Als ich davon erfahren habe, habe ich angefangen zu sc freien und zu weinen. Ich habe nichts mehr gesehen und noch nie so einen heftigen Schmerz gespürt. Ich bin runter gelaufen und habe meinen Geschwistern bescheid gesagt. Danach habe ich den restlichen Tag nur noch geweint und alleine in meinem Zimmer gesessen. Ich habe nicht gegessen und lag einfach nur da und habe Musik gehört.",1,5,5,5,7,Am 30.01.2021 um 13:11 Uhr,57,7,7,1,4,7,7,1,6,2,1,1,0,3,1,3,2,1,0,1,3,1,1,0,2,0,2,1,1,3,2,1,0,1,2,1,1,2,1,0,1,1,1,1,0,0,0,1,0,1,0,4,4,3,3,4,3,4,4,4,4,5,"2,3",3,3,6,"3,4","3,4","3,4","1,3,4","3,4","3,4","2,3,4","1,2,3,4","3,4",3,6,"1,2,3,4",12,5.084,5.084,120.128,1,"Proband
Post
Partei
Pool
Paar
Paris
Pudel
prüde
passen
puzzle
Pinsel
Pilz
Piste
Party
partiell
progredient
Progesteron",2.79,2.79,120.025,1,"Schlange, Bär, Affe, Hai, Hase, Ratte, Gorilla, Pudel, Panda, Panter, Leopard, Elefant, Ziege, Löwe, Giraffe, Nashorn, Nilpferd, Pinguin, Flamingo, Fledermaus, Maus, Hund, Katze, Fisch, Meerschweinchen, Schwein, Kuh, Ente, Schaf, Koala, Känguru, Emu, Strauß, Käfer, Schmetterling, Wombat, Raupe, R",23,2,4,11,5,2,"Ich fand es komisch ein weder besonders negativen, noch besonders positives Erlebnis zu beschreiben. Dort hätte man ja eigentlich fast alles nennen können. Beispiele wären ganz gut gewesen. Ich hoffe ich habe es jetzt ""richtig"" beantwortet. LG",81,27,17911,27,0,1,137,3.63,19.26,99,1,12.45,18.98,94.89,60.58,17.52,15.33,12.41,0,0,0,0,0,2.92,2.92,0,2.19,5.11,12.41,14.6,9.49,12.41,2.92,24.09,6.57,2.92,0,3.65,2.19,5.84,1.46,4.38,0,0.73,2.92,13.14,2.92,0.73,1.46,2.19,11.68,2.92,0.73,0.73,0.73,3.65,5.11,4.38,0.73,2.19,0.73,6.57,0.73,4.38,0,0.73,4.38,1.46,1.46,1.46,0,0,11.68,8.03,0,21.17,1.46,7.3,13.87,1.46,0.73,1.46,0,0,2.19,1.46,0,0,0.73,0,0,10.22,8.03,2.19,0,0,0,0,0,0,0,0,0,0
2025-03-02 08:17:22,2025-03-02 08:56:34,0,100,2351,1,2025-03-02 08:56:34,R_8PBGSTbRz3ejRay,anonymous,EN,4,BA,MA,15,10,1,1,,1,0,0,3.714,0,1.469,76.073,300.124,2,"Am Ende meiner Bachelorarbeit ließen sich die Seitenzahlen für Deckblatt, den Part vor dem Schreibteil und den Schreibteil nicht richtig einstellen. Ich habe alles versucht, mir Hilfe gesucht und nichts ging. Letztendlich lag es vermutlich nur daran, dass Word ein Problem hatte (vielleicht durch die erhebliche Länge von über 120 Seiten, von denen der Großteil aus Grafiken bestand). An sich gar keine dramatische Situation, aber sie hat mir an dem Vormittag SO schlechte Laune gemacht, dass der ganze Tag nur doof war. Wahrsche",13.02.2025,50,4,3,4,4,1,1,6,5,3,0,0,57.504,0,6.417,6.417,300.122,1,"Vergangenen Dienstag bin ich in eine ca. 50km entfernte Stadt gefahren, um dort meine Mutter im Krankenhaus zu besuchen, die eine geplante Operation am Vortag hatte. Ich habe nach der Arbeit noch Blumen in einem süßen Laden gekauft und bin von dort aus direkt gestartet. Unterwegs habe ich im Auto eine Folge TKKG gehört. In der anderen Stadt angekommen, habe ich geparkt und das Zimmer gesucht. 

Ich weiß nicht, was für Gefühle ich in der Situation hatte. Gefühle wahrzunehmen und zu benennen fällt mir aber auch allgemein schwer. Vermutlich war ich einfach nur im Automodus und habe viel über verschiedene Sachen nachgedacht/-gegrübelt.",25.02.2025 13:00 bis 15:00 Uhr,40,3,2,3,2,3,1,9,6,2,3.885,3.885,5.705,1,3.634,3.634,300.148,1,,3,5,1,1,4,2009,80,5,6,1,3,3,1,7,2,6,2,1,3,1,0,4,3,4,1,3,4,2,2,2,0,2,4,4,4,4,1,0,2,0,1,2,0,2,0,1,0,3,3,1,0,2,2,3,0,3,1,3,3,2,3,3,3,3,3,3,3,"4,6",6,"3,4",3,6,6,6,"3,4,5","1,3,4",6,6,"3,4","1,4","3,4","3,4",6,"1,3,4",17,1.77,1.77,120.023,1,"Penis, Prokrastination, persistierend, Polarlicht, Pflanze, Pott, Pappe, Puppenhaus, Plattenspieler, Puls, Pfannkuchen, Pflaumenkuchen, Preisgeld, Papier, Pinzette, Plastikmüll, Pferd",1.835,1.835,120.024,1,"Hund, Katze, Pferd, Maus, Ratte, Einhorn, Huhn, Pony, Hahn, Regenwurm, Skorpion, Elefant, Giraffe, Antilope, Affe, Schlange, Nashorn, Krokodil, Waschbär, Panda, Grizzly, Eisbär, Braunbär, Fuchs, Reh, Wildschwein, Lope, Antilope, Maikäfer, Marienkäfer, Spinne, Papierfischchen, Dachs, Dromedar, Kamel, Esel, Meerschwein, Kaninchen, Degus,",33,2,4,6,4,1,,106,50,11389,50,1,1,0,,,,,,,,,,,,,,,,,,,,,,,,,,,,,,,,,,,,,,,,,,,,,,,,,,,,,,,,,,,,,,,,,,,,,,,,,,,,,,,,,,,,,,,,,,,,,,,,,
2025-02-23 10:42:21,2025-02-23 10:42:30,0,2,9,0,2025-03-02 10:42:38,R_853cQjUGmAhAlyh,anonymous,EN,4,,,,,,,,,,,,,,,,,,,,,,,,,,,,,,,,,,,,,,,,,,,,,,,,,,,,,,,,,,,,,,,,,,,,,,,,,,,,,,,,,,,,,,,,,,,,,,,,,,,,,,,,,,,,,,,,,,,,,,,,,,,,,,,,,,,,,,,,,,,,,,,,,,,,,,,,,,,,,,,,0,0,16579,,,1,0,,,,,,,,,,,,,,,,,,,,,,,,,,,,,,,,,,,,,,,,,,,,,,,,,,,,,,,,,,,,,,,,,,,,,,,,,,,,,,,,,,,,,,,,,,,,,,,,,
2025-03-02 11:58:05,2025-03-02 12:38:12,0,100,2406,1,2025-03-02 12:38:12,R_8vhIGG36x4PUsBl,anonymous,EN,4,GA,RI,18,3,1,1,,1,0,0,52.99,0,1.068,1.068,300.007,1,"Ich bin aus dem Urlaub zurück gekommen und am Abend war eine kleine Feier, veranstaltet von dem Verein, bei dem ich auch tätig bin. Wir sitzen dann immer auf dem Gehsteig vor dem Gebäude, trinken Bier und Limo, ein DJ spielt Musik und wir unterhalten uns, wechseln die Gruppen, lachen viel und genießen die warmen Sommerabende. Ich bin erst etwas später dazu gestoßen, weil ich erst um 18 Uhr aus dem Urlaub zurück gekommen bin. Es war schon circa 21 Uhr, es war schon dunkel aber noch sehr warm. Ich war braun gebrannt, habe auch im Urlaub viel Sport gemacht und habe mich einfach sehr wohl gefühlt in meinem Körper. Hab mir ein schönes Outfit angezogen und mich gefreut, meine Freunde zu sehen und das Lachen auf ihren Gesichtern wenn wir uns wieder sehen. Als ich auf der Feier ankam und um die Ecke bog sah ich zuerst meinen Exfreund und dann auch noch den Mann, mit dem ich über 2 Jahre lang eine Art Beziehung hatte. Ich versuche beide zu meiden, weil ich durch sie sehr viel gelitten habe. Als ich die beiden sah wollte ich direkt umdrehen und wieder heim, dachte mir, ihr habt meinen Anblick heute nicht verdient. Ich hab mich dann kurz mit einem guten Freund unterhalten, der mir immer viel Halt bietet und mich einfach gern hat und bin dann mit einem komischen Gefh",15 August 2024,19,7,5,4,6,2,7,9,5,3,0,0,20.54,0,1.178,38.762,300.01,2,"Es war Silvester von 2024 auf 2025, ich war wie immer eher planlos was meine Silvesterpläne angeht. Meine beste Freundin und ich beschlossen kurzfristig zu einer Freundin zu fahren um auf eine Party zu gehen. Die Party war okay, es waren viele Menschen dort aber die Räumlichkeiten waren nicht richtig für den Anlass. Es war irgendwie alles zu groß und die Menschen haben sich auf 3 Orte verteilt und irgendwie war alles auch wieder zu klein, weil da wo Menschen waren, waren auch wir. Ich hab mich nicht besonders zugehörig gefühlt und war ständig auf der Suche nach einem neuen Spot. Aber nach circa 4 Stationen waren wir auch schon wieder durch mit unsrer ""Reise"" auf der Party. Es war die immer gleiche Runde bestehend aus Toilette, Bar, Tanzfläche, Rauchen, Toilette, Bar, Tanzfläche, Rauchen. Die Musik war okay aber nicht so, dass ich ständig hätte tanzen wollen.",01.01.2025,9,4,2,4,2,2,7,11,5,7,0,0,4.247,0,1.039,1.039,300.01,1,"Es war der Tag als meine Mama auf die Palliativstation gefahren wurde, um zu sterben. Schon einige Wochen zuvor hat sie uns per Sprachcomputer einen Brief vorlesen lassen, in dem sie uns (Oma, Opa, Papa, meine 3 Geschwistern) erklärt hat, dass es Zeit ist für sie zu sterben. Sie erkrankte an ALS und hat 2 einhalb Jahre mit der Krankheit gelebt, die quasi täglich schlimmer wurde. Und eigentlich ist es schwer zu sagen, ob der Tag an dem sie starb das schrecklichste Erlebnis war oder die ganze Zeit von Diagnose bis zum Tod das schlimmste Ereignis war. Jedenfalls wurde sie am Morgen abgeholt und wir sind alle mit auf die Palliativstation gefahren. Ich weiß es nicht mehr genau aber ich glaube wir waren nicht mal eine Stunde dort, so schnell ging alles. Weil es eben geplant und vorbereitet wurde, ihr Sterben. Sie lag in einem Zimmer mit Ausblick ins Grüne, wir waren alle mit dabei. Die Ärztin verabreichte ihr erst ein Beruhigungsmittel und dann ein Narkotikum, dass sie einschliefen ließ. Als die Wirkung einsetzte wurde sie von der Beamtungsmaschine abgesteckt und langsam flachte ihre Atmung ab und innerhalb weniger Sekunden war sie gestorben. Ich hielt ihre Hand.",3,5,4,5,6,23.09.2013,50,4,7,1,5,7,7,5,4,7,3,0,4,2,2,1,0,3,3,4,3,0,2,0,0,0,0,0,2,0,0,0,0,0,0,0,0,0,1,1,0,0,1,0,0,0,1,2,0,1,0,3,4,4,3,4,4,4,3,3,3,"3,6","3,6",1,6,6,"2,6",6,"1,3,4","1,2,3,4",6,6,6,"1,2",6,6,6,"1,2",8,1.202,1.202,120.007,1,"Pommes, Panik, Pinguin, Pinsel, Pizza, Post, Plastik, Papier, Poncho, Pelikan, Push -Up, Pilates, Pest, Perspektive,",1.366,1.366,120.007,1,"Affe, Katze, Hund, Fisch, Käfer, Ameise, Schwalbe, Distelfink, Fliege, Wal, Hai, Hamster, Ratte, Maus, Schlange, Spinne, Kakerlake, Eichhörnchen, Giraffe, Löwe, Gorilla, Bär, Reh, Ziege, Esel, Pferd, Kuh, Schwein, Huhn, Kalb,",31,2,4,5,4,1,,71,29,11185,29,0,1,197,52.69,86.3,53.79,2.21,17.91,21.32,92.89,60.41,18.27,12.69,2.54,2.54,1.02,0,1.02,0,7.61,7.61,7.11,5.08,10.15,15.23,12.18,3.55,13.71,1.02,19.8,7.61,4.06,0.51,1.52,3.05,3.55,1.02,2.54,0.51,0,2.03,18.78,2.54,0,1.02,1.02,16.24,4.06,1.02,1.52,4.06,4.06,4.57,2.03,0.51,1.02,0.51,4.57,1.02,1.52,0.51,0,8.12,3.55,2.03,1.02,0,2.03,11.17,3.55,1.52,20.81,2.54,8.63,11.68,1.52,0,0.51,0,0.51,3.05,2.03,0,0.51,0.51,0,0.51,12.69,5.58,6.09,0,0,0,0,0,0,0,1.02,0,0
2025-03-02 18:35:38,2025-03-02 18:37:19,0,100,100,1,2025-03-02 18:37:19,R_7EcSozpv4xIGrab,anonymous,EN,4,NA,MA,28,5,1,3,2,,,,,,,,,,,,,,,,,,,,,,,,,,,,,,,,,,,,,,,,,,,,,,,,,,,,,,,,,,,,,,,,,,,,,,,,,,,,,,,,,,,,,,,,,,,,,,,,,,,,,,,,,,,,,,,,,,,,,,,,,,,,,,,,,,,,,,,,,,,,,,,,,,,,,,,,,0,0,17065,,,1,0,,,,,,,,,,,,,,,,,,,,,,,,,,,,,,,,,,,,,,,,,,,,,,,,,,,,,,,,,,,,,,,,,,,,,,,,,,,,,,,,,,,,,,,,,,,,,,,,,
2025-03-02 20:57:56,2025-03-02 21:58:54,0,100,3657,1,2025-03-02 21:58:54,R_8dWs9opSHsHYh78,anonymous,EN,4,He,Ha,26,6,1,1,,1,0,0,3.693,0,1.048,245.21,300.07,5,"Jemand hat ein Geheimnis von mir entdeckt und dies hatte weitreichende Konsequenzen. Ich habe davon durch jemand anderes erfahren, der mir nur kurz sagte, dass etwas passiert sei und jemand eine Nachricht gelesen habe. Danach wurde aufgelegt und ich musste alleine zur Ruhe kommen, ohne dass ich bisher das gesamte Ausmaß verstand. Nach einer Weile habe die Informationen erhalten und es brach eine halbe Welt zusammen. Ich hatte Angst in meine Wohnung zu gehen, aus Sorge ich könnte von einer Person überrascht und konfrontiert werden. Ich denke bis heute, dass es noch irgendwann passieren wird. 
Mein Herz hat geklopft wie verrückt, ich hatte einen Adrenalinschub und bin davon fast ohnmächtig geworden. Schuldgefühle übermannten mich und ich konnte nur sehr langsam die Kraft finden, mutig zu sein und meinen Weg zu gehen.
Meinen Weg als Geächtete und Alleingelassene.",vor einem Jahr,30,7,7,1,6,7,7,11,4,7,0,0,18.717,0,1.34,164.263,300.194,9,"Ich habe meinen Kontostand überprüft und habe eine Summe gesehen, die ich zuletzt vor sehr sehr vielen Jahren hatte. Ich habe mir einmal gesagt, nie wieder so wenig Geld zu haben, dass ich Angst habe, beim Bezahlen eine Kartenablehnung zu erwarten.
Ich dachte es sei noch mehr Puffer vorhanden und daher traf es mich kurz wie ein Schock.
Ich lebe alleine und hatte eigentlich vor Bargeld abzuheben, um etwas in der Tasche zu haben, wenn ich unterwegs bin. Ich habe trotz allem etwas abgehoben, aber das Erlebnis und der Schock hängen seitdem täglich in meinen Gedanken. Enttäuschung fühle ich seitdem jeden Tag, dass ich es soweit habe kommen lassen und dass ich so sehr die Kontrolle über meine Ausgaben verloren habe.",Vor 7 Tagen,0,7,6,2,3,5,4,11,7,7,0,0,2.047,0,1.354,288.169,300.122,4,"Es waren Berührungen intimer Art, die von mir nicht gewollt waren. Sie kamen von einer Person aus der Familie und das machte es am schrecklichsten.
Ich habe mich totgestellt, weggedreht, habe seitdem angefangen mich nur schwarz zu kleiden und heavy metal zu hören, um hässlich zu werden.
Ich wollte mich in Lust auflösen und habe mich schrecklich gefühlt. Ich wollte dass meine Mutter es erkennt und mir hilft, ohne dass ich es aussprechen muss. Das kam aber nie.
Bis heute bleibe ich nicht mit der Person alleine im Raum, sondern gehe sofort etwas tun, wenn andere den Raum verlassen. Ich kann keinen Menschen an meiner Seite haben, der solche Lippen wie die Person hat, oder solche Hände.
Ich muss weinen, wenn ich nur an diese Situationen denke, denn selbst nach so vielen Jahren, kann ich es nicht vergessen.
Sexuelle Misshandlungen an Schutzbefohlene kann man nicht vergessen.
Ich war immer alleine und ich fühle mich schrecklich, weil ich angst hatte etwas zu sagen. Ich dachte mir, man glaubt mir sowieso nicht.",5,5,1,1,6,etwa 10 Jahre,32,7,7,1,7,7,7,11,1,3,1,1,1,4,4,4,4,0,3,3,3,0,1,1,0,0,0,0,0,4,1,0,0,0,0,0,0,1,0,0,1,1,2,1,0,0,2,2,2,0,2,3,3,2,3,3,3,3,3,3,3,3,6,"1,3",3,6,1,3,3,1,3,3,2,6,3,3,6,1,9,2.503,2.503,120.015,1,"Pistole, 
Polizei
Pustekuchen
Postamt
Penner
Parkgarage
Pekanuss
Pistazie
Pronomen
Pizza
Pils
Pilze
Pedale
PKW
Park
Plastik",1.7,1.7,120.011,1,"Hund
Katze
Vogel
Maus
Meerschweinchen
Hamster
Fisch
Wal
Elefant
Tiger
Löwe
Zebra
Giraffe
Affe
Gorilla
Gnu
Alpaka
Kamel
Esel
Pferd
Kuh
Schwein
Kaninchen
Ziege
Schaf
Strauß
Elch
Muli
Ente
Schwan
Hyäne
Erdmännchen
Spinne
Mücke
Fliege
Schildkröte
Kröte
Tausendfüßler",36,2,4,6,6,1,,78,34,14929,34,1,1,170,1,5.69,99,1,14.17,17.65,92.94,65.88,23.53,14.71,14.12,0,0,0,0,0,0.59,0.59,0.59,7.65,5.88,10.59,15.29,5.29,13.53,4.71,24.12,4.71,1.76,0.59,0,2.35,6.47,2.35,5.29,2.35,0.59,4.12,10.59,1.18,0,0.59,0,24.12,4.71,2.35,5.88,4.71,5.29,7.06,2.94,0,1.76,1.18,2.35,1.18,0,0.59,0.59,4.71,1.76,2.94,0,0,0,7.65,9.41,0.59,16.47,1.76,10,6.47,0.59,0.59,1.76,0,0,0,0.59,0,0,0,0,0,15.29,7.06,8.24,0,0,0,0,0,0,0,0,0,0
2025-03-02 23:10:51,2025-03-02 23:53:06,0,100,2535,1,2025-03-02 23:53:07,R_2gYQL0GcfAtPdQl,anonymous,EN,4,GA,KA,20,2,1,1,,1,0,0,4.259,0,7.908,275.736,300.02,7,Ich finde nicht viele Worte. Es war seltsam. Ungewohnt,vor ca 2 Jahren,30,6,6,6,5,5,5,9,6,6,0,0,9.297,0,1.037,1.037,300.009,1,"Als ich mein Abitur geschafft habe, hatte ich nicht meinen gewünschten Durchschnitt- Ich konnte zwar trotzdem mein Studiengang studieren. Aber trotzdem war es für mich schwer. Auf der einen Seite habe ich mich gefreut, auf der anderen war ich nicht so froh. SO hat es sich ausgeglichen. Ich hatte verschiedene Gefühle. Am Ende ging es wider weil man mir klar gemacht hat, dass ich trotzdem mit einem guten Durchschnitthatte",vor 4 Jahren,99,6,7,4,4,5,4,11,7,7,0,0,5.218,0,0.603,0.603,300.008,1,"Etwas schwierig. Vieles hat sich danach zum guten gewandt. als mein erster Freund mich bloßgestellt hat vor meiner Ex Besten Freundin. Als mein erstr Freund und ich uns trennten wollten wir freunde bleiben. Ich hatte im persönliche Dinge erzählt , auch sexueller Natur. Später schrieb er mich plötzlich an und machte sich mit einem Kumpel darüber lustug. Einige Zeit später, hatte er meine ex beste Freundin da und sie schrieben mir ich sei ein Mannsweib und hat mich vor ihr bloßgestellt. Ich habe das auch heute noch nicht ganz verarbeitet",5,5,5,5,5,Vor etwa 7 Jahren,40,5,6,7,6,6,6,11,6,4,1,1,2,3,0,2,3,0,3,3,4,0,3,3,0,0,0,2,0,0,3,1,0,1,0,2,1,2,3,3,2,3,2,2,3,2,3,3,0,2,1,3,3,2,4,2,2,3,3,3,1,6,6,5,"3,4",6,"3,4",6,6,1,6,6,6,6,6,6,6,1,6,1.627,118.094,120.116,5,Papier-Pferd-Pfeffer-Platz-Panik-Pier-Pflaster-Pander-Pflanze-Pate-,2.16,2.16,120.114,1,Pferd-Hund-Katze-Vogel-Ziege-hamster-Schwein-Echse-Leguan-Schildröte-Hase-Kuh-Ochse-Eichhörnchen-Eule-Rabe-Spatz-K,22,2,4,4,6,1,,95,30,17068,30,0,1,89,1,58.83,98.47,44.32,11.13,21.35,91.01,60.67,25.84,23.6,13.48,2.25,1.12,0,1.12,0,5.62,5.62,2.25,2.25,3.37,10.11,11.24,10.11,13.48,1.12,17.98,14.61,6.74,0,1.12,3.37,5.62,3.37,2.25,0,1.12,2.25,22.47,0,6.74,2.25,5.62,13.48,3.37,2.25,1.12,2.25,1.12,4.49,0,0,0,0,2.25,0,0,1.12,0,16.85,8.99,7.87,0,2.25,1.12,8.99,5.62,2.25,17.98,1.12,6.74,14.61,2.25,1.12,0,0,0,0,1.12,0,0,0,0,0,10.11,7.87,2.25,0,0,0,0,0,0,0,0,0,0
2025-03-03 11:02:41,2025-03-03 11:04:45,0,100,123,1,2025-03-03 11:04:46,R_2R4Z5c4KNVzu64H,anonymous,EN,4,KA,LI,10,7,1,1,,2,,,,,,,,,,,,,,,,,,,,,,,,,,,,,,,,,,,,,,,,,,,,,,,,,,,,,,,,,,,,,,,,,,,,,,,,,,,,,,,,,,,,,,,,,,,,,,,,,,,,,,,,,,,,,,,,,,,,,,,,,,,,,,,,,,,,,,,,,,,,,,,,,,,,,,,,0,0,15568,,,1,0,,,,,,,,,,,,,,,,,,,,,,,,,,,,,,,,,,,,,,,,,,,,,,,,,,,,,,,,,,,,,,,,,,,,,,,,,,,,,,,,,,,,,,,,,,,,,,,,,
2025-03-03 12:39:20,2025-03-03 13:17:18,0,100,2277,1,2025-03-03 13:17:18,R_2IaQybpy0571OZQ,anonymous,EN,4,SO,LE,18,11,1,1,,1,0,0,8.152,0,2.541,226.353,300.026,4,"Ich war ca. 16/17 Jahre alt und in meiner ersten, ""richtigen"" Beziehung. Wir trafen uns abends mit unseren Freunden, an einem uns wohl vertrauten Platz, draußen. 
Mein Partner hatte seinen Arm um mich gelegt und sagte zu mir: ""Jede weibliche Person hier ist mehr mein Typ als du."" Ohne, dass ich etwas derartiges gefragt oder angesprochen hätte.",2018/19,45,5,4,2,5,5,6,10,2,4,7.032,7.032,7.049,1,2.652,185.452,300.024,8,"Die Abiturprüfungen und der Abschluss. Einerseits so viel Stress, dann aber auch Erleichterung. Andererseits dann die Ungewissheit was als Nächstes kommt und was man mit sich selbst macht. Die Überforderung der vielen Optionen und die Freiheit neue Wege gehen zu können oder zu finden. Das Bekannte zu verlassen und Neues kennenzulernen.",Juni/Juli 2021,29,5,3,4,3,5,6,8,2,4,0,0,5.081,0,0.939,0.939,300.121,1,"Ich lebte mit meinen Großeltern zusammen seit meinem 4/5. Lebensjahr. Innerhalb der nächsten 10 Jahre sagte mein Opa mir jedes nur erdenklich Negative. Ich sei fett, hässlich, dumm, nicht liebenswert, nicht lebenswürdig etc. Aus meiner Sicht empfand er Freude dabei mir weh zu tun und mich zum Weinen zu bringen. Seine Kommentare stoppten nach seinen Schlaganfall. Seit dem ist er recht nett, und im Vergleich überaus positiv, mir gegenüber.",5,5,5,5,6,Ab Dezember 2006 bis ca Mitte 2016,62,3,5,1,2,6,6,10,3,3,1,0,0,0,0,0,1,2,0,0,0,1,0,1,0,0,1,0,3,4,1,1,0,0,2,1,0,2,0,0,0,2,0,0,0,1,0,0,1,0,0,3,3,3,3,3,3,3,3,3,3,5,6,"1,2,3",3,6,"2,3","3,4","1,3","1,2,3",6,6,3,"1,3",3,6,6,5,13,2.157,2.157,120.018,1,"Penis
Pavillon 
Paket
Post
Parkplatz
Park
Pedo
Pervers",1.608,1.608,120.018,1,Maus Kuh Hase Hund Katze Igel Giraffe Nashorn Elefant Pinguin Tiger Löwe Schlange Vogel Fisch Menschen Affen Krokodil Leguan Motte Ameise Schmetterling Libelle Biene Wespe Hornisse Käfer Lamm Schaf Wildschwein Maulwurf Schwein Wurm,23,2,4,7,5,1,,55,14,17932,14,0,1,70,54.95,18.64,98.68,2.6,10,27.14,91.43,52.86,21.43,20,14.29,0,0,0,0,0,5.71,5.71,0,1.43,2.86,17.14,8.57,2.86,7.14,2.86,14.29,10,0,0,4.29,1.43,12.86,5.71,7.14,0,2.86,4.29,14.29,1.43,0,0,4.29,10,2.86,0,0,0,5.71,2.86,4.29,1.43,1.43,0,5.71,2.86,4.29,0,1.43,5.71,1.43,1.43,1.43,1.43,1.43,4.29,1.43,0,18.57,1.43,12.86,5.71,2.86,0,0,1.43,0,0,2.86,1.43,0,0,0,0,20,10,8.57,0,0,0,0,0,0,0,0,1.43,0
2025-03-03 14:18:26,2025-03-03 14:49:26,0,100,1859,1,2025-03-03 14:49:27,R_8riuX51TwgbsFBZ,anonymous,EN,4,DA,AN,28,3,1,1,,1,0,0,3.165,0,1.413,280.593,300.134,3,"Meine Eltern sind getrennt. In den Sommerferien war ich bei meinem Vater und wollte aber zu meiner Mutter. Er hat gesagt, wenn ich gehe, dann soll ich nie wieder zurück kommen. In dem Moment war ich 5 Jahre alt und habe das noch nicht verstanden. Ich wollte einfach nur zu meiner Mutter. Danach musste ich noch sporadisch zu ihm Kontakt halten. Aber seitdem habe ich kein Kontakt mehr. Es war für mich schlimm, meine Vaterfigur nicht mehr im Leben zu haben. Ich war eifersüchtig, weil mein Bruder den Kontakt noch hatte. Aber in dem Moment habe ich eine Entscheidung getroffen, die ich bis jetzt nicht bereue.",Sommer 2010,65,4,3,3,7,7,6,11,7,6,0,0,36.802,0,1.473,200.691,300.136,2,"Ich war als Praktikantin im Krankenhaus. Einer Patientin ging es nicht gut und ich habe die Pflegekräfte geholt, welche die Frau reanimieren mussten. Es war nichts negatives, weil die Frau ist nach ca. 2 Min. wieder zurück geholt worden. Es ist nichts positives, weil immerhin wurde sie reanimiert. In der Situation fand ich es als Praktikantin interessant zu sehen, wie so eine Prozdur in der Realität passiert, im Fernseh ist es ja anders. Ich hatte viele Gefühle, wie aufgeregt, Herzklopfen, es war spannend, weil es was ganz neues war, was man nicht alltäglich im Krankenhaus gesehen hat. Zum Glück ist auch alles gut gegangen, aber die Zeit ist auch so schnell rumgegangen, dass man nicht darüber nachgedacht hat, was ist wenn sie es nicht schafft.",Frühjahr 2020,59,4,2,3,7,6,6,11,1,7,0,0,5.528,0,1.638,265.031,300.136,11,"Ich habe mit 12 Jahren mein Opa tot gesehen. Das zu sehen, war sehr schlimm. Noch Monate später konnte ich, wenn ich laut Musik im Zimmer gehört habe, meine Mutter hören wie sie gesagt hat ""komm mal bitte runter"" und dann ""Er ist tot"". Das war wirklich sehr traumatisch und der tot ist für mich mittlerweile ein sehr schrecklicher Gedanke. Genauso der Gedanke, jemanden, der mir so nah steht zu verlieren.",1,5,2,5,7,20.07.2017,4,7,7,1,7,7,7,11,3,3,1,0,0,2,0,1,0,1,0,1,2,0,0,0,0,0,0,0,0,1,0,0,0,0,0,0,0,0,0,0,0,0,0,0,0,0,0,0,0,0,0,3,3,3,3,4,3,4,4,4,3,6,6,1,6,6,2,6,3,6,6,6,6,2,6,6,6,1,17,2.166,79.74,120.03,5,"Pappe, Puppe, Pyjama, Praxis, Physik, Physiologie, Psychologie, Praktisch, Philosophie, Peinlich, PlayStation, Prag",1.407,1.407,120.13,1,"Elefant, Tiger, Eichhörnchen, Delfin, Erdmännchen, Hund, Katze, Maus, Meerschweinchen, Löwen, Giraffen, Pinguin, Affe, Eisbär, Robbe, Ratte, Jaguar, Antilope, Fisch, Wal, Vogel, Wellensittich",20,2,4,4,5,1,,43,9,15667,9,0,1,71,9.52,45.1,93.77,1,14.2,15.49,98.59,61.97,16.9,12.68,9.86,0,0,0,0,0,2.82,2.82,1.41,1.41,8.45,9.86,12.68,8.45,15.49,0,22.54,8.45,4.23,1.41,1.41,4.23,5.63,1.41,4.23,1.41,0,4.23,12.68,2.82,0,1.41,2.82,15.49,5.63,1.41,1.41,4.23,1.41,2.82,7.04,2.82,4.23,0,4.23,0,0,1.41,0,4.23,1.41,2.82,0,0,0,7.04,11.27,1.41,15.49,1.41,7.04,7.04,0,1.41,1.41,0,0,4.23,2.82,0,0,0,0,0,19.72,7.04,7.04,0,0,0,0,0,5.63,0,0,0,0
2025-02-25 11:49:31,2025-02-25 11:50:26,0,19,54,0,2025-03-04 11:50:27,R_8yPcPwwjQU9gffz,anonymous,EN,4,KA,DA,4,3,1,1,,1,0,0,1.556,0,,,,,,,,,,,,,,,,,,,,,,,,,,,,,,,,,,,,,,,,,,,,,,,,,,,,,,,,,,,,,,,,,,,,,,,,,,,,,,,,,,,,,,,,,,,,,,,,,,,,,,,,,,,,,,,,,,,,,,,,,,,,,,,,,,,,,,,,,,,,,,,,,,,,0,0,17785,,,1,0,,,,,,,,,,,,,,,,,,,,,,,,,,,,,,,,,,,,,,,,,,,,,,,,,,,,,,,,,,,,,,,,,,,,,,,,,,,,,,,,,,,,,,,,,,,,,,,,,
2025-03-05 14:13:53,2025-03-05 14:58:49,0,100,2696,1,2025-03-05 14:58:50,R_9IKGicKZ7NQ7FbJ,anonymous,EN,4,Lo,Jö,9,9,1,3,1,1,0,0,6.049,0,0.869,236.497,300.114,20,"Mein Chef hatte in der Vergangenheit schon des Öfteren mit Auseinandersetzungen mit seinem Vorgesetzten zu kämpfen. Da er ein sehr temperamentvoller Mann ist, tendiert er dazu, sich schnell in Rage zu reden und teilweise auch sehr hitzig auf Konflikte zu reagieren. Sein Vorgesetzter hat ihn daraufhin zu einem Gespräch in seinem Büro gebeten. Dort wurde ihm mitgeteilt, dass er aufgrund seines wiederholt passiv aggressivem Verhalten nun leider entlassen wird, was für uns Angestellte als Überraschung kam, da er sonst eine tolle und ordentliche Arbeit gemacht hat und uns als Team immer unterstützt hat.",heute vormittag,9,5,7,2,3,5,6,2,1,7,0,0,79.322,0,1.009,220.19,300.113,25,"Ich habe mit meiner besten Freundin den Sommerurlaub geplant. Wir haben per Video telefoniert und alle genauen Details besprochen, uns auf ein Datum und Hotel geeinigt und dann schließlich den Urlaub gebucht. Im Anschluss darauf haben wir recherchiert, wie das Wetter werden soll und anhand dessen geplant, was wir in der Zeit während unseres Aufenthalts unternehmen wollen.","Es war kurz vor Weihnachten 2024. ich bin mir sicher, es war der 13.12.2024",74,5,6,7,7,3,6,11,7,3,0,0,3.273,0,0.883,298.263,300.008,11,"ich war auf einer Geburtstagsparty eines guten Freundes eingeladen. Da ich noch nicht volljährig war, habe ich mit meiner Mutter abgesprochen, dass sie mich um 02:00 nachts abholt. Mein damals bester Freund ist dann mit einem anderen, mir unbekannten Freund von ihm, auch auf der Party erschienen, worüber ich mich im ersten Moment gefreut habe. Rasch bemerkte ich aber den Alkoholgeruch in seinem Atmen. Ich wollte gerade zur Toilette gehen, als ich bemerkte, dass die beiden Jungs mit hinterhergehen. Da ich ihn kannte,. dachte ich mir nichts dabei. Jedoch hat er sich dann plötzloch vor mich gestellt und mir somit den weg versperrt. ich hatte einen rock an. Sein Freund hat mich festgehalten und ich habe ihn gebeten,. loszulassen. Das tat er aber nicht. Stattdessen hat mein bester Freund mir unter den Rock gegriffen, worauf hin ich ihn zur Seite schubsen wollte. Daraufhin hat er mir ins gesicht geschlagen und gelacht",5,5,5,1,6,09.11.2019,54,7,7,1,7,7,7,11,7,7,0,0,2,4,2,1,0,0,3,3,4,0,0,0,3,0,4,1,0,3,3,0,0,0,0,2,0,0,0,0,3,1,0,2,0,0,0,0,2,0,0,4,4,3,4,4,4,4,4,3,3,1,2,"1,2",6,6,"1,2,3",3,"1,2,3","1,3","3,6",3,"2,3","2,3",3,1,"2,3","1,2,3",8,2.121,52.126,120.111,3,"pusteblume, pflaster, protest, pfingsten, prognose, paradontose, perlmutt, primzahl, polster, poster, paparazzo,",1.722,1.722,120.118,1,"affe, hund, katze, maus, löwe, pferd, koala, wallabee, hai, orka, fisch, hase, tiger, panther, giraffe, elefant, hyäne, spinne, käfer, zecke, igel, robbe, bär, krokodil, raupe, zebra, jaguar, gepard, floh,",22,2,2,4,5,1,,80,30,17968,30,0,1,152,1.23,14.44,96.57,96.82,10.86,18.42,93.42,66.45,26.32,23.68,15.79,0,0,0,0,0,7.24,7.24,0.66,2.63,6.58,11.18,14.47,5.26,13.16,1.97,20.39,5.92,1.97,1.32,1.97,1.32,5.26,4.61,0.66,0,0.66,0,15.13,1.32,3.95,0.66,5.26,15.79,3.95,1.97,2.63,0.66,1.97,5.92,0.66,0.66,0,0,2.63,1.32,0.66,0.66,0.66,9.21,3.95,3.95,0,1.97,0.66,9.87,5.92,0,15.13,1.32,7.89,7.24,0,2.63,0,0,0,0,1.32,0,0.66,0,0,0,15.79,8.55,6.58,0.66,0,0,0,0,0,0,0,0,0
2025-03-05 18:45:54,2025-03-05 19:40:50,0,100,3296,1,2025-03-05 19:40:51,R_8cjZFEbAmwOUDNT,anonymous,EN,4,CO,HA,5,3,1,1,,1,0,0,20.671,0,0.771,257.032,300.137,13,"Es ist eine Sache die immer wieder vorgefallen ist. Undzwar hat mein jüngerer Bruder mich als Kind immer wieder verprügelt. Er konnte seine Emotionen nicht zügeln und wenn ich etwas gemacht habe, das ihn irgendwie getriggered hat, ist er auf mich zubekommen und hat mich geschlagen und Sachen gemacht, wie sich auf meinen Kopf zu setzen oder meine Beine hinter meinem Kopf zu verschränken. Es fiel mir schwer, mich gehen ihn zu wehren, da er gut mit seiner Kraft umgehen konnte, aber er hat mich auch nie verletzt, es tat nur in dem Moment sehr weh.",wahrscheinlich so 2012,69,5,2,3,3,3,5,11,2,6,0,0,49.235,0,0.888,200.779,300.033,4,"Ich habe mit einer Freundin die Serie Supernatural geschaut und sie ist sehr emotional in dieser Serie drinne, vor allem in ein Ship zwischen zwei Hauptcharaktären hat es ihr sehr angetan und die beiden haben ein sehr schlimmes Ende. Ihr geht es sehr schlecht damit und wir haben das in der Erwartung dass es mir damit auch schlecht geht geschaut. Es war aber nicht so, es war mir sehr egal und ich musste dann um ihre Gefühle nicht zu verletzen so tun, als würde es mich auch belasten. Bzw ich tue es to this day noch, also es ist nicht schlimm, weil ich gut lügen kann, aber naja nicht der optimale Zustand halt, wahrscheinlich aber besser als wenn mich das Ende der Serie am Boden zerstört hätte.",Oktober 2024,64,5,1,4,4,1,6,8,5,7,0,0,27.468,0,0.991,269.421,300.115,5,"Ich war in der sechsten Klasse und eine Freundin und ich hatten beide nicht am Sportunterricht teilgenommen. Dementsprechend hatten wir uns während die anderen Sport hatten viel unterhalten und sie hat generell immer von vielen schlimmen Sachen erzählt, die ihr passiert sind, aber an dem Tag war was vorgefallen, weswegen sie immer wieder sagte, sie wöllte sich umbringen. Wir sind dann früher von der Sporthalle zurückgelaufen und wir kamen ins Schulhaus und sie meinte, sie würde sich jetzt wirklich umbringen und ist zu den Toiletten - wo es aus unerklärlichen Gründen eine Kabine mit Fenster gab, in welcher sie sich einsperrte. Ich bin weggerannt und habe heulend nach einer Lehrkraft gesucht. Ich fand eine, diese verstand zuerst den Ernst der Lage nicht so richtig, weil sie mir Fragen stellte wie ob ich mich auch umbringen wölle. Wir fanden die Freundin dann im Klassenzimmer auf, um sie wurde sich im Nachhinein sehr schlecht gekümmert, um mich nicht lol",3,5,3,5,6,im Frühling 2015,24,6,5,1,5,6,6,11,5,5,0,0,0,0,1,1,1,2,4,0,3,4,2,3,3,1,2,2,4,1,2,1,1,1,2,3,0,1,2,1,2,3,1,1,0,2,2,2,1,1,2,3,2,1,1,1,2,3,3,1,2,6,6,"2,3,6","3,6",6,"3,6",6,"3,6","3,6",6,6,"3,6","3,6",6,"3,6",6,"3,5",13,1.727,118.676,120.031,5,"Pflaster, Paket, Punk, Pfanne, Pisse, parken, Pflaume, pendeln, paddeln, Panne, Penis, pennen, parallel, Pilot, Pfeil, Pommes, Pauken,",1.27,20.781,120.027,2,"Affe, Elefant, Nilpferd, Löwe, Alpaka, Katze, Hund, Fisch, Faultier, Tiger, Ameise, Vogel, Zebra, Dromedar, Kamel, Giraffe, Huhn, Igel, Jaguar, Känguru, Maus, Orangutan, Papagei, Qualle, Rabe,",22,2,4,5,5,2,"Ich war mir nicht ganz sicher, was mit der neutralen Situation gemeint war",84,34,17464,34,1,1,156,28.4,79.15,34.29,3.26,26,25,89.74,62.82,20.51,16.67,5.13,3.21,0.64,0,0.64,0,5.77,5.77,5.77,3.85,8.97,11.54,10.9,3.21,12.82,1.92,17.31,5.77,1.28,3.85,1.28,2.56,6.41,2.56,3.85,0,1.92,1.92,19.23,0,1.28,1.28,0,14.1,2.56,1.28,1.28,1.92,3.85,4.49,1.28,0.64,0.64,0,1.28,0,0.64,0,0,7.69,5.13,1.92,0.64,0,0,11.54,4.49,0,15.38,1.28,8.97,5.77,2.56,0.64,0.64,0.64,0,1.92,3.21,0,0.64,1.28,0,0,10.26,3.21,6.41,0,0,0,0,0.64,0,0,0,0,0
2025-03-06 16:30:34,2025-03-06 17:18:28,0,100,2873,1,2025-03-06 17:18:29,R_8m9PsviFoGorBpF,anonymous,EN,4,TE,BI,4,9,1,3,1,1,0,0,1.7,0,3.941,299.965,300.209,28,"Als ich noch zur Schule ging, erfuhr meine beste Freundin bei einer Pyjamaparty bei mir zu Hause, dass bei ihrer Mutter Krebs diagnostiziert worden war. Wir waren gerade von einem Spaziergang zum nahegelegenen Laden zurückgekommen, wo wir jede Menge Snacks und Süßigkeiten für den Abend gekauft hatten. Es war Sommer, also war es heiß und wir hatten jede Menge Spaß und fühlten uns während der Feiertage frei. Wir kamen zu mir nach Hause und meine Mutter sagte uns, dass ihr Vater mit ihr reden müsse. Er rief an und sagte ihr, dass die Tests positiv ausgefallen seien und ihre Mutter Krebs habe. Sie müssten für weitere Tests im Krankenhaus bleiben, also müsse meine Freundin bei uns zu Hause bleiben. Meine Freundin war verstört und verängstigt. Wir verbrachten die Nacht in meinem Keller, aßen alle Snacks und Süßigkeiten und sahen uns Filme an, bis wir auf dem Ledersofa einschliefen. Wir sahen uns lustige Filme an, um uns besser zu fühlen, aber ich merkte, dass meine Freundin zerstört war. Ich hatte Mitleid mit ihr, wusste aber auch nicht, wie ich ihr in diesem Moment helfen konnte, was mich nervös und hilflos machte.",August 2012,83,3,5,2,3,4,5,6,3,4,11.382,45.202,74.659,2,6.26,253.315,302.835,62,"bevor wir letztes Jahr Weihnachten mit meine Eltern und meine Familie verbracht haben, verbrachten mein Freund und ich einen Abend damit, alle Geschenke einzupacken, die wir füreinander und für meine Familie bekommen hatten. Einen Abend gingen wir zum Haus meiner Eltern und nutzten ihre Parkgarage, die sie zu einem Kunstraum für meine Mutter umgebaut hatten. Dort hatte sie jede Menge verschiedenes Geschenkpapier, Klebeband, Aufkleber, Anhänger sowie Bänder und Schleifen hinterlassen. Mein Freund und ich machten Weihnachtsmusik an und legten außerdem ein YouTube-Video im Fernseher ein, auf dem ein Feuer und knisternde Geräusche abgespielt wurden, sodass es gemütlich war. Das Zimmer war etwas kalt und zugig, aber die Heizung hielt die Temperatur auf einem akzeptablen Niveau. Wir verbrachten ungefähr eine Stunde damit, alles einzupacken, und ich half ihm, alle Namen richtig zu buchstabieren. Nachdem wir fertig waren, trugen wir alle Geschenke zum Haus meiner Eltern, was ein paar mal über den verschneiten und vereisten Weg zum Haus bedeutete, aber glücklicherweise fiel niemand hin.",23 Dezember 2024,18,4,3,5,5,2,6,3,6,7,0,0,2.734,0,18.911,298.958,300.089,32,"Als ich für die Universität nach Heidelberg umzog, verbrachte ich etwa eine Woche bei einem Mann, den ich seit einigen Monaten kannte. Wir waren locker zusammen und ich war für ungefähr eine Woche in seiner Wohnung, während ich nach einer Wohnung in der Nähe der Uni suchte. Ich leide unter Vaginismus, d.h. ich kann nicht penetrieren. Er wusste das, also wurden wir nie sehr sexuell, aber wir küssten uns. Eines Nachts beschloss er, dass er meinen Vaginismus „heilen“ könnte, wenn er versuchte, mich zu penetrieren, ohne dass ich etwas erwartete. Also legte er sich eines Nachts, als ich in seinem Bett lag, von hinten auf mich und versuchte, mich ohne meine Erlaubnis zu penetrieren. Es verursachte mir große Schmerzen und ich war in dem Moment sehr verwirrt, aber ich wusste nicht, was ich tun sollte, außer zu fragen, ob ich auf die Toilette gehen könne. Ich blieb eine Weile dort, er hatte Fußbodenheizung, also setzte ich mich auf den Boden. Irgendwann musste ich für die Nacht wieder schlafen gehen, ich konnte nirgendwo anders hin und obwohl ich mich verletzt fühlte, hatte ich es noch nicht vollständig als Angriff verarbeitet. Er blieb ziemlich ruhig und ich war angespannt, schlief aber schließlich ein. Sein Zimmer war sehr modern eingerichtet. Er hatte eine große Kommode mit Spiegel und komplett schwarze Möbel. Zu der Zeit brannte kein Licht, nur das Licht kam durch das Balkonfenster herein.",5,5,5,1,5,September 2021,39,3,5,2,4,6,4,3,2,3,0,0,1,0,1,1,1,0,1,0,1,0,1,0,0,0,0,0,1,1,1,0,0,0,1,0,0,1,0,0,0,0,1,0,0,0,0,1,0,0,0,3,3,3,3,4,3,3,3,3,4,6,6,2,3,6,6,3,1,1,6,6,"2,3",3,3,6,3,6,8,0.722,93.826,120.019,7,"Peperoni, Pizza, Pfirsich Pfeifer Pony platschen Pfeffer Platz Parkplatz Park Prinzessin Polio popo plant",1.118,1.118,120.013,1,Hund Katze Löwe Igel Faultier Schlange Zebra Giraffe Ente Eichhörnchen Elefant Fische Hase Schaf Bär Schnecke,28,2,4,4,5,1,,46,9,14662,9,0,1,233,14.48,11.74,99,26.27,16.64,19.31,92.7,63.09,23.18,19.31,12.02,1.72,0,0,0,0,5.15,5.15,0,3,9.01,12.88,9.87,7.3,11.16,3.43,18.88,4.29,1.72,0.86,0,3.43,5.58,3,2.58,0.86,0.43,0.86,9.87,0.43,0,0,3.86,20.17,3.86,2.15,3.43,5.15,3.43,7.73,3,0.86,0.43,1.29,3,1.29,1.29,0.43,0,7.73,3,3,1.72,0,0,12.02,0.86,0.86,23.61,3,12.88,9.01,2.15,1.29,2.58,0,0,0,0.43,0,0,0,0,0,16.74,6.44,9.87,0,0,0,0,0,0.43,0,0,0,0
2025-02-27 09:01:51,2025-02-27 19:55:43,0,2,39232,0,2025-03-06 19:55:47,R_22st7HF2SJg2jbn,anonymous,EN,4,,,,,,,,,,,,,,,,,,,,,,,,,,,,,,,,,,,,,,,,,,,,,,,,,,,,,,,,,,,,,,,,,,,,,,,,,,,,,,,,,,,,,,,,,,,,,,,,,,,,,,,,,,,,,,,,,,,,,,,,,,,,,,,,,,,,,,,,,,,,,,,,,,,,,,,,,,,,,,,,0,0,16765,,,1,0,,,,,,,,,,,,,,,,,,,,,,,,,,,,,,,,,,,,,,,,,,,,,,,,,,,,,,,,,,,,,,,,,,,,,,,,,,,,,,,,,,,,,,,,,,,,,,,,,
2025-03-06 19:56:12,2025-03-06 20:34:02,0,100,2270,1,2025-03-06 20:34:03,R_8CIL3yVyexLex79,anonymous,EN,4,RA,LE,22,7,3,3,1,1,0,0,6.25,0,1.057,294.079,300.019,8,"Ich hatte einen Wildunfall mit meinem Auto, bei dem ich ein Wildschwein angestoßen habe. Es war ziemlich auf der Stelle Tod. Als meine Airbags geöffnet wurden, bin ich aus dem Auto gestiegen und habe angefangen zu weinen. Ich habe noch gesehen sie es leicht gezuckt hat. Meine Auto war wegen des Frontalcrashs Totalschaden. Ich hatte bis auf kleine Verbrennungen an der Hand (wegen dem Airbag) und leichte Schmerzen unter meinem Schulterblatt, keine weiteren Verletzungen. Ich habe viel geweint, wegen dem Tier. Als es vom Förster abgeholt wurde, habe ich mich auf mein Auto konzentriert. Es war mein erstes Auto und ich hatten bis dahin noch keinen anderen Unfall. Ich war dankbar dafür sass viele Menschen angehalten haben und mir alles abgenommen haben, ich musste mich um nichts mehr kümmern. Ich mag es zwar bis heute es immer noch nicht, wenn ich die gleiche Stelle wieder fahren muss. Ich bin dann sehr angespannt, würde es aber nicht mehr als traumatisch einstufen.",09.03.2023,3,4,4,4,5,4,5,11,7,4,0,0,0.975,0,0.632,2.347,300.017,2,"Ich hatte einen Reitunfall als ich 14 war, bei dem ich auf meinen unteren Rücken gefallen bin. Ich lag eine längere Zeit am Boden, weil ich nur schwarz vor den Augen sah. Ich war aber bei Bewusstsein. Nach einiger Zeit konnte ich wieder aufstehen. Ich hatte sehr starke Schmerzen im Rücken, dennoch bin ich wieder auf das Pferd geklommen, weil ich wusste, dass ich ansonsten zu viel Angst davon hätte. Bis auf einige Prellungen und Schmerzen verlief es gut und bin dann gleiche Pferd in der Woche und auch in den folgenden Jahren immer wieder geritten.",08.2015,10,4,2,4,4,2,4,11,7,6,12.314,12.314,12.331,1,2.127,299.133,300.009,15,"Meine Schwester hat mich nach draußen gerufen., weil mein Hund seltsam geatmet hat. Er hat hyperventiliert und bekam offentsichtlich keine Luft mehr, da seine Zunge auch schon blau angelaufen ist. Nachdem wir mehrere Tierkliniken angerufen haben, haben wir endlich eine gefunden. Wir musste meinen Hund aus den Büschen ziehen, da sie sich dahin zurückgezogen hat. Gemeinsam habe wir sie ins Auto gebracht und mussten noch 35 Minuten fahren um in die Tierklinik zu kommen. Dort angekommen, wurden Test gemacht und einen Ultraschall. Uns wurde mitgeteilt, dass sie eingeschläfert werden muss. Ich bin mit ihr aufgewachsen. Sie ist zwei Tage vor ihrem 15 Geburtstag gestorben. Ich war 21.",2,5,3,3,5,23.08.2023,0,5,7,2,6,7,6,11,7,2,3,3,4,4,3,4,4,0,1,2,2,3,3,3,1,0,2,1,2,4,1,1,2,1,2,1,2,3,3,2,1,2,2,2,1,2,2,2,2,2,1,3,4,4,2,3,3,4,3,2,3,6,2,1,2,6,3,3,"3,5",6,6,6,3,4,3,3,3,6,17,5.158,110.98,120.019,7,"Papagei, polizei, Protokoll, Punkten, Pistole, Plage, Plakat, Pünktlichkeit, Passivraucher, Pessimismus, Puppen, Positivität,",2.542,116.188,120.011,10,"Elefant, Hund, Pferd, Katze, Tiger, Löwe, Maus, Pinguin, Papagei, Pelikan, Ratte, Fledermaus, Fisch, Kuh, Reh, Wildschwein, Fuchs, Esel, Giraffe, Luchs, Zebra, Qualle, Wal, Delfin, Otter, Schnecke,",23,2,4,6,5,1,,117,49,17875,49,1,1,107,2.33,92.21,58.17,5.49,10.7,27.1,88.79,57.94,20.56,18.69,5.61,4.67,0.93,0,0.93,0,7.48,7.48,5.61,1.87,3.74,7.48,16.82,2.8,11.21,0.93,27.1,3.74,0.93,0,3.74,2.8,0.93,0,0.93,0,0,0,19.63,1.87,0.93,0.93,0.93,13.08,3.74,3.74,3.74,0,2.8,0.93,3.74,0.93,1.87,0,2.8,0.93,0,0,0,9.35,6.54,1.87,0,0,0,13.08,8.41,0.93,24.3,5.61,10.28,9.35,0.93,1.87,0,0,0,0.93,0,0,0,0,0,0,15.89,10.28,5.61,0,0,0,0,0,0,0,0,0,0
2025-03-07 19:42:26,2025-03-07 20:27:21,0,100,2694,1,2025-03-07 20:27:21,R_2s0Z1JD5BdfZ9Uy,anonymous,EN,4,IL,PE,5,6,3,1,,1,0,0,5.188,0,1.441,58.588,300.123,3,"Ich hatte Nachtschicht mit einem Kollegen. Er trug keine ausnahmsweise nicht seine Dienstkleidung die Uniform sondern eine sehr enge Jeans. Es war deutlich zu sehen, dass er erregt war. Er wollte unseren Kollegen aus dem Zimmer schicken, hat angefangen mich zu begrabschen. Ich habe versucht freundlich zu bleiben, da ich Angst hatte, dass er brutal würde, wenn ich zu aggressiv werde. Also habe ich ihn nur lächelnd weggeschoben. Es ist ihm gelungen seine Hand von hinten in meine Hose zu schieben. Wir trugen Uniformhosen, die sehr weit waren, der Bund steht hinten weg und so konnte er die Hand reinschieben. Er hat bis vorne durchgefasst. Es hat ihn noch mehr erregt. Wäre der Kollege aus dem Raum, hätte ich keine Chance gehabt. Es war sehr beängstigend. Wir waren gezwungen einmal im Monat Nachtschicht zu machen. Da ich es niemanden sagen konnte, habe ich mich immer krank gemeldet, wenn danach Nachtschicht war. Der Kollege hat sich bei mir entschuldigt. Aber das hat es nicht besser gemacht. Ich hatte immer Angst vor ih",Oktober 2008,11,6,7,1,7,6,7,11,7,1,0,0,8.783,0,1.968,86.596,300.118,5,"Ich war mit meiner Vorgesetzten Koordinatorin einen Kaffee trinken. Wir haben uns sehr gut unterhalten. Sie hat mir sehr gute Rezepte für den Airfryer gegeben und davon erzählt, dass sie selber Ingwer Shots macht und mir eine Flasche mitbringt. Wir haben beide einen Krapfen gegessen, weil gerade Fasching war und einen Cappuccino getrunken. Wir haben ausnahmsweise mal nicht oder nur wenig über die Arbeit gesprochen sondern uns nur privat unterhalten. Das hat mal gut getan. Ich habe mich wohl mit ihr gefühlt. Sie könnte eine gute Freundin von mir werden. Wir haben die gleiche Chemie, auch wenn sie deutlich jünger ist und Kinder hat im Gegensatz zu mir. Sie ist mir sympathisch. Und ich mag wie sie sich kleidet. Sie hat einen guten Style. Wir haben auch über Make up und Hautprobleme gesprochen, da wir beide Rosazea haben.",04.03.2025,1,1,2,4,1,4,7,11,7,7,0,0,164.33,0,4.354,262.11,300.009,5,"Ich bin in der Arbeit apathisch geworden. Es kam ein Rettungswagen, man hat mich zum Notarzt gebracht und anschließend ins Krankenhaus. Mein Puls war sehr hoch, ich war sicher einen Schlaganfall zu haben. Mein Kopf hat gesurrt, das Blut wurde zentralisiert, meine Arme und Beine waren ganz kalt und taub. Dann begannen alle Muskeln zu zittern. Ich habe nicht verstanden, was da mit mir passiert. Nach 3 Tagen in der Fast Track im Krankenhaus hatte ich mindestens 10 weiterer solcher Anfälle gehabt. Es war jedes Mal grauenvoll. Die Diagnose war am Ende dass ich Panikattacken habe. In den folgenden Wochen hatte ich oft mehrfach am Tag solche Panikattacken und kenne bis heute den Grund nicht.",1,1,5,1,7,Sommer 2009,50,5,5,3,4,7,5,11,1,5,0,0,0,0,0,0,0,0,0,0,0,0,0,0,0,0,0,0,1,2,0,0,0,0,0,0,0,1,0,0,0,0,1,1,0,0,0,0,0,0,0,4,4,4,3,4,3,3,3,4,4,2,1,2,3,6,4,4,1,1,6,4,1,1,1,3,6,1,12,2.966,37.899,120.022,3,"Pause, Planet, Plantage, Planetarium, Post, Porsche, Posaune, Petersilie, Pauke, Penalty, Peanuts, Pressen, Polizei, Perle, Pastinake, Pore, Polen, Partei, Probe, Prägen, Prangern, P",2.6,2.6,120.02,1,"Katze, Hund, Maus, Maulwurf, Ratte, Henne, Hahn, Delphin, Goldfisch, Wal, Seepferd, Pferd, Kuh, Ochse, Schaf, Ziege, Gemse, Hase, Steinbock, Stier, Widder, Elefant, Schildkröte, Krähe, Adler, Spatz, Amsel, Drossel, Fink, Star, Schlange, Spinne, Wespe, Bien",55,2,4,6,6,1,,42,3,18007,3,0,1,115,25.63,25.55,99,1,11.5,22.61,91.3,60.87,16.52,9.57,9.57,0,0,0,0,0,0,0,0,6.09,8.7,11.3,16.52,5.22,9.57,1.74,20.87,8.7,0,0.87,1.74,6.09,6.09,1.74,4.35,2.61,0,0.87,5.22,0,0,0,0,16.52,4.35,1.74,0.87,4.35,4.35,1.74,0.87,0,0,0.87,10.43,7.83,5.22,0,0,4.35,0,2.61,0.87,0,0.87,12.17,6.09,0,20,1.74,10.43,8.7,0.87,0,0,0.87,0.87,0,1.74,0,0,0,0,0,13.04,8.7,4.35,0,0,0,0,0,0,0,0,0,0
2025-03-07 20:19:35,2025-03-07 20:51:13,0,100,1898,1,2025-03-07 20:51:14,R_2SkQrcCPZRcX97E,anonymous,EN,4,UT,SE,16,4,1,1,,1,0,0,2.741,0,0.647,0.647,300.106,1,"Eine Freundin hat mich nicht zu ihrem Geburtstag eingeladen und mir anschließend erzählt, dass sie das Gefühl hat, sie ist mir wichtiger als ich es ihr bin. Ich hatte das Gefühl, alle meine Freunde zu verlieren und habe mich sehr einsam gefühlt. Außerdem ist die Angst aufgetreten, nicht liebenswert zu sein. Alle anderen aus dem Freundeskreis sind eingeladen worden und haben sich in meiner Anwesenheit darüber ausgetauscht, wie schön die Feier wird.",Vor 2 Jahren,70,5,6,2,6,5,5,9,2,6,0,0,9.418,0,0.715,0.715,300.11,1,"Ich sitze alleine in der Roten Beete. Ich esse mein tägliches Gemisch aus dem Buffet. Mir ist warm, es ist wegen der Gespräche der anderen sehr laut. Ich scrolle ein wenig auf meinem Handy. Ich fühle mich ein bischen gestresst und gelangweilt. Ich frage mich, was die anderen wohl von mir denken. Ich möchte so schnell es geht mit dem essen fertig werden.",Vor einigen Monaten,40,3,4,3,3,2,3,8,3,6,0,0,2.539,0,0.522,256.712,300.196,2,Mein Vater ist gestorben. An dem Tag habe ich mich in meinem Zimmer versteckt und sehr lange geweint. Ich wollte einfach nur noch verschwinden. Ich verfiel in eine tiefe Trauer und wusste nicht wie es weitergeht. Ich war voller Sorgen über die Zukunft. Ich habe mich sehr einsam Gefühlt.,1,5,5,5,5,Vor 8 Jahren,80,5,6,1,5,6,5,10,1,7,0,0,0,0,0,0,0,0,0,0,0,0,0,0,0,0,0,0,0,0,1,0,0,0,1,0,0,2,0,0,0,0,0,0,0,0,0,0,0,1,0,3,3,3,3,3,3,3,3,3,3,3,"2,3",6,6,6,1,6,6,1,6,6,6,6,6,3,6,6,9,0.677,106.101,120.007,3,"Plötzlich, Platz, Passend, Passiert, Plan, Phantom, Piano, Pflanze, Pilot, Putzen, Port,",0.861,0.861,120.006,1,"Affe, Giraffe, Elefant, Schnabeltier, Katze, Hund, Maus, Papagei, Echsen, Pferde, Zebras, Maultiere, Fische, Schweine, Kühe, Hühner, Schafe, Ziegen,",20,1,4,5,5,1,,35,0,5803,0,0,1,49,4.25,3.03,99,1,8.17,18.37,97.96,63.27,20.41,18.37,18.37,0,0,0,0,0,0,0,0,2.04,6.12,8.16,12.24,10.2,8.16,2.04,22.45,10.2,2.04,2.04,2.04,8.16,8.16,0,8.16,2.04,0,6.12,4.08,2.04,0,0,2.04,14.29,4.08,2.04,2.04,0,6.12,4.08,4.08,2.04,0,2.04,2.04,0,0,0,0,8.16,2.04,4.08,0,0,2.04,12.24,8.16,2.04,26.53,4.08,16.33,8.16,0,0,2.04,0,0,4.08,0,0,0,0,0,0,12.24,12.24,0,0,0,0,0,0,0,0,0,0,0
2025-03-11 07:33:21,2025-03-11 08:04:07,0,100,1846,1,2025-03-11 08:04:08,R_8EzuDdn0VcU8XSU,anonymous,EN,4,LI,CE,20,2,1,1,,1,0,0,9.386,0,1.143,92.381,300.017,4,"Ein Familienangehöriger meines Freundes hatte Demenz und befand sich bereits im Krankenhaus. Er bekam einen Anruf, er solle bitte schnellstmöglich ins Krankenhaus fahren und sich verabschieden soll. Er kam zu spät, genauso wie der Vater meines Freundes. Die Person war ihm sehr wichtig, bis heute macht er sich große Vorwürfe.",10.05.2020,80,5,6,2,3,6,4,2,3,5,0,0,2.821,0,18.406,230.455,300.01,12,"Ich bin alleine in einen weit entfernten Ort zum einkaufen gefahren. Ich stand eine Weile im Stau und wollte mir dann am Zielort zunächst was zu essen holen, was dann aber leider nicht schmeckte. Ich brachte die Portion zurück und erhielt eine Neue, was leider auch nicht schmeckte. ich zwingte mich dann aber dazu, dass zu essen, weil ich den Mitarbeitern des Restaurants das nicht nochmal antun wollte und mein Essen zurückbringe.",10.01.2025,75,3,3,4,3,2,4,8,5,7,0,0,17.065,0,1.77,1.77,300.015,1,"Mein Kindheitshund ist unerwartet sehr krank geworden. Ich bin früher von der Arbeit gegangen und als ich zuhause ankam, saß meine Mutter unten an der Treppe und wartete, bis ich ankam, während mein Hund oben vor Schmerzen jaulte. Sie konnte damit nicht umgehen, ich auch nicht. Und so saßen wir unten an der Treppe und weinten beide, während mein Hund oben alleine weinte. Ich mache mir deswegen bis heute Vorwürfe, obwohl es bereits 3 Jahre her ist. Wir kontaktierten den Tierarzt und fuhren mit ihm ca 20 Minuten später hin. Dort wurde er eingeschläfert. Dies geschah in meinem Auto auf der Rücksitzbank, weshalb ich kaum noch Autofahre. Die Tierärztin bat mich während des Prozess des Einschläferns zu kontrollieren, ob mein Hund noch atmete. Ich hielt meine Finger vor seine Nase aber konnte nichts sagen, mich nicht bewegen.
Bis heute denke ich täglich an dieses Ereignis, was ich alles falsch gemacht habe und das mein Hund das nicht verdient hat, so von uns zu gehen.",5,5,5,5,5,02.07.2022,20,3,7,1,4,6,6,3,6,2,1,2,1,3,3,4,4,3,4,4,4,2,2,1,1,1,2,2,3,4,1,1,2,0,2,2,0,1,2,2,2,1,2,2,1,2,1,3,2,2,1,2,2,3,2,3,2,3,3,2,3,3,3,2,2,6,3,3,3,2,3,6,1,1,5,3,6,2,14,1.842,118.956,120.112,5,"Pool, Planschbecken, Pause, Plus, Pink, Puzzle, Plaudern, Pflaume, Po, Pest",2.006,2.006,120.119,1,"Hund, Katze, Maus, Vogel, Wal, Ratte, Laus, Mücke, Fliege, Rabe, Seestern, Fisch, Floh, Robbe, Käfer, Delfin, Tiger, Löwe, Leopard, Gazelle, Reh, Hirsch, Gürteltier, Dachs, Ameisenbär, Blaumeise, Sch",25,2,4,4,4,1,,108,51,18031,51,1,1,164,6.18,10.3,99,1,14.91,20.12,91.46,62.8,20.73,16.46,12.2,1.83,0,0,0,0,2.44,2.44,0.61,3.05,6.1,14.02,9.76,8.54,15.24,3.05,19.51,4.27,1.83,1.83,1.22,3.05,5.49,1.22,4.27,0,0.61,2.44,8.54,0.61,0,0.61,0.61,18.9,2.44,3.66,0.61,1.22,3.66,7.93,1.22,0,0.61,0,4.27,2.44,1.22,0.61,0,8.54,2.44,3.66,1.83,0.61,0.61,9.15,5.49,0.61,28.05,4.88,12.8,12.2,1.83,0.61,0.61,0.61,0,0,1.22,0,0.61,0,0,0,13.41,6.71,6.71,0,0,0,0,0,0,0,0,0,0
2025-03-04 20:37:32,2025-03-04 21:02:27,0,2,1494,0,2025-03-11 21:02:29,R_2jVbdtbuNlkZO5N,anonymous,EN,4,,,,,,,,,,,,,,,,,,,,,,,,,,,,,,,,,,,,,,,,,,,,,,,,,,,,,,,,,,,,,,,,,,,,,,,,,,,,,,,,,,,,,,,,,,,,,,,,,,,,,,,,,,,,,,,,,,,,,,,,,,,,,,,,,,,,,,,,,,,,,,,,,,,,,,,,,,,,,,,,0,0,15931,,,1,0,,,,,,,,,,,,,,,,,,,,,,,,,,,,,,,,,,,,,,,,,,,,,,,,,,,,,,,,,,,,,,,,,,,,,,,,,,,,,,,,,,,,,,,,,,,,,,,,,
2025-03-13 07:40:30,2025-03-13 08:14:13,0,100,2022,1,2025-03-13 08:14:13,R_2coUQ248OpOmRNf,anonymous,EN,4,AN,SO,30,7,1,1,,1,0,0,3.397,0,1.009,157.06,300.011,2,"Das letze negative Ereignis an das ich mich erinnere ist die nicht bestandene Statistik 2 Klausur im Studium. Ich habe vorher noch nie etwas nicht bestanden und habe auch immer relativ gut bestanden. Eigentlich hatte ich auch Kleinanzeigen schlechtes Gefühl bei der Klausur, weil ich sehr viel dafür gelernt hatte. Zum bestehen hatte mir dann aber ein halber Punkt gefehlt. Das hat mich sehr frustriert und ich habe viel geweint, weil ich vorher noch nie in einer vergleichbaren Situation war. Ich habe auch ca. eine Woche gebraucht um wieder in einen psychischen Normalzustand zurückzukehren und mich wieder auf andere Klausuren und das lernen dafür konzentrieren zu können. 
Im Zweitversuch habe ich allerdings sehr gut (besser als erwartet) bestanden.",Das Erlebnis war letztes Jahr Ende Juni Anfang Juli.,94,5,7,2,2,3,1,11,5,5,0,0,2.849,0,2.871,2.871,300.01,1,"Meine letzte bestandene Klausur war eine 3,0. es ist nicht grade ein positives Erlebens gewesen, weil man besser hätte sein müssen. Aber auch nicht negativ, weil es bestanden war und man natürlich auch schlechter abschneiden hätte können oder nicht bestehen können.",Das Ereignis war Mitte Februar 2025,50,3,4,4,3,2,2,11,5,4,0,0,13.2,0,3.239,269.403,300.015,4,"In einem Praktikum als Hebamme war ich dabei wie eine werdende Mutter einen epileptischen Anfall hatte. Man durfte nichts tun und konnte nur zusehen. Das Kind hätte den errechneten Geburtstermin zwei Tage später gehabt. Aber aufgrund der starken Krämpfe der Mutter wurde das Kind zu Tode gekrampft von der Mutter. Danach musste die Mutter das Kind gebären und ich als Praktikant war dabei. Es war eine der schrecklichsten Erfahrungen, die ich im Praktikum erlebt habe. Im Nachhinein habe ich mich gegen das Hebammen Studium entscheiden und bin immer noch nicht über einige der Vorfälle hinweg, auch wenn es schöne Momente gab, kam ich nicht mit diesen Situationen klar. Zum Zeitpunkt war ich zwar erst 17, aber ich kann es mir auch später nicht vorstellen den Beruf nochmal zu verfolgen.",2,4,2,1,7,"Es war im Juli 2022, den genauen Tag weiß ich nicht mehr, aber es war anfangs des Monats.",67,7,7,1,5,5,4,10,3,2,2,1,2,4,3,4,2,1,1,4,3,3,2,3,2,0,0,0,1,2,1,0,1,0,0,2,2,1,2,1,2,3,1,1,2,1,0,3,3,2,1,4,3,3,2,1,3,3,3,3,4,1,2,2,4,6,5,6,1,1,6,6,6,2,2,2,6,1,13,3.249,58.104,120.009,2,Peter Puppe Paul Panda Pinie Papier Pappe Pappel Pinsel Puder Panorama Pandora Puzzle pink Piercing Plane Plan Photo Phantasie,1.95,43.81,120.109,7,Panda Bär Delfin Elefant Giraffe Löwe Nilpferd Schildkröte Katze Maus Hund Hase Pferd Affe Schwein Kuh Huhn Vogel Adler Yack Schaf Tiger Gepard Leopard Wildschwein,20,2,2,4,4,1,,98,40,17959,40,1,1,129,29.04,18,88.08,17.39,16.13,20.93,86.05,62.02,15.5,7.75,6.98,0,0,0,0,0,0.78,0.78,0,5.43,13.18,12.4,15.5,6.2,13.95,3.1,19.38,6.98,4.65,0.78,2.33,0.78,3.1,1.55,1.55,0.78,0,0.78,8.53,3.88,0,3.1,0,17.83,2.33,1.55,3.88,1.55,6.2,7.75,0.78,0,0,0,2.33,0.78,0.78,0,0,7.75,3.1,2.33,1.55,0,0,9.3,3.1,1.55,15.5,0.78,3.88,10.85,2.33,0,0,0,0,0.78,0,0,0,0,0,0,9.3,6.2,3.1,0,0,0,0,0,0,0,0,0,0
2025-03-13 11:56:39,2025-03-13 12:30:04,0,100,2005,1,2025-03-13 12:30:04,R_2kS3dIgrCavDYtJ,anonymous,EN,4,SA,MI,8,5,1,1,,1,17.885,17.885,23.526,1,0.685,296.731,300.022,3,"Eine sehr Enge Freundin erzählte mir, dass sie von einem Bekannten Ihrer Schwester Vergewaltigt wurde. Ich empfand in der Zeit sehr große wut und wusste am Anfang Überhaut nicht wie ich mit diesem Wissen und der Situation umgehen sollte. Sie weint fürchterlich und das einzige, was sich richtig anfühlte in der Sekunde war sie zu umarmen und ihr zu sagen, dass ich sie unterstützen werde. Ich hatte sie so noch nie erlebt und als Freundin erst 6 Monate nach der Tat zu erfahren war verletzend obwohl ich natürlich verstanden habe das sie damit selber klar kommen musste, bevor sie es mir erzählt.",Aug. 2023,47,6,5,2,5,4,4,9,5,3,0,0,2.945,0,0.687,108.185,300.133,3,"Ich war gestern beim Sport im Fitness studio. Es hat mir spaß gemacht und ich habe seit langem wieder überlegt mit meinem Kindheitsport anzufangen. Bin aber zu der Überzeugung gekommen, dass es sich momentan nicht lohnt.",gestern. 12.03.2025,2,2,2,4,4,2,2,5,2,7,0,0,2.615,0,0.98,262.059,309.776,5,"In der Zeit in der ich Jura studierte, wurde meiner Mutter Krebs diagnostiziert. Ich habe ein große Schwester und in dieser Zeit war sie weder für mich noch für meine Mutter da. Ich habe mich alleine um eine Kleinen Geschwister gekümmert, habe aufgehört zu studieren und habe in dieser Zeit eine Panikstörung entwickelt, die mein Leben stark beeinflusst hat. Diese Zeit hat mir gezeigt, dass ich mich im Notfall nicht auf meine Schwester verlassen kann. Dieses Misstrauen habe ich bis heute nicht abgelegt.",2,1,2,5,5,Okt. 2021,2,6,6,2,6,7,4,10,7,4,2,2,1,1,0,0,2,2,2,4,4,3,3,2,3,1,3,3,4,4,2,1,0,0,3,3,0,1,3,1,3,3,1,2,1,2,2,1,2,1,0,4,4,4,3,3,2,4,4,4,4,6,6,6,2,5,2,5,3,"1,2,3",6,6,2,1,5,5,2,1,8,2.231,2.231,120.011,1,"Portugal, Papagai, Pampa, Pool, Panzer, Panik, Pflanze, Pflaume, Piraten, Penis, Piepen, Portal, Planer,Plan, Preis, Psychologie, Peiniger",0.796,56.76,120.021,3,"Hund, Katze, Maus, Wurm , Käfer, Wal, Wombat, Delfin, Killerwal, Ratte, Meerschweinchen, Hamster, Pferd, Büffel, Ochse, Hase, Frettchen, Rabe, Taube, Specht, Schildkröte, Tiger, Löwe, Panter, Spinne, Kolibri, Adler, Feuerkäfer, Kuh, Panda,",24,2,1,4,5,1,,114,46,9178,46,1,1,83,19.53,8.27,99,1,16.6,21.69,96.39,65.06,21.69,16.87,15.66,0,0,0,0,0,1.2,1.2,1.2,4.82,7.23,13.25,14.46,2.41,9.64,3.61,21.69,3.61,0,0,0,0,7.23,2.41,4.82,1.2,0,2.41,10.84,6.02,2.41,4.82,0,15.66,3.61,2.41,0,0,3.61,4.82,1.2,1.2,0,0,4.82,0,3.61,0,0,13.25,6.02,2.41,4.82,0,0,6.02,10.84,0,22.89,1.2,12.05,10.84,3.61,0,0,0,0,0,0,0,0,0,0,0,10.84,6.02,4.82,0,0,0,0,0,0,0,0,0,0
2025-03-13 12:28:18,2025-03-13 13:17:55,0,100,2976,1,2025-03-13 13:17:56,R_3C14D4Q9gz1ze1l,anonymous,EN,4,FA,ZE,6,11,1,1,,1,2.986,2.986,3.742,1,0.629,124.171,300.12,5,"Als Kind hatte meine Mama sich mit unserer Nachbarin angefreundet. Sie hatte nicht im selben Gebäude gelebt sondern im Gebäude neben unserem. Sie war sehr alt und war körperlich sehr eingeschränkt. Ich glaube sie war in ihren 80ziger Jahren. Wir haben sie jeden Monat einmal besucht und meine Mama und sie Nachbarin hatten ein sich immer mit einfachen Geschenken beschenkt. Es handelte sich immer um etwas, was sie gerade Zuhause da hatten und was die andere Person vielleicht gebrauchen könnte. Zum Beispiel hat meine Mama ihr immer Obst oder Gemüse mitgebracht, was wir da hatten und die Frau hat uns zum Beispiel eine teekanne geschenkt , was sie nicht mehr brauchte. An einem tag sind wir zu ihrer Wohnung gegangen um ihr etwas zu schenken und da hing ein Zettel an der Tür, dass sie gestorben ist.",Ich war damals 7 Jahre alt. In 2003,90,5,5,1,5,6,5,2,4,4,27.36,27.36,41.83,1,0.764,208.469,300.018,8,"Jeden morgen bin ich mit meiner Mama zur Schule gelaufen. Wir hatten kein Auto deswegen sind wir immer zu Fuss gegangen, was ungefähr 20 Minuten gedauert hat.  Manchmal habe ich mein Roller benutzt. Ich bin damit ein Stück gefahren und bin dann irgenwann stehen geblieben und habe darauf gewartet, dass meine Mama mich einhold, dann bin ich wieder ein weiteres Stück gefahren und habe das dann wiederholt bis wir angekommen sind.",Es war zu meiner Grundschulzeit von der 1. Klasse bis zur 4.Klasse. 2002 bis 2006,85,2,4,5,3,5,5,3,4,6,0,0,1.542,0,0.825,0.825,300.133,1,"Mein Vater hatte Krebs und war sehr krank. Gegen Ende seines Lebens viel es mir aus irgendeinem Grund schwer ihn im Krankenhaus besuchen zu gehen. Er hatte seine Erinnerungen verloren und konnte sich sowieso nicht an uns erinnern. Er reagierte irretiert wann immer Jemand ihn besuchen kommt, darum hatte ich angst ihn zu sehen. Meine Mama hatte mich imemr gebeten ihn zu besuchen und ich hatte mich immer geweigert. Eines Tages hatte mich meine Mama wieder darum gebeten und diesmal war ich bereit ihn zu sehen und mich für immer von ihm zu verabschieden. Ich habe ihr mein ok gegeben und habe ihr gesagt, dass ich direkt morgen gehe. 2 Stunden später haben haben wir ein Anruf bekommen, dass er gerade gestorben ist. Ich habe nie tschüss sagen können und es ist meine schuld.",1,1,5,5,6,Ich war 19 Jahre alt. 2016,20,6,7,1,6,7,6,11,5,3,1,0,1,2,0,1,0,0,2,4,4,0,1,0,0,0,0,0,0,0,0,0,0,0,0,0,0,2,3,1,0,2,3,1,1,2,3,2,0,3,0,2,2,1,2,1,2,1,2,1,1,3,3,3,3,6,6,6,6,6,3,6,2,3,6,6,6,"2,3",12,5.469,5.469,120.021,1,"Post, Praktiken, Passport, Parkplatz, Presse, Pflicht, Prüfung, Party, Partei,",1.262,1.262,120.121,1,"Löwe, Katze, Hund, Ente, Eichörnchen, Kaninchen, Vogel, Tiger, Giraffe, Affe, Schlange, Elefant, Pferd, Schwein, Esel, Kuh, Hase, Maus, Fisch, Tintenfisch,",27,2,4,8,5,1,,54,16,18010,16,0,1,134,1.29,80.1,92.43,1,14.89,15.67,98.51,62.69,26.87,23.88,11.94,1.49,1.49,0,1.49,0,9.7,9.7,1.49,2.99,1.49,9.7,14.18,5.22,6.72,1.49,26.87,4.48,0.75,0.75,0.75,1.49,6.72,2.24,4.48,1.49,0,2.24,26.12,2.24,0,1.49,2.99,17.16,4.48,2.99,0.75,2.24,4.48,1.49,4.48,1.49,2.24,0.75,4.48,0.75,2.99,0,0,5.97,2.24,2.24,1.49,0,0,11.19,5.97,1.49,21.64,2.24,7.46,12.69,0.75,0,0,0.75,0.75,0.75,1.49,0,0.75,0.75,0,0,8.96,6.72,2.24,0,0,0,0,0,0,0,0,0,0
2025-03-15 20:13:37,2025-03-15 20:50:58,0,100,2240,1,2025-03-15 20:50:58,R_22RqxsDq0bnRRmb,anonymous,EN,4,An,An,1,2,1,1,,1,0,0,6.52,0,0.847,289.208,300.122,15,"Ich habe einen Auffahrunfall verursacht. Ich bin beim Abbiegen in eine Kurve mit circa 50kmh gefahren, und da war ein Auto vor mir, das ich nicht gesehen habe. Ich konnte bremsen aber nicht genügend und bin dem Auto aufgefahren. Es gab einen heftigen Ruck und ich habe mich sehr erschreckt. Das Paar das vor mir fuhr war auch sehr erschreckt. Es ist niemandem was passiert, das Auto war minimal verbeult an der stosstange. Aber das Paar war sehr schlecht gelaunt während wir auf die Polizei warteten. Ich habe mich tausend mal entschuldigt und sofort der Versicherung Bescheid gesagt die auch eine Werkstatt Kontrolle problemlos übernommen hat. Alles also gut gegangen aber trotzdem war das ein sehr unschönes Erlebnis, das mich auch ziemlich erschreckt hat, weil alles so schnell ging",vor 2 Jahren,39,4,4,1,3,2,5,11,5,6,0,0,9.186,0,0.742,285.024,300.032,14,"Ein Freund war zu Besuch und wir waren spazieren, da wurde er von einer Firma angerufen bei der er sich beworben hatte und musste weggehen zum telefonieren. Die Firma hatte aber letztlich keine Neuigkeit außer dass sie seine Bewerbung interessant fanden aber noch nicht Sagen konnten, ob die Stelle tatsächlich besetzt werden kann, weil die Förderung gerade unklar ist. Ich stand blöd in der Gegend rum, es war etwas kalt, aber die Aussicht auf den Fluss war schön. Trotzdem war ich eher genervt und etwas gestresst da ich noch etwas vorhatte und nicht wusste wie lange das Telefonat dauern würde. Er kam dann aber bald  und war etwas ratlos, was das Telefonat sollte. Danach redeten wir lange über unsere jeweiligen beruflichen Situationen",Am Dienstag vor vier Tagen,10,2,2,4,1,1,5,11,1,7,0,0,5.997,0,1.531,267.987,300.126,12,"Ich hatte schon mehrere Monate lang komische Symptome gehabt aber keiner von den vielen Fachärzten hatte was gefunden bis meine Blutwerte komisch waren und meine Hausärztin entschied, mich ins CT zu schicken. Als ich da raus kam war der Radiologe schon so komisch und sagte ich soll schnell zur LungenÄrztin gehen. Als die mich dann auch noch anrief wusste ich schon es ist was schlimmes. Am nächsten tag sagte sie mir was los war. Ein 10 cm Tumor zwischen meinen Lungen. Ich brach sofort in Tränen aus. Es stellte sich als ein lymphom heraus, eine krebsart. Meine Mutter ist an Krebs gestorben und ich war komplett verstört. Wusste nicht wie ich es meinem Vater und meiner Schwester sagen sollte. Das ist 6 Jahre her und zum Glück bin ich geheilt worden",1,1,1,5,7,Vor 6 Jahren,50,7,7,1,7,7,4,6,1,4,1,0,0,1,0,0,0,0,0,1,0,0,1,1,0,0,1,0,0,0,0,0,0,0,1,0,0,1,0,0,0,1,0,0,0,0,0,0,0,0,0,3,2,2,2,3,2,2,2,2,3,"1,3",6,3,6,6,"3,4",6,3,"1,2,3","3,4",6,"1,2,3","1,2,3,4",6,6,6,"1,3",12,1.183,111.599,120.006,12,Party Papa Papst Pfau Pfingsten Po Pups Penis Pfarrer Pumpe Punk Pudding pieksen,1.215,1.215,120.025,1,Katze Hund Pfau Pferd Delfin Erdmannchen Igel Maus Hase Rotkehlchen Elefant Giraffe Fisch Reh Hirsch Pony Strauss Kuh Känguru Kaninchen Wal Nilpferd Schlange,39,2,4,5,5,1,,32,6,18091,6,0,1,131,13.09,21.32,99,75.3,13.1,19.08,94.66,60.31,20.61,14.5,12.98,0,0,0,0,0,0.76,0.76,0.76,5.34,6.11,12.21,12.21,4.58,12.98,1.53,22.9,9.16,3.05,3.05,1.53,2.29,6.87,4.58,2.29,0.76,0,1.53,12.21,2.29,0.76,1.53,0.76,15.27,5.34,1.53,3.05,1.53,3.05,4.58,4.58,0.76,3.82,0,7.63,1.53,3.82,0,0,6.87,2.29,3.05,0,0.76,0.76,15.27,3.82,0,22.14,4.58,9.16,11.45,0,0.76,0,0,0,0.76,3.05,0,0,0,0,0,8.4,6.87,1.53,0,0,0,0,0,0,0,0,0,0
2025-03-10 10:11:27,2025-03-10 10:13:36,0,19,128,0,2025-03-17 10:13:40,R_2WUrwa7mMGFQdWe,anonymous,EN,4,ME,ME,25,1,1,1,,1,,,,,,,,,,,,,,,,,,,,,0,0,3.956,0,,,,,,,,,,,,,,,,,,,,,,,,,,,,,,,,,,,,,,,,,,,,,,,,,,,,,,,,,,,,,,,,,,,,,,,,,,,,,,,,,,,,,,,,,,,,,,,,,,,,,,,,,,,,,,,,,,,,,,,,,,,,,,,,0,0,17929,,,1,0,,,,,,,,,,,,,,,,,,,,,,,,,,,,,,,,,,,,,,,,,,,,,,,,,,,,,,,,,,,,,,,,,,,,,,,,,,,,,,,,,,,,,,,,,,,,,,,,,
2025-03-17 15:36:23,2025-03-17 15:43:30,0,100,427,1,2025-03-17 15:43:30,R_89mLXfU78ZPQiDu,anonymous,EN,4,BI,AB,3,6,3,3,2,,,,,,,,,,,,,,,,,,,,,,,,,,,,,,,,,,,,,,,,,,,,,,,,,,,,,,,,,,,,,,,,,,,,,,,,,,,,,,,,,,,,,,,,,,,,,,,,,,,,,,,,,,,,,,,,,,,,,,,,,,,,,,,,,,,,,,,,,,,,,,,,,,,,,,,,,0,0,18100,,,1,0,,,,,,,,,,,,,,,,,,,,,,,,,,,,,,,,,,,,,,,,,,,,,,,,,,,,,,,,,,,,,,,,,,,,,,,,,,,,,,,,,,,,,,,,,,,,,,,,,
2025-03-18 07:31:42,2025-03-18 08:21:34,0,100,2991,1,2025-03-18 08:21:34,R_8QMy4COMkPommEq,anonymous,EN,4,NI,MA,28,9,1,1,,1,0,0,18.288,0,1.285,297.516,300.016,23,"Meine Eltern haben sich dazu entschieden ein Haus zu bauen. Dabei ist ein Unternehmen pleite gegangen, wodurch eine hohe Verschuldung entstanden ist und das Haus aufgrund psychischem Stress bis heute nicht fertiggestellt wurde. Bei mir selbst erzeugte dieses Erlebnis eine große Scham ggü. Mitschülern und Freunden und drängt mich noch heute dazu, Hilfe zu stellen zu wollen un dieses Kapitel abzuschließen, die allerdings nicht so angenommen wird, wie ich es erwarte. Dadurch geriet bzw gerate ich regelmäßig in Stressphasen.",2001 bis heute,20,6,6,3,5,7,3,11,7,3,0,0,1.743,0,0.956,292.118,300.016,14,"Dieses Erlebnis mit dem besonders traumatischen Tauschen:
Ich fuhr als Kind mit meiner Schwester und meinen Eltern zum Rodeln in das Sauerland. Vor einer Ortseinfahrt auf einer Kreuzung passierte es dann. Ein großer Unfall ereignete sich vor unseren Augen. Zwei Wagen rasten ineinander, der eine würde dabei über einen Zaun katapultiert. Die aktiv am Unfall beteiligten wurden sehr stark verletzt und schrien. Eltern und Kinder saßen in den gecrashten Autos. Anschnallgurte wurden bei der Ersten Hilfe durch meine Elter durchtrennt. Ich saß mit meiner Schwester auf der Rückbank und durfte ni",1998,100,6,7,1,2,6,6,8,1,6,0,0,2.474,0,0.7,246.448,300.113,13,"Als Grundschüler habe ich mit einem Mitschüler durch ein abgestimmtes Vorgehen Pokemon-Karten bei in einem Schlüsseldienstgeschäft geklaut. Eines Tages wollten wir den Mädchen damit imponieren, die uns danach beim Ladenbesitzer verpfiffen haben. So wurden unsere Eltern darüber informiert. Im Klärungsgespräch mit meinen Eltern habe ich eine riesige Scham gespürt und bin in Tränen ausgebrochen.",5,5,5,5,1,1999,100,2,3,4,2,3,6,11,7,3,1,0,0,2,2,0,3,1,0,1,1,0,0,0,1,1,3,1,0,2,0,0,0,0,0,1,0,0,0,0,1,0,0,0,0,0,0,0,0,0,0,3,3,3,3,3,3,3,3,2,3,1,"3,6","2,3",3,6,6,6,6,3,3,3,3,6,6,6,6,6,3,5.142,5.142,120.014,1,"Penis, Pumpe, Puppe
Pinsel
Pistole
Pups
Platte
Psychose
Pflaume
Pflaster
Pickel
Pusteblume
Park
Pendel
Pistazie
Parmesan
Pille
Palmöl
Palme
Persien
Pumuckel",2.54,2.54,120.013,1,"Affe
Gans
Hund
Katze
Tiger
Löwe
Maus
Raupe
Bär
Vogel
Stier
Kuh
Ente
Ziege
Schaf
Käfer
Drache
Zebra
Wurm
Made
Elefant
Krokodil
Wal
Delfin
Fisch
Ochse",33,1,4,8,7,1,,50,19,,19,0,1,54,85.52,86.47,48.48,1.28,13.5,33.33,83.33,61.11,14.81,14.81,5.56,5.56,0,0,0,0,3.7,3.7,0,3.7,12.96,20.37,14.81,7.41,11.11,0,18.52,3.7,1.85,0,0,0,5.56,1.85,3.7,1.85,0,1.85,14.81,3.7,1.85,1.85,1.85,7.41,3.7,0,1.85,0,0,1.85,0,0,0,0,3.7,3.7,0,1.85,0,11.11,9.26,0,1.85,0,0,3.7,5.56,0,16.67,1.85,9.26,7.41,3.7,1.85,0,1.85,0,0,0,0,0,0,0,0,11.11,7.41,1.85,0,0,0,0,1.85,0,0,0,0,0
2025-03-19 13:10:07,2025-03-19 13:58:33,0,100,2905,1,2025-03-19 13:58:34,R_8f8ZbN6H4YHbku1,anonymous,EN,4,SW,SI,16,3,1,1,,1,0,0,89.373,0,5.095,295.123,300.024,13,"Ich wurde von meiner Oma angerufen, weil mein Opa einen neurologischen Anfall hatte und sie nicht wusste was sie tun soll. Meine Eltern waren nicht Zuhause. Der Anblick wie mein Opa aussah war sehr erschreckend für mich und ich hatte Angst das er jeden Moment stirbt, da er nicht mehr bei Bewusstsein wahr und sehr schwer geatmet hat. Wir haben den Rettungsdienste gerufen. Es hat sich angefühlt als wenn der Krankenwagen eine halbe Ewigkeit gebraucht hätte. Während wir gewartet haben, habe ich mich zu meinem Opa gesetzt und seine Stirn gestreichelt. Ich habe mich in dem Moment sehr hilflos und überfordert gefühlt.",18.11.2020,39,6,7,1,7,6,5,9,7,6,0,0,22.864,0,1.725,1.725,300.022,1,"Ich habe meiner besten Freundin bei ihrem Umzug geholfen. Ihre Familie und Freunde haben auch geholfen. Es war sehr chaotisch weil zu viele Personen gleichzeitig in der Wohnung waren. Das ist bereits ihr zweiter Umzug im letzten Jahr gewesen bei dem ich geholfen habe. Wir hatten einen Aufzug für die Möbel, was das Schleppen sehr erleichtert hat. Das Wetter war gut, weshalb es schon fast schade war, dass wir mit dem Umzug beschäftigt waren. Aber immerhin hat es nicht geregnet.",08.03.2025,8,4,2,4,5,2,5,4,5,3,0,0,2.465,0,2.573,227.65,300.011,9,"Als ich 6 Jahre alt war, hat mich mein damaliger Nachbar (13 Jhr.) mich gefragt ob ich zum Spielen raus komme. Er ist mit mir zu einem Schulhof gegangen der zwei Straßen weiter von unserer Straße war und hat mich in einem Gebüsch sexuell misshandelt. Er wollte das ich mich ausziehe. Danach hat er mich sowohl  mit seinen Fingern als auch mit seinem Mund an meiner Vagina berührt. Anschließend hat er mich gefragt ob ich ihn auch nackt sehen möchte und hat sich obwohl ich nein gesagt habe die Hose runter gezogen. Ich habe nicht wirklich verstanden was da eigentlich passiert. Ich wusste nur das es mir sehr unangenehm ist und ich nachhause möchte. Ich wollte eigentlich wegrennen aber ich hatte Angst das er mir dann weh tut. Ich habe 2 Jahre lang niemandem davon erzählt. Aber ich habe mich fast täglich gefragt was da passiert ist.",2,5,3,1,6,Sommer 2007,78,6,6,1,7,7,6,4,2,7,1,1,1,3,1,3,3,0,2,2,3,2,3,3,3,0,4,3,2,1,1,2,2,1,1,1,0,2,2,2,2,2,2,3,1,1,0,1,0,1,2,3,3,2,2,2,1,2,2,2,2,6,"2,6","2,6","3,6",5,1,"3,6",1,1,6,6,1,2,3,3,6,1,8,2.442,99.72,120.117,2,"Post, Popel, Pause, Pferd, Planet, Pommes, Pfau, Putzen, Petersilie, Pflaume, Pfeifen, Pelikan, Pusteln, Puzzeln, Paprika,",1.682,1.682,120.122,1,"Affe, Hund, Pferd, Maus, Hase, Reh, Igel, Katze, Vogel, Fisch, Raupe, Ameise, Krokodil, Löwe, Leopard, Gepard, Wolf, Bär, Fliege, Mücke, Gecko, Schlange, Wildschwein, Rind, Huhn, Elefant, Adler, Antilope, Giraffe,",24,2,4,8,5,1,,91,41,15784,41,1,1,147,1,10.3,99,7.78,13.36,20.41,93.2,66.67,29.25,24.49,16.33,0.68,0,0,0,0,6.8,6.8,0,4.08,4.76,10.2,15.65,6.8,14.97,1.36,24.49,6.12,1.36,2.72,2.72,0.68,3.4,1.36,2.04,0.68,0,0.68,12.24,0,0.68,0,3.4,15.65,4.08,1.36,2.72,5.44,1.36,6.8,1.36,0.68,0.68,0,7.48,3.4,1.36,2.04,0,2.04,0.68,1.36,0,0,0,8.84,10.2,0.68,17.01,4.08,8.16,6.8,0,0.68,1.36,0,0,0,3.4,0,0,0,0,0,9.52,7.48,0.68,0,0,0,0,0,0,0,1.36,0,0
2025-03-20 17:10:05,2025-03-20 17:46:55,0,100,2210,1,2025-03-20 17:46:56,R_2c0iY91rvWB2WHx,anonymous,EN,4,bi,Ju,17,8,1,1,,1,2.48,2.48,3.23,1,0.649,254.531,300.117,5,Ein negatives Erlebnis in meinem Leben war als ich eine schwere Nierenbeckenentzündung hatte. Ich hatte mich nicht ernstgenommen gefühlt von meinen Eltern. Ursprünglich wollten die auch gar nicht zum Arzt. Letztendlich sind wir dann Nachmittag (Nachts ging es bereits los) erst zum Kinderarzt der mich dann sofort ins Krankenhaus überwiesen hat. Dort hatte ich sehr hohe Entzündungswerte und Schmerzen. Zu dieser Zeit hab ich mich sehr allein gefühlt auch wenn ich jeden Tag Besuch hatte. Meinem damaligen Freund war es eher egal hatte ich das Gefühl. Ein anderer Freund kam mich eher besuchen als mein eigentlicher Freund ich glaube das war allein schon der Punkt wo ich hätte merken sollen dass diese Beziehung nicht gut ist und ich nicht gesehen werde. Meine Eltern kamen zwar vorbei aber sie konnten nicht wirklich Mitgefühl zeigen oder ich wollte es nicht sehen. Ansonsten kann ich mich nur noch daran erinnern dass das erste Antiobiotika nicht gewirkt hat und es dadurch noch länger gedauert hat. Die Mutter von einem damaligen Schulkollegen hatte zufällig auf der Station gearbeitet und hat mich regelmäßig in ihren Diensten besucht das war sehr süß von ihr. Im Großen und ganzen wollte ich es weg stecken als würde ich es selber durchstehen so wie ich es immer mache aber ich war nun erst 16,Vor fast 8 Jahren,65,6,6,2,6,5,5,9,5,5,0,0,47.701,0,2.309,285.351,300.02,13,Als meine Schwester wieder zurück in unser Elternhaus gezogen ist und sich von ihrem Mann getrennt hat und mit den Zwillingen wieder Nachhause gezogen ist. Meine Schwester war sehr gefasst für sie war die Trennung der einzige Mögliche Weg. Meine Mutter war emotional am Boden und konnte diese Entscheidung nicht nachempfinden für mich persönlich war es weder positiv noch negativ da ich über die Trennung grundsätzlich auch traurig war aber ich wusste dass es ihr nun besser gehen wird. Es war eher ein zerreißendes Gefühl aber auch voller Hoffnung. Die erste Zeit war schwer aber grundsätzlich ist die Familie dadurch auch besser zusammengewachsen. Das Leben in einem Haushalt war anstrengend aber da ich meine eigene Wohnung hatte musste ich mich nicht dauerhaft bei meinen Eltern aufhalten. Die Kinder waren sehr viel krank in der Zeit aber noch zu klein um zu verstehen was gerade passiert.,Vor zwei Jahren,35,5,5,4,3,6,1,2,2,6,0,0,2.221,0,0.533,297.885,300.019,7,Das schlimmste was mir passiert ist ist es herauszufinden das mein Partner denn ich fast 6 Jahre hatte mir 6 mal fremdgegangen ist. Mit insgesamt 3 Frauen mit jeder quasi 2 mal. Ich glaube hätte ich es nicht zufällig herausgefunden würde er es immernoch machen. Ich hatte auf seinem Handy in der Galerie ein komisches Bild von ihm entdeckt und hab dann angefangen das ganze Handy zu suchen bis ich Chatverläufe gefunden habe. Es ging nur um Sex. Bilder und dirtytalk und Sextreffen. Als erstes hab ich das Handy weggelegt und wollte so tun als ob ich das nicht gesehen hab insgesamt hab ich dann noch 3mal mir die Chatverläufe durchgelesen und hab Bilder gemacht. Er hat geschlafen und war betrunken. Ich habe die ganze Nacht nicht geschlafen hatte Panikattacken und Heulkrämpfe die ich auf der Toilette bewältigt habe und hab mich dann auf die Couch gesetzt und hab dort weiter geweint und darauf gewartet dass mir jemand zurück schreibt. Früh hab ich hingewelkt und zur Rede gestellt und ihn aus der Wohnung geworfen. Schlafen konnte ich an diesem Tag erst als eine Freundin kam und bei mir war. Ich wollte es ignorieren und vergessen war wütend sauer traurig enttäuscht und hab mich einfach falsch und eklig gefühlt. Ich wollte das einfach alles so ist wie früher und doch weiß ich dass es das nicht mehr wird. Jetzt weiß ich auch nach drei Wochen noch nicht wie es überhaupt weiter gehen soll und denke dass ich mich selber belüge.,1,5,4,5,6,Vor 2 und halb Wochen,0,2,7,1,7,7,3,11,6,4,3,2,3,4,1,1,0,0,2,4,4,3,2,3,0,1,1,2,3,1,1,1,1,2,1,0,2,1,3,2,1,1,3,1,1,1,1,0,1,2,0,3,3,3,3,4,2,4,3,2,2,3,3,"1,2,4","2,4",5,2,"2,4",3,1,6,6,"2,4","2,4","2,4","2,4","2,3,4",1,13,2.072,9.605,120.014,2,Paul Pelikan Peter Pan Papa Pegasus Papagei Paulaner Pups Partner Patent Patenschaft Pater Panter Papier Position Prozent Patient PISA Pause Papaya,1.759,104.574,120.005,6,Papagei Hund Katze Maus Ente Huhn Taube Pferd Esel Schaf Ziege Vogel Tiger Giraffe Elefant Löwe Hyene Ratte Käfer Insekt Spinne Marienkäfer Schmetterling Eisbär Pinguin Krabbe Muschel Tintenfisch Hai Qualle Otter Eichhörnch,23,2,4,6,5,1,,95,40,15811,40,1,1,249,1,22.01,95.08,3.68,17.79,19.28,94.38,65.46,20.08,12.45,10.44,0,0,0,0,0,2.01,2.01,0,4.82,6.43,8.03,16.06,7.23,20.08,2.01,25.3,8.84,3.21,1.61,4.02,2.81,6.83,2.81,4.02,0.4,1.2,1.61,9.24,0.8,0.8,0.8,1.2,19.68,3.61,1.61,2.41,4.02,3.61,4.42,4.42,2.01,1.61,0.4,4.42,1.2,0.4,0.4,0.8,6.02,0.8,3.61,0,0.4,1.2,10.04,6.02,1.2,16.06,1.2,7.63,8.84,0.4,2.01,0.8,0.4,0.4,0,1.2,0,0,0,0,0.4,5.62,5.62,0,0,0,0,0,0,0,0,0,0,0
2025-03-14 23:54:21,2025-03-15 00:20:19,0,84,1557,0,2025-03-22 00:20:20,R_20SNUl1DPXtwDpE,anonymous,EN,4,JE,IV,6,1,1,1,,1,0,0,0.907,0,0.636,0.636,300.05,1,"Schulische Leistungen die abfallen, weil es einem mental nicht gut geht. Nichts traumatisierendes aber auf jeden Fall eine negative Erfahrung, da hierdurch natürlich auch Druck von den Eltern kommt immer besser zu sein.",Immer,0,6,6,2,6,6,4,11,7,4,0,0,2.582,0,0.895,137.545,300.199,5,"Tod meiner Tante im Januar. Es war selbstverständlich traurig aber ich habe sie selten gesehen und hatte auch keine besonders intime Bindung zu ihr, dahingehend hat mich ihr Tod nicht wirklich lange belastet. Er belastet natürlich meinen Vater sehr, aber für mich persönlich war es kein super stark einschneidendes Erlebnis. Es ist 3 Wochen passiert, nachdem sich mein Ex von mir trennte und dies fiel mir deutlich schwerer. Vor allem in solchen Situationen hätte ich ihn definitiv gebraucht und habe ich ihn auch vermisst aber er hat sich gegen mich entschieden. Ich war nie gut genug.",Januar 2025,20,5,4,2,5,3,3,11,7,5,0,0,3.17,0,2.152,282.867,300.013,28,"Mein Vater hat meine Mutter und mich, meine Geschwister des Öfteren geschlagen. Er hat mich als dumm beleidigt und grundsätzlich viel beleidigt. Es war sehr traumatisierend. Ich fühle mich unwohl zuhause und denke dass ich niemals einem Mann wirklich vertrauen und mich an ihn binden kann. Mein exfreund vor dem ich mich vor 3 Monaten trennte war ebenfalls mir gegenüber nicht loyal und hat mir mein letztes Stück Hoffnung in Liebe und gute Männer genommen. Ich kann und möchte niemanden kennenlernen, da direkt Panik in mir aufbricht dass mir das gleiche wieder passiert, dass ich wieder nicht gut genug bin und am Ende des Tages im schlimmsten falle jemanden heirate der so ist wie mein Vater. Ich möchte besser sein als meine Mutter und meinen Kindern eine wunderschöne geborgene zeit ermöglichen. Weder mein Vater noch mein Ex-Partner sind schlechte Menschen, dennoch ist es schwer damit umzugehen und noch an das Gute zu glauben, vor allem zukünftig.",1,5,1,5,6,Seit meiner Kindheit,39,5,6,1,5,3,2,11,7,6,3,2,1,3,3,4,4,2,3,3,2,1,2,1,3,1,4,3,3,3,2,2,1,3,2,1,1,3,2,1,1,2,2,2,3,2,1,3,3,2,2,3,2,3,4,2,4,2,3,2,2,6,6,6,5,6,3,6,6,3,6,6,3,3,5,6,5,1,6,,,,,,,,,,,,,,,,,,119,51,18094,,,1,156,1.98,14.75,99,31.4,19.5,24.36,94.23,58.97,23.08,18.59,16.03,0,0,0,0,0,2.56,2.56,0,3.85,5.77,8.97,8.97,6.41,16.03,1.92,17.31,10.9,4.49,0.64,0.64,3.21,13.46,7.05,6.41,0.64,2.56,3.85,15.38,7.05,0.64,1.28,4.49,21.15,5.77,1.92,0.64,3.85,3.85,5.13,1.92,0.64,0,1.28,1.92,0,0,0.64,0,12.82,5.77,5.13,0,1.92,1.28,3.21,7.69,0.64,16.67,1.28,7.05,10.26,0,0,0.64,0,1.28,0,1.28,0.64,0,0,0,0,8.97,5.13,3.21,0,0,0,0,0.64,0,0,0,0,0
2025-03-25 14:23:07,2025-03-25 14:56:56,0,100,2028,1,2025-03-25 14:56:56,R_2QlyURcJuX9nqGQ,anonymous,EN,4,AN,TO,20,4,3,1,,1,0,0,1.626,0,0.829,0.829,301.078,1,"Eine Freundin von mir hat berichtet das sie von ihrem Opa sexuell misshandelt wird. Sie hat es angesprochen und wollte aber das man es niemanden weitererzählt. Ich hatte danach weiterhin ganz normalen Kontakt zu ihr. Irgendwann hat man das Ereignis vergessen. 2 Jahre später kam heraus, dass ihr Opa nun angezeigt wurde und sich die Ereignisse als wahr herausgestellt haben. Ich wurde sofort zurückgeworfen in die Zeit als sie mir davon berichtet hat. Man fühlte sich schuldig, da man nicht energisch genug drauf eingegangen ist, dass sie sich an Menschen wendet die ihr helfen können und ihren Opa rechtmäßig zu bestrafen. Ich habe mich daraufhin bei ihr gemeldet und mich bei ihr entschuldigt. Sie hat irgendwann den Mut gefasst sich einer Freundin der Familie anzuvertrauen und diese hat die notwendigen Schritte eingeleitet. Mittlerweile hat sie den Kontakt zu ihrer Familie abgebrochen und wohnt nicht mehr in unserer Gegend. Ich denke dennoch wenn ich dazu Berichte in den Medien lese von Menschen denen ähnliches widerfahren ist, sofort zurück an den Moment als sie mir davon berichtet hat.",16 also vor ca. 10 Jahren,51,2,4,1,2,6,3,1,1,5,0,0,2.316,0,1.049,77.798,300.134,2,"Vor 6 Jahren stand ich vor der Entscheidung zwischen einem Ausbildungsbetrieb in meiner Ortschaft und einer Firma 100km weit weg. ich entschied mich damals für den leichteren Weg und hab den Betrieb in meiner Ortschaft gewählt. Jetzt denke ich mir, wäre es die bessere Entscheidung gewesen den Betrieb weiter weg zu wählen. Ich bin dennoch hier glücklich studiere mittlerweile hier, aber manchmal denke ich mir was gewesen wäre wenn ich von Zuhause weggezogen wäre und einen ganz anderen Weg eingeschlagen hätte.",20 also vor 6 jahren,81,2,2,4,2,3,2,10,6,2,0,0,11.631,0,2.318,2.318,300.149,1,Ich war 5 Jahre alt und wurde zu meinem Nachbarn in den Garten gerufen. Er hat dort gerade Hasen geschlachtet mit einem Bauern. Diese Hasen habe ich in meiner Kindheit immer wieder gefüttert und gestreichelt. Ich habe gefragt ob das die Hasen aus dem Schupfen waren. Der Bauer lachte und meinte ja. Ich begann sofort zu weinen und habe mich über mehrere Jahre nicht mehr zu meinem Nachbarn getraut und wollte auch keinen Kontakt mehr mit ihm.,2,5,2,3,5,vor 21 Jahren als ich 5 Jahre alt war,70,6,7,2,5,5,2,11,3,4,1,2,0,3,1,1,1,2,0,2,1,3,2,2,0,1,2,1,1,0,1,1,1,0,1,2,1,0,1,1,1,0,1,1,1,1,1,2,0,0,0,3,3,2,2,3,3,4,3,3,3,3,3,1,3,3,3,6,"3,6","3,6","3,6","3,6","3,6","3,6","3,6","3,6","3,6","3,6",7,1.212,1.212,121.215,1,Platz Plätzchen Pause Pinkeln Pinzette Plazenta Pizza Panel Party Pumpernickel Pampers Playboy Priorisierung Penis Plüschbär Privat Penthouse Psychologie Paar Pups Pub Person Pyramide Panther Power Pirat,1.362,1.362,121.862,1,Panther Bär Maus Hund Katze Löwe Leopard Panda Schlange Vogel Giraffe Nilpferd Nashorn Fisch Hai Biber,26,1,4,5,4,1,,72,26,12940,26,0,1,77,24.5,34.68,99,81.63,12.83,15.58,90.91,58.44,18.18,14.29,10.39,0,0,0,0,0,3.9,3.9,0,3.9,7.79,12.99,14.29,2.6,12.99,2.6,22.08,5.19,2.6,1.3,1.3,5.19,5.19,3.9,1.3,0,0,1.3,12.99,0,3.9,0,1.3,9.09,2.6,0,2.6,2.6,2.6,2.6,1.3,0,1.3,0,2.6,0,1.3,0,1.3,1.3,0,1.3,0,0,0,11.69,6.49,0,24.68,0,14.29,11.69,0,1.3,3.9,0,0,0,1.3,0,0,1.3,0,0,7.79,7.79,0,0,0,0,0,0,0,0,0,0,0
2025-03-26 04:03:52,2025-03-26 04:05:02,0,100,70,1,2025-03-26 04:05:02,R_81ZVeHEDNG9NUC7,anonymous,EN,4,KH,MA,10,4,3,3,2,,,,,,,,,,,,,,,,,,,,,,,,,,,,,,,,,,,,,,,,,,,,,,,,,,,,,,,,,,,,,,,,,,,,,,,,,,,,,,,,,,,,,,,,,,,,,,,,,,,,,,,,,,,,,,,,,,,,,,,,,,,,,,,,,,,,,,,,,,,,,,,,,,,,,,,,,0,0,12613,,,1,0,,,,,,,,,,,,,,,,,,,,,,,,,,,,,,,,,,,,,,,,,,,,,,,,,,,,,,,,,,,,,,,,,,,,,,,,,,,,,,,,,,,,,,,,,,,,,,,,,
2025-03-27 11:22:10,2025-03-27 13:15:49,0,100,6819,1,2025-03-27 13:15:49,R_2dp2WZcg09Z8jQl,anonymous,EN,4,NA,AY,18,8,1,1,,1,0,0,5.769,0,0.722,0.722,300.032,1,"Ein recht negatives aber nicht traumatisches Erlebnis war der Trennungsgrund meiner Eltern. Wir waren im Urlaub, und dort gab es viele Streitereien zwischen meinen Eltern, da sich mein Vater sehr aufgespielt hat. Dies endete darin, dass ich meine Mutter und meine Schwerster in ein Hotel gegangen sind und mein Vater allein gelassen haben. Dieser hat uns dann in das Hotel verfolgt und uns dann beobachtet. Nach einem Streit hat er das Hotel dann verlassen und wir sind alleine zurück geflogen. Seit dem sind meine Eltern nicht mehr zusammen, es war jedoch auch eine Trennung die längst fällig gewesen ist.",es war der 12.09.2023,64,5,3,3,4,6,3,11,4,6,0,0,9.532,0,1.794,142.541,300.039,2,"Ich arbeite als Nachhilfelehrer mit Kindern und wir haben eine neue Mitarbeiterin, die zwischen den Kurswechseln mich öfter fragt, ob sie für 2min kurz Pause machen kann. Dies bejah ich natürlich immer, weil wir alle auf Augenhöhe arbeiten. Nur ist mir aufgefallen, dass die Mitarbeiterin vor die Tür geht bzw. ein Stück weiter um an einer E Zigarette zu rauchen. Dadurch dass ich nur Mitarbeiter bin, fande ich es recht interessant und weder stark positiv noch negativ bzw. die Situation an sich finde ich recht interessant.",vor genau 2 Wochen am Donnerstag also den 13.03.2025,71,3,2,3,4,2,5,9,5,6,0,0,8.692,0,0.947,0.947,301.88,1,"Der Tod meiner Tante war ein sehr emotionaler bzw auch schlimmer Moment, da wir diesen als Familie mitgegeben haben. Meine Tante lag im Koma  seit einem Monat. In dieser Zwischenzeit ist die jedoch einmal aus dem Koma aufgestanden und wir konnten mit ihr reden. An ihrem Todestag wurden wir von den Ärzten in das Krankenhaus gebeten, da ihr Zustand sich sehr schlecht war. Wir waren als Familie dabei. Ihre Medikamente wurden langsam verringert, sodass wir an den Geräten sehen konnten, wie immer langsamer ihr Puls schlägt. Als wir das Piepen hörten, ist eine Welt stehen geblieben. Einige Zeit später konnten wir sie alle nochmal ansehen und uns von ihr verabschieden.",1,5,5,5,5,es war der 16.10.2021,70,4,4,2,5,7,5,11,3,3,1,0,0,0,1,0,0,0,0,1,1,0,1,0,0,0,1,0,2,1,1,1,1,0,0,2,0,2,0,1,2,2,1,0,0,1,1,1,0,0,0,1,3,2,2,3,3,3,3,3,3,6,6,6,6,6,1,6,6,1,6,6,6,6,6,6,6,"5,6",13,4.088,4.088,120.023,1,"Penis, Publikum, Person, Persönlichkeit, Perfekt, Pinguin, Perücke, Penetrant, Passiv, Packung, Praktisch, Populärwissenschaftlichen, Passend, Praktisch, Privat, Print",1.54,1.54,120.143,1,"Affe, Ameise, Esel, Hund, Katze, Fisch, Esel, Ente, Vogel, spinne, Delfin, Wale, Spechte, Erdmännchen, Pferde, Schweine, Hühner, Schnecken, Kühe, Gänse, Fische, Hamster, Meerschweinchen, Wildschweine, Eisbären, Braunbären,",19,1,4,4,5,1,,51,9,12874,9,0,1,110,27.45,99,60.45,1,13.75,22.73,94.55,58.18,21.82,17.27,1.82,7.27,3.64,0,3.64,0,7.27,7.27,6.36,3.64,9.09,12.73,8.18,6.36,14.55,0,20.91,8.18,4.55,0.91,0,2.73,7.27,1.82,5.45,0,0.91,2.73,23.64,3.64,0,1.82,0,10,0.91,2.73,0.91,0.91,1.82,3.64,3.64,1.82,1.82,0,10,2.73,3.64,0.91,0,14.55,10.91,1.82,1.82,0.91,0,11.82,2.73,0.91,25.45,3.64,10,15.45,0.91,1.82,1.82,0.91,0,1.82,0,0,0,0,0,0,11.82,7.27,4.55,0,0,0,0,0,0,0,0,0,0
2025-03-21 21:06:12,2025-03-21 21:07:26,0,19,74,0,2025-03-28 21:07:32,R_1WVHFCE9VSU7TSN,anonymous,EN,4,OL,AN,8,10,1,3,1,1,,,,,,,,,,,,,,,,,,,,,0,0,1.381,0,,,,,,,,,,,,,,,,,,,,,,,,,,,,,,,,,,,,,,,,,,,,,,,,,,,,,,,,,,,,,,,,,,,,,,,,,,,,,,,,,,,,,,,,,,,,,,,,,,,,,,,,,,,,,,,,,,,,,,,,,,,,,,,,0,0,17722,,,1,0,,,,,,,,,,,,,,,,,,,,,,,,,,,,,,,,,,,,,,,,,,,,,,,,,,,,,,,,,,,,,,,,,,,,,,,,,,,,,,,,,,,,,,,,,,,,,,,,,
2025-03-30 20:43:22,2025-03-30 21:23:08,0,100,2385,1,2025-03-30 21:23:08,R_3lnqHxmW7h4QCNu,anonymous,EN,4,BA,MA,26,3,1,1,,1,0,0,20.493,0,4.218,196.21,300.029,5,"Meine Schwester war von Zuhause ""weggelaufen"" als sie ich glaube 16 oder 15 war (ich war 12 oder 13) und meine Mutter hat extrem geweint. Meine Mutter hat so sehr geweint, weil meine Schwester in den Wochen vorher Suizidgedanken geäußert hatte, wie ich dann erfahren hatte. Sie war den ganzen Tag verschwunden und irgenwann am Abend kam sie dann wieder. Einfach so und wollte nicht verraten wo sie gewesen ist. Ich glaube der Auslöser fürs weglaufen war ein Streit zwischen meiner Mutter und Schwester und meine Mutter hat sie dann geohrfeigt.",2010/2011,72,5,3,2,4,4,6,11,3,5,0,0,3.402,0,1.301,287.313,300.107,3,"Ich wollte an dem Tag ein wenig Sport machen und bin dann mit dem Fahrrad alleine ins nächste Dorf gefahren und habe mir einen Eisbecher (mit Mango Soße) geholt. Weil das Wetter so schön war bin ich dann noch weiter an einen See gefahren und hab da den Eisbecher gegessen. Dort hat mich dann ein junger Mann angesprochen, mit dem ich eine Weile geredet habe. Es war interessant mit ihm zu reden, unser Gespräch war gut und er war eigentlich ganz süß. Ich hatte mich gefreut, dass er mich angesprochen hatte und ich den kleinen Ausflug alleine unternommen hab, aber ich war nicht euphorisch. Er hat mich noch nach meiner Handynummer gefragt, aber die wollte ich nicht austauschen. Ich weiß nicht mehr wie er hieß, aber ich fand sein Namen etwas lustig, weil der so richtig altbacken war.",2020,55,3,2,5,2,2,4,4,6,3,0,0,6.542,0,1.703,1.703,300.025,1,"Da gibts eigentlich mehrere, aber eins der schlimmsten war, als ich gesehen habe, wie der Lebenspartner meiner Mutter sie vergewaltigt hat. 
Wir waren zu dritt im Urlaub und der ganze Tag war schon seltsam. Schlechte Laune lag in der Luft. Meine Mutter hatte viel geweint, aber ich wusste nicht wieso. Als ich am Esstisch gefragt hatte was wir heute noch machen meinte er sowas wie ""nicht viel"" und meinte dann ""jetzt kommt deine Mama erst wieder noch wieder zu mir mit ins Bett""
Sie hat nur geweint. Ich weiß nicht mehr genau warum, vielleicht gab es da keine Türen weil es nur so eine kleine Hütte war, aber die Tür stand dabei offen und als ich im Bad war konnt ich rüber sehen wie sie während des Sex weite und sich gar nicht bewegt hat. Er hatte und hat ein Alkoholproblem. Ich hab mich sehr gefangen in der Situation gefühlt.
Ich bin mir auch leider relativ sicher, dass ich durch diese traumatische Situation ein Täterintrojekt entwickelt habe.",5,5,5,2,7,2011/2012,85,6,6,1,5,7,5,11,2,7,1,0,0,1,0,0,1,0,0,1,0,0,0,0,0,0,1,0,0,0,0,0,0,0,2,0,0,1,0,0,0,0,1,2,0,0,1,0,1,0,1,3,3,3,3,4,3,4,3,3,4,6,3,2,6,6,1,6,"2,5",1,6,6,6,5,6,6,6,6,8,1.585,1.585,120.029,1,"Polizei
Prinz
Pate
Partner
Pirat
Peinlich
Post
Protzen
Piloten
Psychologie
Papaya
Pinguin
Po
Partei
Poltern
Pfau
Portwein
Pincode",3.355,3.355,120.018,1,"Ameise
Bär
Chamaleon
Dachs
Fuchs
Eisbär
Giraffe
Löwe
Affe
Tiger
Zebra
Yak
Elefant
Vogel
Hund
Katze
Wal
Robbe
Seehung
Otter
Schlange
Pinguin
Nilpferd
Pferd
Kuh
Huhn
Sau
Taube
Seestern
Lama
Kamel
Alpaka
Käfer
Uhu
Waldkauz
Haselnussbohrer
Larve
Schmetterling
Ziege
Schaf
Dromedar
Waldkautz
Wintergoldhähnchen",27,2,4,5,4,1,,47,5,8317,5,0,1,167,1.87,24.22,99,1,18.56,13.77,96.41,61.68,17.37,13.77,8.38,1.2,0.6,0.6,0,0,2.99,2.99,1.8,3.59,6.59,8.98,12.57,8.98,15.57,2.99,22.75,10.18,4.79,3.59,1.8,4.19,7.78,2.4,5.39,0,1.2,2.99,11.98,2.4,0,1.8,1.2,25.75,4.79,5.39,2.99,4.19,5.99,8.38,1.8,1.2,0,0.6,1.8,0,0.6,1.2,0.6,10.18,2.4,4.19,1.8,0,1.8,11.98,6.59,0,19.16,1.8,8.38,8.98,0.6,1.2,2.4,0,0,0,1.8,0,0,0.6,0,0,11.98,5.39,4.19,0,0,0,0,0,2.4,0,0,0,0
2025-03-31 12:58:37,2025-03-31 13:00:19,0,100,101,1,2025-03-31 13:00:21,R_3KElDrlSor5Ys0h,anonymous,EN,4,SA,PA,26,1,1,3,2,,,,,,,,,,,,,,,,,,,,,,,,,,,,,,,,,,,,,,,,,,,,,,,,,,,,,,,,,,,,,,,,,,,,,,,,,,,,,,,,,,,,,,,,,,,,,,,,,,,,,,,,,,,,,,,,,,,,,,,,,,,,,,,,,,,,,,,,,,,,,,,,,,,,,,,,,0,0,5494,,,1,0,,,,,,,,,,,,,,,,,,,,,,,,,,,,,,,,,,,,,,,,,,,,,,,,,,,,,,,,,,,,,,,,,,,,,,,,,,,,,,,,,,,,,,,,,,,,,,,,,
2025-04-01 03:59:32,2025-04-01 04:35:53,0,100,2181,1,2025-04-01 04:35:53,R_7cBDEXJuNZ76A2G,anonymous,EN,4,LO,DA,2,3,1,1,,1,0,0,44.993,0,0.91,224.262,300.009,3,"Hierbei handelt es sich um eine Beziehungssituation. Ich war mit meinem Freund seit ungf. 5 Monaten zusammen, und es lief stellenweise sehr gut, stellenweise aber auch ruckelig. Die Situation war nun diese: Da mein Freund weiter weg lebte (mitten in Frankreich), haben wir uns entsprechend selten gesehen (1-2 Mal im Monat). Zu diesem Zeitpunkt hatten wir uns schon 2 Wochen nicht mehr gesehen, und unser Online Kontakt ist stark geschrumpft, da er zum einen halb taub ist und deswegen Telefonate höchst unangenehm sind, und zum anderen er generell sehr wenig auf Nachrichten zu achten schien. Darum hatte ich mir länger keinen Kopf gemacht, jedoch registrierte ich immer öfter, dass er in anderen sozialen Plattformen sehr aktiv war, vor allem in Snapchat, das gerne für das Versenden und direkte Löschen von Bildern bekannt ist, teilweise tagelang aber nicht auf Whatsapp online ging, um meine Nachrichten zu lesen. Dies löste sofort starkes Misstrauen und Gedanken zum potenziellen Fremdgehen auf. Darüber dachte ich lange und intensiv nach und obwohl ich versuchte, Kontrapunkte zu finden, hatte sich dieser Gedankeverfestigt. Ich fühlte mich elendig und betrogen, doch das ließ sich letzten Endes aus dem Weg räumen (auch wenn Restzweife",Vor 5 Monaten,5,6,6,5,5,6,6,11,7,3,0,0,14.926,0,0.976,280.718,300.129,3,"Ich wartete an einem regulären Tag an der Bushaltestelle, um zum Bahnhof in der Stadt nebenan zu gelangen. Kurz vor Ankunft des Busses kam ein Herr auf mich zu, der mich danach gefragt hatte, ob der Bus zu diesem Bahnhof fahren würde. Sein Aussehen allerdings machte mich äußerst stutzig, denn er sah fast 1:1 aus wie der Schauspieler Dieno Luna. Der Gedanke schien mir aber unmöglich, da diese Bushaltestelle in einem unbedeutendem Dorf neben einer unbedeutenden Stadt liegt (im Bekanntheitssinne).
Nach Beantwortung seiner Frage kam der Bus, wir stiegen ein und ich hatte Gelegenheit, ihn noch etwas zu beobachten (ohne zu starren, Etikette darf gewahrt werden) und ich schien mir sehr sicher, dass er es wirklich sein könnte. Dennoch stiegen wir beide am Bahnhof aus und ich machte mit meinem Alltag weiter. Die Erfahrung war vor allem... skurril. Ich hatte noch keine Begegnung mit einem Menschen, der mir plötzlich so bekannt vorkam. Ich werde wohl nie erfahren, ob er es wirklich war.",Vor 4 Monaten,5,6,4,4,5,3,7,11,7,5,0,0,13.402,0,0.731,27.867,300.004,3,"Das schlimmste Ereignis meines Lebens war in meiner Zeit während der Gesamtschule aufgetreten. Es war Alltag, dass ich gemobbt wurde, wenig Unterstützung erhielt, wenige Freunde hatte und meine Familie ebenfalls nichts unternahm. Außerdem wuchsen wir in Armut auf, was durch meinen billigen Kleidungsstil und sparsamer Ernährung nach außen hin sichtbar war. Die Situation bezieht sich auf ein besonderes Mobbing Ereignis. Es gab in meiner Klasse vor allem eine Schülerin, die besonders niederträchtig war und meist keine Gelegenheit ungenutzt ließ, sich selbst über Mobbing zu profilieren. Ich war gezwungen, mit ihr und einigen ihrer ""Mitläufer"" in einer Gruppenarbeit zusammenzusitzen. Ich war sowieso äußerst schüchtern, verletzlich und hielt mich so gut zurück wie es nur möglich war. Als der Lehrer den Raum für eine Weile verließ, riss sie sich das Oberteil auf und drückte mir schallend lachend ihren Busen in mein Gesicht und betitelte mich vor vielen versammelten Leuten als Perversen. Das Lachen haben viele aufgegriffen und die, die es nicht taten, sagten nichts zu der Sache. Im Gegenteil, ich konnte mich nicht aus der Situation verziehen, war in Schockstarre und ertrug es einfach nur. Dem Lehrer sagte weder ich noch sonst jemand etwas, aber diese war eine von sehr vielen Mobbignerfahrungen",5,5,5,4,6,Vor 14 Jahren,25,6,7,1,5,7,7,11,1,5,0,0,0,0,0,0,0,0,1,0,2,1,1,1,0,0,0,0,1,2,1,0,0,0,0,0,0,1,0,0,1,1,1,1,0,1,0,1,0,0,1,4,4,4,2,3,2,4,4,4,4,6,6,1,6,6,6,"3,6","3,6",1,6,6,3,"1,2,3",6,6,6,1,9,0.865,9.326,120.011,2,"Philosophie
Patronen
Patronus
Papst
Papagei
Penis
Purpur
Pflicht
Pfeil
Pfeffer
Paprika
Penicillin
Praktisch
Politisch
Parteiisch
Perplex
Parmesan
Paradies
Preis
Pornographie
Plastik
Pferd
Plötzlich
Puder
P",0.863,73.162,120.116,3,"Pferd
Zebra
Giraffe
Nilpferd
Papagei
Tiger
Löwe
Gepard
Leopard
Hai
Hammerkopffisch
Pufferfisch
Axolotl
Eidechse
Salamander
Gazelle
Reh
Krokodil
Nasenbär
Zwergenäffchen
Wurm
Gorilla
Ameise
Oktupus
Biene
Wespe
Hummel
Bremse
Eintagsfliege
Roter Panda
Hund
Katze
Schlange
Spinne",27,1,4,6,5,1,,53,9,18301,9,0,1,200,27.8,45.96,94.8,40.9,18.18,28.5,91.5,61,19,11.5,7.5,0.5,0.5,0,0.5,0,2,2,2,6,9,12,8.5,8.5,11,3,16,8.5,2.5,1,0.5,6,9,5,4,1,0.5,1,16.5,0.5,0.5,0.5,0,16.5,2,0.5,1.5,3.5,3.5,5.5,1.5,0.5,1,0,2,1,1,0.5,0,10.5,2,4,3.5,0.5,0.5,13,0.5,0,18.5,1.5,11,7,3,0.5,1.5,1,0,0,2,0,0,0.5,0,0,13,5,7,0,0,0,0,0,1,0,0,0,0
2025-04-01 10:17:20,2025-04-01 10:58:32,0,100,2472,1,2025-04-01 10:58:33,R_2uLNG55gVpqWytj,anonymous,EN,4,KA,TO,4,4,3,1,,1,0,0,20.965,0,0.747,167.027,300.024,4,"Ich wollte meinen Geburtstag nachfeiern und habe viele meinen Freunde eingeladen. Alles war schon geplant und hergerichtet. Leider kamen nach und nach die Absagen an, weil viele keine Zeit hatten. Von meinen knapp 30 eingeladenen Personen haben nur 3 zugesagt. Am Ende kam der Geburtstag nicht zustande, weil ich zu niedergeschlagen war um dann irgendetwas an diesem Tag zu machen.",Vor 3 Jahren,85,2,3,2,1,1,2,2,1,3,0,0,38.394,0,1.873,189.78,300.133,6,"Ich musste eine Präsentation an der Uni halten und war etwas aufgeregt. Ich stand zum ersten man im ersten Semester von über 200 Studierenden und meiner Professorin. So viele Augenpaare die mich angesehen und mir zugehört haben. Da ich sonst eine sehr freier und aufgeschlossener Redner bin und mich gut vorbereitet habe, hatte ich da keine weiteren Probleme. Trotzdem war ich nervöser als sonst, was Präsentationen angeht. Nach und nach habe ich das ganze dann aber ignoriert und konnte mich komplett auf meinen Text konzentrieren.","Vor 1,5 Jahren",25,5,6,4,3,1,3,9,7,5,0,0,16.601,0,0.781,189.422,300.029,4,"Ich hatte einen Autounfall am Geburtstag meines großen Bruders. Ich wollte meinen kleinen Bruder nach Hause fahren, weil er müde war. Also bin ich mit im ins Auto gestiegen und bin losgefahren (hatte nichts getrunken, da ich wusste, dass ich noch fahren muss). Habe ihn auch noch gefragt, ob er angeschnallt ist. Der Weg nach Hause dauert auch nicht lange, ca. 8 bin 10 min. Auf halber Strecke rannte mir ein Hase vors Auto, der ich ausweichen wollte. Es endete nach ca. 10m freien Flug in einem Feld. Zum Glück ist keinem von und beiden etwas passiert, aber ich habe mir in diesem Moment solche Sorgen gemacht und mache mir bis heute Vorwürfe, dass das passiert ist.",1,3,3,1,6,17.09.2024,10,7,7,7,6,5,7,10,6,6,0,0,0,1,0,3,0,0,3,1,2,0,0,0,1,0,0,1,0,0,0,0,0,0,2,1,0,1,1,0,0,0,1,0,0,0,3,2,0,0,2,3,3,3,4,4,4,4,4,3,4,6,3,"1,2,3,4","2,4",6,"3,4",3,1,1,6,6,"2,3,4","2,3,4",3,5,6,1,8,1.389,92.747,120.014,9,"Papa, Pirat, Panda, Pseudonym, Pate, Plenum, Planung, Polizei, Platte, Punkt, Pendel, Prophezeiung, Plus, Plagiat",1.886,14.811,120.013,4,"Affe, Bär, Camäleon, Dachs, Eidechse, Frosch, Gans, Hai, Igel, Jaguar, Kamel, Leguan, Maus, Nashorn, Oktopus, Panda, Qualle, Ratte, Schlange, Tiger, Uhu, Vogel, Walhai, Yack, Zebra, Katze, Hund, Wellensitich, Kaulquappe, Forelle, Reh,",22,1,4,4,5,1,,61,12,13666,12,0,1,117,13.74,20.84,99,36.95,11.7,12.82,92.31,59.83,18.8,13.68,10.26,0,0,0,0,0,3.42,3.42,0,5.13,5.98,12.82,13.68,4.27,13.68,1.71,23.08,4.27,0,0.85,2.56,4.27,5.98,3.42,2.56,0.85,0.85,0.85,7.69,1.71,0,0,3.42,20.51,2.56,4.27,3.42,4.27,3.42,4.27,0,0,0,0,4.27,0.85,0.85,0,0.85,7.69,0.85,2.56,1.71,0.85,0.85,10.26,10.26,0,25.64,6.84,11.97,8.55,0,3.42,1.71,0,0,0,0,0,0,0,0,0,17.09,8.55,6.84,0,0,0,0,0,0,0,1.71,0,0
2025-03-26 13:30:00,2025-03-26 14:03:48,0,21,2028,0,2025-04-02 15:03:51,R_2HOeciyrmCa60ZR,anonymous,EN,4,FE,RA,20,1,3,3,1,1,0,0,2.103,0,17.971,116.195,533.6,5,"Manchmal zweifle ich an meinen eigenen Fähigkeiten, besonders wenn ich mich mit anderen vergleiche und das Gefühl habe, nicht gut genug zu sein.

Während meiner Arbeit bei Nordsee fühle ich mich manchmal unsicher, wenn ich Fehler mache, und habe Angst, dass andere mich dafür beurteilen.

Das Lernen für die B1-Prüfung ist oft frustrierend, weil ich manchmal das Gefühl habe, keine Fortschritte zu machen, egal wie viel ich übe.

.",,,,,,,,,,,,,,,,,,,,,,,,,,,,,,,,,,,,,,,,,,,,,,,,,,,,,,,,,,,,,,,,,,,,,,,,,,,,,,,,,,,,,,,,,,,,,,,,,,,,,,,,,,,,,,,,,,,,,,,,,,,,,,,,,,,,,,,,,,,,,,,0,0,18148,,,1,0,,,,,,,,,,,,,,,,,,,,,,,,,,,,,,,,,,,,,,,,,,,,,,,,,,,,,,,,,,,,,,,,,,,,,,,,,,,,,,,,,,,,,,,,,,,,,,,,,
2025-04-08 15:45:12,2025-04-08 16:21:52,0,100,2199,1,2025-04-08 16:21:53,R_4pRNFbvc1eU1DgP,anonymous,EN,4,FA,ZA,19,11,1,1,,1,0,0,1.914,0,15.22,17.808,300.124,2,"It was during a time when I was under intense academic pressure. I had always been someone who held myself to high standards, but that year everything piled up at once—exams, family expectations, financial stress, and a deep sense of isolation. I remember sleeping just two or three hours a night, trying to stay on top of everything, pretending I was okay.

The breaking point came one evening when I was alone in my room, staring at a blank document on my screen. I hadn’t eaten all day. I felt this rising pressure in my chest—tight, painful. My hands were shaking. I tried to breathe deeply, but I couldn’t. It was like I was being suffocated by thoughts I couldn’t control.

Then came the panic attack.

I had never experienced one before. I genuinely thought I was dying. My heart was pounding, my vision was blurry, and all I could think was: I can't do this anymore. I can’t keep pretending everything is fine. I collapsed to the floor and stayed there, crying silently, afraid to tell anyone how bad it had gotten. I felt ashamed, weak, and completely alone—even though people would probably have helped if I had reached out.

In those minutes, I felt completely detached from myself. My own thoughts became overwhelming noise. I remember hearing my own sobs and not believing they were mine.

That was the moment I realized I couldn’t keep pushing without breaking. It was traumatic not because of any one event, but because of how trapped and invisible I felt—how close I came to losing control of everything, including myself.

I never forgot that night. It changed how I saw mental health, and made me far more aware of others’ hidden pain. It also taught me that silence can be as dangerous as any external event.",4years ago,49,4,4,4,4,4,4,6,4,4,24.857,51.204,69.452,2,41.018,41.018,300.072,1,"Es ist seltsam, wie etwas immer wieder passieren kann und trotzdem jedes Mal ein Gefühl der Unsicherheit hinterlässt. Für mich war diese Erfahrung die regelmäßigen Besuche bei meiner Großmutter im Krankenhaus während ihres letzten Lebensjahres. Sie war anfangs nicht todkrank – zumindest nicht offiziell. Es war nur ein Gesundheitsproblem nach dem anderen: ein Sturz, eine Lungenentzündung, Verwirrtheit, die kam und ging. Alle paar Wochen kam der Anruf, und wir fuhren wieder ins Krankenhaus.

Jedes Mal saß ich an ihrem Bett, umgeben vom Piepen der Monitore und dem leisen Klackern der Schuhe der Pflegekräfte auf dem Flur. Sie war nicht immer bei klarem Verstand. Manchmal fragte sie, wo sie sei. An anderen Tagen machte sie einen Witz oder summte eine alte Melodie, und ich dachte, sie wird wieder gesund. Dann vergaß sie wieder, wer ich war, oder glaubte, es sei Morgen, obwohl es Nacht war.

Ich erinnere mich an die unbequemen Plastikstühle, den Geruch von Desinfektionsmittel und das Licht, das sich in diesem Raum nie wirklich änderte – immer dieses kalte, grelle Leuchten. Meine Mutter saß auf der anderen Seite, hielt die Hand meiner Großmutter, und sie redeten leise miteinander. Ich saß meist nur daneben und beobachtete.

Ich hatte keine Angst. Ich war auch nicht wirklich traurig. Es war eher ein Gefühl der Abwesenheit, so als würde ich etwas Wichtigem zusehen, ohne wirklich beteiligt zu sein. Ich dachte oft: Ist das jetzt das Ende? Oder nur ein weiterer Besuch? Und eine klare Antwort bekam ich nie.

Schließlich ist sie gestorben – aber nicht bei einem dieser Besuche. Es geschah nachts, im Schlaf, nach einem Monat ohne Krankenhausaufenthalt. Rückblickend waren diese Momente weder gut noch schlecht. Sie waren einfach... schwer zu fassen. Eine Art emotionales Niemandsland. Ich war da. Ich erinnere mich. Aber ich wusste damals nicht, was ich fühlen sollte – und vielleicht weiß ich es bis heute nicht.",13 years ago,49,4,4,4,4,4,4,6,4,4,0,0,3.183,0,10.458,10.458,300.183,1,"It was the day my best friend tried to take their own life. We were both in our late teens—still in high school. I had known they were struggling, but I didn’t know how deep the pain really was. They always smiled around others, made jokes, said they were just tired. We texted almost every day, but that day, I had a strange feeling when I hadn’t heard from them since the evening before.

I went to their house after school. Their mother let me in casually, unaware of anything unusual. I called their name and got no response. I found them in their room—barely conscious, a bottle of pills next to the bed. For a second, I froze. My heart was racing so fast I thought I might pass out. I called their name again, louder. Their eyes barely opened.

I yelled for help. Their mom came rushing in, and chaos broke out—ambulance, sirens, crying. I remember the smell of the room: musty, a bit like medicine. The light was dim, almost like dusk, even though it was just afternoon. Everything felt like it was happening underwater. Sounds were muffled. I couldn’t feel my hands properly.

At the hospital, I sat in the waiting area with my head in my hands, feeling this enormous mixture of guilt, fear, and helplessness. Why didn’t I see it coming? Why didn’t they tell me? I kept replaying every conversation we’d had, searching for signs I might have missed.

They survived, thankfully. But everything changed after that. The way I saw them, the way I saw myself. For a while, I couldn’t sleep properly. I was scared every time I got a text late at night or didn’t get a reply for too long. It wasn’t just a one-time event—it changed how I understood pain, silence, and closeness.

To this day, it remains the worst thing I’ve ever witnessed. It shook me in ways that are hard to explain. And I still carry a part of that day with me.",3,3,3,3,4,6 years ago,53,4,4,3,4,4,4,6,4,4,2,2,2,2,2,2,2,2,2,2,2,2,2,2,2,2,2,2,2,2,2,2,2,2,2,2,2,2,2,2,2,2,2,2,2,2,2,2,2,2,2,3,3,3,3,3,3,3,3,3,3,5,5,5,5,5,5,5,5,5,5,5,5,5,5,5,5,5,13,29.901,39.41,120.047,2,"Paper POLITICS Process Patient Price Planung
Projekt
Partei
Produktion
Presse
Produkt
Paket Personal
Prognose
Publikum
Problem
Protokoll
Position
Perspektive
Prinzip",4.223,71.883,126.183,6,Auerhahn Bear Ente Fuchs Igel Kaninchen Luchs Oktopus Pinguin Zebra Spinne,23,1,2,5,6,1,,112,40,17014,40,1,1,341,99,62.18,1,23.24,10.33,13.2,11.73,5.28,2.05,0,0,0,0,0,0,0,0,0,0,2.05,0,2.35,0,0.29,0.29,0.29,0.59,0,0,2.05,0,0,0.29,0.29,0,0,0,0,0.59,0,0,0,0,0.29,0,0,0,0.29,0,0,0,0,0,0,0.29,0,0,0,0,0.59,0.29,0.29,0,0,0,0.59,0,0,3.23,0,2.35,0.88,0.29,0,0,0,0,0,6.74,0,4.11,0,0,0,20.82,9.09,7.62,0.29,0,0.59,0,0.29,0,2.93,0,0,0
2025-04-08 22:50:38,2025-04-08 23:33:10,0,100,2551,1,2025-04-08 23:33:10,R_7GprGpzKeLdfYzL,anonymous,EN,4,CL,NA,2,11,1,1,,1,0,0,4.371,0,1.006,29.922,300.025,3,"Ich hatte in der 11. Klasse in einer Biologieklausur auf die ich mich sehr intensiv vorbereutet habe einen Blackout. Die Lehrerin stand hinter mir und hat mich gerfragt wieso ich nichts schreibe, dass sie doch weiß, dass ich das weiß. Es war für mich ein negatives Erlebnis, das mir gut in Erinnerung geblieben ist, da ich mich wirklich sehr gut auf die Klausur vorbereitet hatte und den Stoff auch konnte, ihn in der Klausur aber nahezu gar nicht abrufen konnte. Ich weiß noch dass mich meine eine Freundin fragend angeschaut hat, weil sie mitbekommen hat, dass ich nichts schreibe.",In der 11. Klasse mit 16 Jahren,75,6,5,2,5,5,5,6,3,6,0,0,154.258,0,1.778,1.778,300.113,1,"Bei dem Ereignis handelt es sich um Kaffeetrinken mit einer Freundin und ihrer Mutter als ich ca. 16 Jahre alt war. Es war ein nicht besonders tolles aber auch kein besonders schlechtes Erlebnis eher neutral bzw. entspannt. 
Wir saßen gewöhnlich in der Küche an einem runden Tisch und haben uns über die Schule, die Familie oder Urlaube und ähnliches unterhalten.",Es war als ich ca. 16 Jahre alt war in der 11. Klasse,60,5,3,4,5,4,6,8,4,5,0,0,15.665,0,1.169,1.169,300.116,1,"Mit 15 habe ich mich von meinem damaligen 1. Freund getrennt, wir hatte uns immer nur gestritten und waren so 1,5 Jahre zusammen. Zuhause war es immer sehr schrecklich bei mir, meine Eltern waren nur mit streiten beschäftigt und haben meine Zwillingsschwester und mich extrem vernachlässigt, nur sich selbst Essen gekocht, einen zum Arbeiten auf der Baustelle zuhause benutzt usw. 
Nachdem ich mich also getrennt hatte, in der 10. Klasse war und neben dem Stress zuhause versucht habe die 10. Klasse zu schaffen, habe von meinem Exfreund scheinbar einen Hautparasiten bekommen (Krätze). Sein Bruder hatte es, er von seinem Bruder und das hat er dann mir gegeben. Diese Krankheit heilt nicht von alleine sondern man muss sich mit Pestiziden oä eincremen damit die Tiere die unter der Haut leben sterben. Als meine Eltern davon erfahren haben, durfte ich nicht mehr auf dem Sofa sitzen, musste das ganze Haus alleine säubern und alle Sachen waschen damit keiner mehr angesteckt wurde und ich nicht erneut. Mein Vater hat auch gedrohnt ich werde sehen was passiert wenn er es bekommt. Ich habe mich zu dieser Zeit nichtmal in meiner eigenen Haut sicher und wohl gefühlt und niemand hat mich Zuahuse unterstützt. ""Ich bin selbst schuld wenn ich mir so einen bescheuerten Freund suche""",5,5,5,5,6,Mit 15 in der 10. Klasse,90,6,6,1,5,7,5,8,5,5,0,0,0,1,1,1,2,1,1,2,1,0,1,0,0,0,1,0,0,0,0,0,0,0,0,0,0,0,0,0,0,0,0,0,0,0,1,0,0,0,0,4,4,4,4,4,4,4,4,4,4,"1,2,3",6,"1,2,3",6,6,"1,2",6,6,"1,3",6,6,6,2,6,6,6,1,17,1.044,1.044,120.015,1,"Polizei, Parkplatz, Pfand, Pinguin, Pullover, Parmesan, Paprika, Pelikan, Pfütze, Pfad, Pfeil, Poster, Pilz, Pferd, Panda,",2.613,2.613,120.121,1,"Panda, Pelikan, Pinguin, Elefant, Hund, Katze, Maus, Schlange, Krokodil, Affe, Nashorn, Pferd, Esel, Hase, Dachs, Vogel, Tiger, Leopard, Löwe, Wolf, Fuchs, Eichhörnchen, Ameise, Ente, Schwanz, Fisch, Hai, Delfin, Wal, Rochen, Giraffe, Eisbär,",25,2,4,9,5,1,,53,12,18397,12,0,1,210,2.76,39.25,45.77,1,17.5,21.9,92.86,60.48,22.38,15.24,10.95,0.95,0,0,0,0,2.38,2.38,0,6.19,6.19,10,13.81,6.19,11.9,2.38,20.95,4.29,1.43,0.48,2.38,2.86,8.57,3.33,5.71,1.43,1.9,2.38,15.71,2.86,1.43,0.48,4.29,14.29,1.9,0.48,3.33,3.81,5.71,3.33,3.33,1.43,0,1.43,4.29,0.95,3.33,0,0.48,10.48,5.24,3.33,1.43,0,0.48,6.19,6.19,0.48,11.43,0.48,7.14,3.81,3.33,0.95,2.38,0.48,0,0.95,2.86,0.48,0,0.95,0,0,11.9,5.24,4.76,0,0,0,0,0,0.95,0,0.95,0,0
2025-04-09 22:23:42,2025-04-09 22:54:47,0,100,1865,1,2025-04-09 22:54:48,R_3VOBaGsVgy8e5Fr,anonymous,EN,4,ed,an,16,12,3,1,,1,0,0,11.807,0,118.544,147.19,300.066,2,"Es war der unerwartete Tod meines Vaters. Es ist zwar kein Trauma, aber ein sehr schlimmes Erlebnis. Mitten in der Nacht einen Anruf zu bekommen, dass er verstorben ist, obwohl es ihm noch vor wenigen Stunden gut ging und alles völlig normal war, war erschütternd. Ich habe lange gebraucht, um zu realisieren, dass er nicht mehr bei uns ist. Nach zwei Jahren denke ich manchmal immer noch, dass er zu Hause ist und auf uns wartet, aber das ist leider nicht der Fall...",vor 2 Jahren,20,2,2,1,7,7,1,11,7,1,0,0,6.336,0,80.545,80.545,300.073,1,"Ein Ereignis in meinem Leben war der Beginn meines Psychologiestudiums. Ich würde es weder als negativ noch als positiv bezeichnen, da ich sehr gemischte Gefühle hatte und unsicher war, ob es der richtige Studiengang für mich war. Es war einfach eine Entscheidung, die ich getroffen habe und für richtig hielt. Die Angst und Unsicherheit ließen keinen Raum für Freude.",vor 3 jahren,91,5,5,6,6,7,7,11,1,6,0,0,11.416,0,90.549,199.024,300.089,7,"Meine beste Freundin erlitt einen schweren Unfall und ihr Mann musste monatelang im Krankenhaus bleiben. Ich habe hautnah mitbekommen, wie sie psychisch völlig zusammengebrochen ist. Der ständige Stress, die Sorge um ihren Mann und die Herausforderung, allein mit allem zurechtzukommen, haben sie stark belastet. Es war schwer, zuzusehen, wie sie sich nach und nach aus ihrer eigenen Lebensrealität zu verlieren schien. In dieser schwierigen Zeit konnte ich beobachten, wie sie zunehmend an ihre psychischen Grenzen stieß, was sich in Schlaflosigkeit, Ängsten und emotionaler Erschöpfung äußerte. Es war schwer für mich zuzusehen, wie sie versuchte, ihre Gefühle zu verbergen, um stark für alle anderen zu sein, obwohl sie innerlich völlig ausgebrannt war. Sie wollte nicht zugeben, wie sehr sie mit der Situation kämpfte und versuchte, alles alleine zu bewältigen.",1,3,3,5,6,Es war vor etwa einem Jahr,30,6,6,1,6,6,6,1,6,7,4,2,1,3,1,3,4,1,2,0,4,4,4,4,4,3,4,4,4,3,3,3,2,2,2,3,3,3,3,3,3,3,3,3,2,2,3,3,3,3,1,3,3,2,3,2,1,3,3,2,3,6,6,2,6,6,6,6,6,6,6,6,2,2,6,2,6,2,12,7.421,119.568,120.006,10,"Pause
Praxis
Palmen
Passen
Psychologie 
Präsentation
Pille
Panik",2.568,73.96,120.016,2,"Hund 
Katze 
Hase 
Pferd
Vogel
Elefant 
Tiger 
Löwe
Delphin 
Frosch 
Eule 
Schmetterling",27,2,3,6,5,1,,140,59,17857,59,1,1,128,19.77,88.67,7.36,1,18.29,31.25,89.06,57.81,22.66,15.63,3.13,0,0.78,0,0.78,0,10.94,10.94,10.16,7.03,3.91,13.28,10.16,3.13,11.72,0.78,17.97,11.72,4.69,4.69,0,3.13,13.28,3.91,9.38,1.56,0.78,6.25,21.88,1.56,0.78,0.78,1.56,23.44,4.69,3.91,1.56,3.13,7.03,2.34,4.69,1.56,0,3.13,5.47,1.56,1.56,0,0,14.84,2.34,10.94,2.34,0.78,0.78,7.03,1.56,0,17.97,3.13,11.72,4.69,4.69,0,0,0,0,0,0.78,0,0,0,0,0,17.19,5.47,11.72,0,0,0,0,0,0,0,0,0,0
2025-04-10 16:21:30,2025-04-10 16:57:41,0,100,2170,1,2025-04-10 16:57:42,R_8xP2WytUmp4YNaH,anonymous,EN,4,ME,EM,13,4,1,1,,1,0,0,7.582,0,0.58,295.698,300.12,23,"Ich war mit ein paar Menschen an Halloween feiern. Mein Freund war dabei, er hat viel zu viel getrunken, was er eigentlich nie macht. Als wir später zum Auto gelaufen sind (mein Vater hat uns abgeholt) und am vereinbarten Ort gewartet haben, meinte er, er sei nicht soo betrunken. Ich konfrontierte ihn damit, das er nicht mal bemerkt hatte, das er aus Versehen ohne hinzusehen ein anderes Mädchen das gerade zwischen uns stand an sich gezogen hatte. Sie hatte sich sehr erschreckt und geschrien (verständlich), er hatte sie sofort losgelassen und weiter mit seinen Freunden getanzt. In seinem betrunkenen Gehirn verstand er, dass er fremdgegangen sei und fing an zu weinen, entschuldigte sich immer wieder und fragte „Was ist passiert??“, „Ich wollte das nicht!!“. Er nahm mein Gesicht in die Hände und wurde immer verzweifelter. Dann hat mein Vater uns abgeholt und wir haben alles geklärt. Er trinkt kaum noch und wir sind noch zusammen :)",31.10.2022,39,5,3,3,5,2,4,11,6,7,0,0,6.556,0,1.044,242.95,300.017,10,"Vor ein paar Jahren war für mich der letzte Tag der Mittelstufe. Wir hatten irgendwann Mathe, ich saß ganz vorne links alleine (wegen Corona). Meine Lehrerin hat Nussecken und Bananenbrot mitgebracht, leider bin ich gegen beides allergisch. Dann folgte ein riesiger Vortrag darüber das nun eine der schönsten Zeiten unseres Lebens folgt; bei den Spielen danach war ich bei einem Erinnerungsspiel die Beste. Ich war froh nicht mehr so viel mit den Menschen meiner Klasse machen zu müssen.",Sommer 2020,70,5,3,5,5,2,5,9,5,7,0,0,8.822,0,1.001,260.289,300.024,16,"Ich wurde mit über 50 km/h von einem Auto erfasst, als ich über eine Ampel lief. Mein Kopf zerschlug nach einer halben Drehung die Windschutzscheibe und ich wurde über 7 Meter geschleudert. Aufgekommen stand ich direkt auf und setzte mich auf den Bürgersteig, wo mir viele Passanten halfen. Ich gab einem Mann mein Handy und bat ihn, meine Tante zu kontaktieren. Eine Frau schrie auf und wurde hysterisch, mein Kopf sei offen und alles wäre voller Blut. Die Frau die mich angefahren hatte stieg aus und fing an auf mich einzureden, dass es meine Schuld gewesen sei. Anschließend wurde ich ins Krankenhaus gebracht; alles wurde verbunden und genäht. Jetzt geht‘s mir wieder gut :)",5,1,1,4,5,13.09.2023,9,7,6,2,6,4,6,11,7,7,1,2,2,0,2,0,0,0,0,0,1,0,0,0,0,0,4,4,1,1,1,1,0,2,1,0,0,2,2,0,0,2,1,1,1,0,1,1,2,1,0,3,3,2,2,3,3,4,4,3,3,6,6,1,4,6,1,6,3,3,6,6,1,"2,3",6,6,6,6,3,1.883,36.015,120.016,7,"Pelikan
Plötzlich
Pikant
Präzision
Peinlich
Platzwunde
Portugal
Pinnwand
Persien
Pandora
Penne
Pirouette
Plural
Pluto
Proaktiv
Primel
Prunkvoll
Psalm
Petersburg",1.401,104.63,120.016,4,"Pelikan
Otter
Hund
Katze
Maus
Schwein
Schwertwal
Delfin
Karpfen
Wellensittich
Walross
Seehund
Grille
Gottesanbeterin
Schaf
Ziege
Kuh
Schmetterling
Lachs
Hummer
Adler
Amsel
Drossel
Fink
Star
Specht
Elster
Rabe
Krähe
Ara
Hummel
Biene
Wespe
Hornisse
Spinne
Wanze
Grashüpfwr",19,2,4,4,5,1,,67,18,11509,18,0,1,116,60.89,35.86,99,61.14,14.5,14.66,88.79,56.9,19.83,16.38,13.79,0,0,0,0,0,2.59,2.59,0,5.17,7.76,12.93,10.34,2.59,9.48,0,20.69,6.03,0.86,0.86,2.59,4.31,5.17,3.45,1.72,0.86,0,0,12.07,3.45,0,2.59,0.86,13.79,3.45,0,1.72,1.72,4.31,0.86,1.72,0,1.72,0,3.45,2.59,0.86,0,0,4.31,2.59,0,1.72,0,0,14.66,1.72,0,24.14,5.17,15.52,3.45,0,0.86,0,0.86,0,0,1.72,0,0.86,0,0,0,14.66,6.03,4.31,0.86,0.86,0,0,0,0.86,0,0.86,0.86,0
2025-04-03 17:57:03,2025-04-03 17:58:32,0,19,88,0,2025-04-10 17:58:42,R_2Qa3qmBMzUH1VOi,anonymous,EN,4,IN,Lu,17,12,3,1,,1,,,,,,,,,,,,,,,,,,,,,,,,,,,,,,,,,,,,,,,,,0,0,0.978,0,,,,,,,,,,,,,,,,,,,,,,,,,,,,,,,,,,,,,,,,,,,,,,,,,,,,,,,,,,,,,,,,,,,,,,,,,,,,,,,,,,,,,,,,,,,,,,,,,,,,,,,,,,,,0,0,17425,,,1,0,,,,,,,,,,,,,,,,,,,,,,,,,,,,,,,,,,,,,,,,,,,,,,,,,,,,,,,,,,,,,,,,,,,,,,,,,,,,,,,,,,,,,,,,,,,,,,,,,
2025-04-07 12:15:37,2025-04-11 14:57:09,0,100,355292,1,2025-04-11 14:57:10,R_8efXrnjvTwXBARu,anonymous,EN,4,RE,LE,24,4,1,1,,1,0,0,4.212,0,14.162,14.162,300.078,1,"Meine Oma ist gestorben als ich 8 war. Es war ein negatives Ereignis welches mich im Nachhinein aber nicht belastet, weil ich keine Verbindung zu ihr hatte. Außerdem war es für alle Familienangehörigen wenig traumarisierend deshalb habe ich fast keine Erinnerung mehr dran aber ich denke man kann es trotzdem als negatives Ereignis einstufen",2008 März,100,2,2,2,5,1,4,11,2,7,0,0,21.672,0,5.855,5.855,300.122,1,"Ich war im Trainingslager und habe dort einen Virus bekommen. Dieser hat mich im Nachhinein so geschwächt, dass ich eine Autoimmunerkrankung bekommen habe und gelähmt war. Die Zeit der Lähmung ist mein Ereignis. Es war Schlimm weil ich nicht wusste was ich habe. ich konnte einfach nicht mehr laufen oder dinge greifen. Mein damaliger freund war immer da für mich. das hat mir viel halt gegeben. Doch irgendwie wollte ich auch alleine sein. Ich wollte alleine da durch und es mit niemandem teilen. Alle die da waren waren nur halb da nd alle die nicht da waren auf die war ich sauer. 
Ich habe mich trotzdem wohl gefühlt im Krankenhaus mit den Menschen die da waren. Es war auch eine Auszeit aus dem Alltag was ich teilweise sogar genießen konnte. 
Dieses Ereignis hat mir gezeigt, dass man immer dankbar sein sollte und man alles schaffen kann. Aber es hat mich ach irgendwie weniger berührt als ich es dachte",Februar 2022,22,6,3,2,5,6,7,3,7,6,0,0,2.144,0,0.979,0.979,300.11,1,"Das Schlimmste was mir je passiert ist war die Trennung von meinem Ex freund und die darauf folgende zeit. Nachdem ich es nicht geschafft habe zu den Olympischen Spielen zu fahren habe ich auch ihn verloren. das war für mich der größte Verlust in meinem leben. ich habe jeden tag geweint und habe 5 kilo abgenommen, weil ich nicht essen konnte. Die zeit war sehr hart und ich kann immer noch nicht gut darüber sprechen. Ich hatte zu der zeit Unterstützung durch meinen besten freund",5,5,5,5,6,2023 oktober,50,2,7,2,2,7,6,10,6,2,1,1,2,3,3,4,4,1,3,2,4,3,3,3,1,4,3,1,3,3,2,0,1,0,1,2,2,2,1,2,2,1,3,1,1,1,2,3,2,1,0,3,3,2,3,3,3,4,4,2,3,3,3,"3,4",4,6,2,5,3,3,3,3,3,5,3,3,6,3,17,3.332,3.332,120.036,1,"Puzzle, purzeln,peinlich,penis, Psychologie, Pferd, Pfeife, Pause, Pauke, Parlament , Perspektive, Passiv, Person, Pluto, Pessimist, perle, Paranormal, platt, Pfeil, porno, Pegasus, pseudonym, Pfau, Pfanne, fahren, Portion, Portal, pendeln, Piment, Punkte, Piktogramme, Plunder, Puder, Pudel, peilen, Primel, Putzen, Pony, polaroid,",1.507,1.507,120.027,1,"Adler, Fuchs, Ratte, Maus, Frettchen, Hase, Kaninchen, Elefant, Tiger, Leopart, Löwe , Kuh, Schaf, Ziege , Eidechse, Maultier, Fische , Blauwal, Buckelwal, Schwertfisch, Hammerhai, Seepferdchen Pferde, Esel, Katze, Hund,",25,2,4,5,5,2,bei der ersten frage habe ich mein Schlimmstes Erlebnis genannt,112,52,18280,52,1,1,85,7.27,11.7,99,17.39,14.17,17.65,97.65,64.71,20,14.12,12.94,0,0,0,0,0,1.18,1.18,0,3.53,9.41,10.59,16.47,5.88,10.59,3.53,24.71,7.06,3.53,1.18,1.18,2.35,11.76,5.88,5.88,0,0,5.88,9.41,0,2.35,0,2.35,11.76,1.18,1.18,0,0,7.06,4.71,2.35,0,0,1.18,4.71,0,2.35,0,1.18,8.24,2.35,3.53,1.18,1.18,1.18,10.59,7.06,0,21.18,1.18,9.41,10.59,1.18,1.18,0,0,1.18,0,2.35,0,0,0,0,0,7.06,5.88,1.18,0,0,0,0,0,0,0,0,0,0
2025-04-12 22:49:07,2025-04-12 22:50:29,0,100,82,1,2025-04-12 22:50:30,R_3V8BtO621iDBH79,anonymous,EN,4,li,el,17,2,1,3,2,,,,,,,,,,,,,,,,,,,,,,,,,,,,,,,,,,,,,,,,,,,,,,,,,,,,,,,,,,,,,,,,,,,,,,,,,,,,,,,,,,,,,,,,,,,,,,,,,,,,,,,,,,,,,,,,,,,,,,,,,,,,,,,,,,,,,,,,,,,,,,,,,,,,,,,,,0,0,18460,,,1,0,,,,,,,,,,,,,,,,,,,,,,,,,,,,,,,,,,,,,,,,,,,,,,,,,,,,,,,,,,,,,,,,,,,,,,,,,,,,,,,,,,,,,,,,,,,,,,,,,
2025-04-06 12:07:43,2025-04-06 12:09:10,0,19,87,0,2025-04-13 12:09:12,R_6WvumH05HppaviB,anonymous,EN,4,CL,MA,9,2,1,1,,1,,,,,,,,,,,,,,,,,,,,,0,0,1.508,0,,,,,,,,,,,,,,,,,,,,,,,,,,,,,,,,,,,,,,,,,,,,,,,,,,,,,,,,,,,,,,,,,,,,,,,,,,,,,,,,,,,,,,,,,,,,,,,,,,,,,,,,,,,,,,,,,,,,,,,,,,,,,,,,0,0,18352,,,1,0,,,,,,,,,,,,,,,,,,,,,,,,,,,,,,,,,,,,,,,,,,,,,,,,,,,,,,,,,,,,,,,,,,,,,,,,,,,,,,,,,,,,,,,,,,,,,,,,,
2025-04-13 23:08:55,2025-04-13 23:12:52,0,100,237,1,2025-04-13 23:12:53,R_6LniW5NoYu18y86,anonymous,EN,4,WA,YA,3,1,1,3,2,,,,,,,,,,,,,,,,,,,,,,,,,,,,,,,,,,,,,,,,,,,,,,,,,,,,,,,,,,,,,,,,,,,,,,,,,,,,,,,,,,,,,,,,,,,,,,,,,,,,,,,,,,,,,,,,,,,,,,,,,,,,,,,,,,,,,,,,,,,,,,,,,,,,,,,,,0,0,17884,,,1,0,,,,,,,,,,,,,,,,,,,,,,,,,,,,,,,,,,,,,,,,,,,,,,,,,,,,,,,,,,,,,,,,,,,,,,,,,,,,,,,,,,,,,,,,,,,,,,,,,
2025-04-10 16:49:59,2025-04-10 16:51:04,0,19,65,0,2025-04-17 16:51:07,R_7HTbzXZKyblHhfR,anonymous,EN,4,MA,RE,7,8,3,1,,1,0,0,1.27,0,,,,,,,,,,,,,,,,,,,,,,,,,,,,,,,,,,,,,,,,,,,,,,,,,,,,,,,,,,,,,,,,,,,,,,,,,,,,,,,,,,,,,,,,,,,,,,,,,,,,,,,,,,,,,,,,,,,,,,,,,,,,,,,,,,,,,,,,,,,,,,,,,,,,0,0,18277,,,1,0,,,,,,,,,,,,,,,,,,,,,,,,,,,,,,,,,,,,,,,,,,,,,,,,,,,,,,,,,,,,,,,,,,,,,,,,,,,,,,,,,,,,,,,,,,,,,,,,,
2025-04-17 16:58:12,2025-04-17 17:34:41,0,100,2189,1,2025-04-17 17:34:42,R_8GfgBdBt0kBxVRg,anonymous,EN,4,KA,CH,19,6,1,1,,1,0,0,3.852,0,0.534,156.903,300.048,3,"Vor ein paar Monaten bin ich ausgezogen und schon seitdem habe ich ein schlechtes Gewissen meine Katze zurückgelassen zu haben. Es war richtig. Sie wäre niemals glücklich in meiner neuen Lebenssituation gewesen und sie liebt meine Eltern, aber jetzt geht es ihr nicht gut. Allen ist klar, dass sie nicht mehr lange hat. Ich stehe in der Bibliothek kurz nachdem ich eine Klausur geschrieben habe. Meine Mutter ruft an und schon bevor ich rangehe, weiß ich, was sie mir erzählen wird. Die Katze musste eingeschläfert werden. Sie konnte plötzlich nicht mehr aufstehen und hatte Schmerzen. Ich bereue es stark nicht dagewesene zu sein.",02.02.2025,20,5,7,1,5,7,2,9,1,5,0,0,14.553,0,0.708,284.772,300.03,20,"Ich sitze im Hörsaal der Uni. Über mir ist grelles Licht. Um mich herum sind viele Menschen. Ein paar davon kenne ich. Ich sitze mit ihnen in einer der vordersten Reihen. Der Professor vor uns redet über Emotionen. Was das eigentlich ist, wie man sie definieren kann und warum welche Definition gut ist. Er redet dabei sehr schnell. Mir ist trotzdem ein wenig langweilig, da er den Inhalt der PowerPoint lediglich wiedergibt. Die Menschen neben mir schauen angespannt nach vorne, da es ihnen schwer fällt dem Professor wegen seiner Geschwindigkeit zu folgen. Eine Freundin von mir erwähnt, dass der Professor dem Letzten Prof, den wir zu diesem Thema hatten sehr ähnlich sieht. Ich stimme zu. Neben mir ist jemand am Handy und ich verspüre das Bedürfnis ebenfalls mein Handy zu checken, unterdrücke den Zwang aber. Ich schaue weiter nach vorne, wo die PowerPoint weiter durchläuft.",Am 10.04.2025 um 10:15 Uhr,27,2,1,4,3,3,1,1,2,6,0,0,7.801,0,0.624,298.499,300.019,19,"Mein Vater und ich fahren zurück vom Geburtstag meiner Oma. Er hat getrunken. Wie viel kann ich nicht sagen, aber ich kann Bier riechen. Ob wir geredet haben kann ich nicht sagen. Als wir auf einer Landstraße um eine Kurve fahren, zieht er das Lenkrad plötzlich nach rechts. Ich erschrecke mich. Er steuert gegen. Rechts von uns trifft er einen Pfosten, welcher weg bricht. Als er gegenlenkt, verliert er die Kontrolle über das Fahrzeug. Das Auto, ein roter Wartburg, hebt ab und dreht sich in der Luft. Ich fühle nichts hierzu, aber alles passiert wie in Zeitlupe für mich. Mein Vater ist nicht angeschnallt und wird aus dem Auto geschleudert. Ich drehe mich mit dem Auto und lande im Straßengraben. Vor mir knirsch Glas. Die Frontscheibe hat sich um mich herum verteilt. Ich rufe nach meinem Vater, da ich unfähig mich abzuschnallen im Auto hänge.",5,5,1,5,5,11.09.2018,86,5,5,1,6,7,7,1,1,2,2,0,0,3,1,3,1,1,1,3,2,2,2,2,0,1,0,3,4,2,2,3,1,0,2,0,1,2,2,2,0,2,3,2,2,2,2,0,3,3,2,3,3,2,2,2,2,4,3,3,3,"1,2,3",6,1,"1,2,3",6,"3,6",6,"3,6","1,3",6,6,6,"1,2,3",6,6,6,"1,3",3,1.055,117.735,120.111,9,"Penne, Pfanne, Pferd, Pädagoge, Panzer, Panne, Paar, Pistole, Pest, Pflaume, Polo, Pflanzen, Pfeife, Pilates, Post, Punkt, Persönlichkeit,",2.004,114.721,120.017,6,"Katze, Hund, Hase, Meerschweinchen, Kaninchen, Affe, Pferd, Jaguar, Tiger, Löwe, Erdmännchen, Capibara, Nutria, Vogel, Gecko, Schlange, Axolottel, Fisch, Frosch, Kröte, Maus, Ratte, Fledermaus, Nilpferd, Krokodil, Kranich, Storch, Stier, Skorpion, Widder,",21,1,4,4,5,1,,96,33,%SURVEY_CODE%,33,1,1,145,27.94,24.52,99,1,9.06,17.93,88.97,63.45,25.52,20.69,13.1,2.07,0,0,0,0,4.14,4.14,0,2.76,8.28,15.86,8.28,4.14,12.41,2.76,21.38,4.83,2.76,2.76,0,2.07,2.07,0,2.07,0.69,0,0.69,15.17,3.45,0,0.69,6.21,14.48,0.69,2.76,1.38,0.69,3.45,6.21,3.45,0,2.07,0.69,2.07,0,0.69,0,1.38,10.34,4.14,3.45,1.38,0,2.76,2.07,11.72,0.69,22.76,6.21,11.72,6.21,0.69,3.45,0,0.69,0,0,0,0,0,0,0,0,16.55,11.03,5.52,0,0,0,0,0,0,0,0,0,0
2025-04-18 09:07:26,2025-04-18 09:47:01,0,100,2375,1,2025-04-18 09:47:02,R_6PTaKYJhipWpO9P,anonymous,EN,4,BI,MA,8,3,1,1,,1,0,0,83.236,0,1.333,124.394,300.171,2,"Ich hatte starke Zahnschmerzen, da mein Nerv entzündet war. Deswegen auch Kopfschmerzen und keine Lust zu gewissen Aktivitäten. Mein damaliger Freund wollte trotzdem unbedingt sexuelle Aktivitäten durchführen. Ich habe es ihm zuliebe öfter gemacht. Dabei hab ich mich nicht unbedingt ernst genommen gefühlt.",Vor 2 oder 3 Jahren im Winter,76,3,4,2,3,4,5,2,3,3,0,0,18.486,0,1.111,279.884,300.174,15,Es war die eröffnungsrede des Semesters letztes Jahr im Oktober. Wir waren alle Erstis und haben den Professoren zugehört. Es war draussen und windig. Ich habe mehr oder weniger interessiert zugehört. Ich habe meine zukünftigen Kommilitinen betrachtet. Die Rede ging nicht allzu lang. danach spielte das Uni Orchester. Meine Gefühlslage war relativ neutral.,Unistart Oktober 24,71,2,2,4,4,3,4,6,1,4,0,0,3.219,0,0.88,225.945,300.151,8,"Ich war auf dem Weg zu einer Freundin. Ich lebte alleine in Griechenland. Ich war völlig am Ende mit meinen Kräften. Ich hatte an diesem Tag einen riesigen Essanfall gehabt, mich allein auf eine Bank draußen gesetzt und die 10 Sachen vom Bäcker gegessen, die ich mir im Automatismus gekauft hatte. Da war so ein großer Selbsthass und ich wollt mich bestrafen. Ich wusste genau, dass jeder weiterer Bissen mich immer schlimmer fühlen lassen würde. So schlimm dass ich denken würde der Tod wäre der letzte Ausweg. Ich war zu dieser Zeit völlig sozial isoliert und wollte nach Hause nach Deutschland, konnte aber nicht, weil mein Vater meinte ich es gehöre sich das FSJ fertigzubringen. Ich habe mich schrecklich gefühlt voller Schuld Hass Trauer und Leere.",1,3,5,5,7,Am 13.02.24,28,6,6,1,2,6,4,5,6,3,2,3,3,3,2,4,4,1,4,4,4,4,4,4,3,3,3,3,2,4,2,1,1,1,2,1,1,2,1,3,1,3,2,2,2,1,1,1,0,3,2,3,3,3,2,2,2,1,2,2,2,6,6,3,6,6,3,6,"3,6",1,6,6,2,"1,2,3",2,2,6,"2,3",17,1.355,97.787,120.027,5,Panzer Pendeln Packen Pärchen Panda Penis Personalausweis Pferd,1.529,91.781,120.023,5,"Tiger Hase Löwe Schlange Schwein Maulwurf Ratte Hund Katze Maus Bär Nilpferd Elefant 
Insekt Mammut Mader Fisch Libelle Pferd",20,2,4,4,5,1,,119,64,18508,64,1,1,126,26.39,20.11,99,1,14,16.67,89.68,59.52,20.63,15.08,14.29,0,0,0,0,0,0,0,0,4.76,8.73,9.52,13.49,2.38,10.32,0.79,19.05,7.94,0,0,0.79,2.38,12.7,3.97,9.52,1.59,1.59,6.35,7.94,0.79,0.79,0.79,0.79,20.63,4.76,1.59,4.76,2.38,6.35,1.59,2.38,0,0,1.59,0.79,0,0,0,0.79,7.14,2.38,2.38,1.59,0.79,0,11.9,1.59,0,18.25,0,14.29,3.97,0.79,0.79,0.79,3.17,0.79,1.59,0.79,0,0,0.79,0,0,11.11,7.14,3.97,0,0,0,0,0,0,0,0,0,0
2025-04-18 18:30:37,2025-04-18 19:16:37,0,100,2759,1,2025-04-18 19:16:38,R_5pYe51TyLRbRo4v,anonymous,EN,4,GI,MA,6,4,1,1,,1,0,0,673.638,0,0.96,0.96,300.013,1,"Mein Ex-Freund hatte nie Zeit für mich. Als er dann etwas für die Uni erledigen musste, hat er immer mit seinen Freunden telefoniert oder die Zeit anders verbracht, aber nie mit Lernen. Aber, dann, wenn wir zum Beispiel Zeit miteinander verbringen wollten und schon etwas geplant hatten, dann musste er seine Aufgaben ja noch fertigmachen. Also wurde mir dann abgesagt fürs Lernen, aber seinen Freunden nicht.",16 Monaten,36,4,6,3,3,4,4,9,4,4,0,0,25.994,0,5.446,189.598,300.012,4,"Es handelt sich um einen Abend, an dem meine Freundin mit ihrer Familie zu Abend gegessen hat. Es gab Spaghetti Bolognese. Sie musste später noch mit ihrem Hund rausgehen und wurde mehrfach darauf hingewiesen, ihn noch zu füttern. Später sind sie noch eine große Runde gegangen.",Vor 24 Monaten,69,2,1,4,1,1,4,1,1,4,1.63,1.63,2.522,1,0.638,265.125,300.111,2,"Ich glaube ehrlich, dass das Schlimmste mehrere Dinge waren, aber eines davon auf jeden Fall meine Trennung. Es war, an dem Abend nach einer Party und es war auch noch nicht offiziell, aber ich wusste, dass es eine Anspielung darauf war und wir einigten uns am nächsten Tag darüber zu reden. Trotzdem war mir klar, was mir bevorstand. Ich hatte immer mehr Tränen in den Augen und wollte diesen schrecklichen Moment irgendwie ungeschehen machen. Schließlich als ich merkte, dass es keinen Sinn hatte, ging ich zum Auto, mit dem mich meine Mutter abholte und ließ alles raus. Ich hab noch nie so schmerzhaft geweint und es fühlte sich an, als würde einem das Herz rausgerissen werden. Ich konnte nicht aufhören und es war so ein intensiver Schmerz, dass ich sogar schreien musste, weil ich so verletzt war.",5,5,5,5,4,Vor 13 Monaten,57,5,7,2,5,6,6,11,7,4,1,1,1,1,0,0,0,0,0,0,1,0,0,1,2,0,1,1,0,1,0,0,0,0,0,1,0,0,1,0,0,1,0,0,0,0,0,1,0,1,0,3,4,4,3,3,3,3,3,3,3,6,6,3,3,6,5,6,6,6,6,6,6,2,6,6,6,6,17,2.267,2.267,120.007,1,"Parentifizierung, Pausenbrot, Pinguin, Pusteblume, Persönlichkeit, Pelz, Puderzucker, Pasta, Plunder, Prokrastination, Plausch",0.999,0.999,120.01,1,"Hund, Panda, Bär, Löwe, Maus, Katze, Giraffe, Elefant, Antilope, Ratte, Fliege, Dachs, Maulwurf, Eichhörnchen, Koala, Känguru, Lachs, Hühner, Schweine, Pferde, Esel, Ziege, Eisbär, Robbe, Fische, Wolf, Gepard, Leopard, Schlange, Krokodil, Glühwürmchen, Chamäleon, Vogel, Lärche, Waldeule",19,2,4,4,5,1,,48,11,%SURVEY_CODE%,11,0,1,137,1,19.94,98.1,1,19.57,17.52,94.89,68.61,23.36,13.14,10.22,1.46,0,0,0,0,0.73,0.73,0,9.49,8.03,10.22,13.14,8.76,18.25,2.92,18.25,5.84,2.92,0.73,0,3.65,10.22,2.92,7.3,0.73,0,5.84,10.22,0.73,0,0.73,0,23.36,5.11,2.19,5.84,2.92,7.3,6.57,4.38,0.73,1.46,2.19,3.65,3.65,1.46,0,0,6.57,2.19,2.19,0.73,0,1.46,13.14,0,1.46,16.79,2.92,5.84,8.76,0.73,1.46,0,0,0.73,0,1.46,0,0,0,0,0,13.87,5.11,8.76,0,0,0,0,0,0,0,0,0,0
2025-04-19 23:05:15,2025-04-20 00:55:23,0,100,6607,1,2025-04-20 00:55:23,R_8dsQrXnykxu2qA9,anonymous,EN,4,BE,MO,17,3,1,1,,1,13.581,13.581,13.501,1,1.009,222.65,300.021,3,"Als ich ca 7 Jahre alt war, wurde eins meiner Kaninchen schwer krank. Wir (meine Mutter und ich) haben das Kaninchen über Wochen hinweg gepflegt und gehofft dass es gesund wird. Irgendwann an einem Nachmittag als ein Schulfreund bei mir war und wir geraden gespielt haben, kam meine Mutter nach Hause und eröffnete mir dass sie beim Tierarzt war und sie das Kaninchen leider einschläfern mussten. Ich bin damals in Tränen ausgebrochen. Ich war sehr verzweifelt weil ich bis zum Schluss davon ausgegangen bin, dass alles wieder gut wird. Ich habe damals gelernt, dass (Haus)Tiere nicht für immer da bleiben werden und dass das traurig aber okay ist. Ich erinnere mich daran dass meine Mutter und mein Schulfreund mich getröstet haben.",Herbst 2012,76,4,3,2,4,3,5,11,5,2,0,0,6.309,0,0.669,147.554,300.12,7,"Ich war vor kurzem auf dem Weg nach Hause. Es war spät abends. 
Auf der Straße saß eine niedliche Katze und als ich mich ihr näherte, lief die Katze sogar auf mich zu. Ich habe versucht die Katze zu streicheln, aber diese strich nur kurz um meine Beine und lief dann weg. Ich war alleine auf der Straße und wenn noch jemand weiteres da gewesen wäre, wär es mir vielleicht etwas peinlich gewesen, dass die Katze nicht von mir gestreichelt werden wollte. Ich fühlte keine große Enttäuschung oder ähnliche starke Emotionen.","17. April 2025, gegen 21:30",7,3,1,4,3,1,5,11,6,4,0,0,8.327,0,1.076,299.196,300.019,10,"Ich wurde letztes Jahr vergewaltigt von meinem damaligen Partner. Ich fühlte Hilflosigkeit, Angst und Enttäuschung darüber, dass die Person die mich liebte dazu in der Lage war mir so etwas anzutun. Kurz darauf war ich mit einem Freund verabredet und ich ging einfach zu der Verabredung ohne dass man mir anmerken konnte, was mir gerade passiert war. Erst abends viel mir auf, dass es tatsächlich passiert war und dann ging es mir wieder richtig schlecht. Meinem Partner tat es zu erst (glaube ich) nicht leid. Er konnte nicht verstehen, wie ich mich fühlte, aber er verstand was er getan hatte. Es war auch nicht das letzte mal, dass er es tat. Ich habe es schließlich geschafft, mich zu trennen und habe mein Trauma in einer Psychotherapie aufgearbeitet.",3,5,5,1,5,30.1.2024 gegen 10Uhr,59,5,6,1,6,5,6,9,1,6,1,0,1,1,1,0,0,1,2,1,1,2,0,0,1,0,2,2,1,2,1,0,1,1,2,1,2,1,1,0,0,2,1,0,1,1,1,1,1,1,0,3,3,3,2,3,2,3,3,2,3,6,2,1,6,6,5,6,1,1,6,6,2,5,"3,5",6,6,1,8,0.887,85.178,120.019,3,"Papagei, Pappe, Papier, PC, Pups, Pumpe, Pinzette, Pirat, Preis, Penis, Packung, Polyester, Pullover, Panda, Parasit, Pilger, Ping-Pong, Panzer, Politiker, Polizei, Pferd, Priester",2.093,42.183,120.018,2,"Ziege, Panda, Schlange, Pferd, Affe, Bär, Nashorn, Papagei, Kiwi, Känguru, Koala, Hund, Katze, Maus, Kaninchen, Hamster, Meerschweinchen, Chinchilla, Delfin, Hai, Orca, Wal, Tintenfisch, Qualle, Muschel, Eule, Adler, Möwe, Habicht",20,2,4,11,5,2,"Mir war nicht ganz klar, was ein neutrales Erlebnis sein könnte. Damit könnten sowohl alltägliche Situationen, wie Busfahren, gemeint sein, oder einfach Erlebnisse die keine extremen Emotionen ausgelöst haben.",65,19,%SURVEY_CODE%,19,0,1,127,1,15.54,99,1,15.88,19.69,92.91,70.87,27.56,18.11,14.17,0,0,0,0,0,3.94,3.94,0,9.45,5.51,7.87,14.17,9.45,13.39,3.15,18.11,6.3,0.79,2.36,2.36,2.36,6.3,0.79,5.51,1.57,0.79,3.15,13.39,1.57,2.36,0,5.51,14.17,3.94,1.57,0.79,3.15,3.94,4.72,1.57,0,0,1.57,2.36,0,0.79,1.57,0,7.09,2.36,4.72,0,0,0,12.6,2.36,0.79,16.54,1.57,8.66,7.87,0.79,0,0,0.79,0.79,0.79,3.94,0,0,0.79,0,0,14.17,6.3,6.3,0,0,0,0,0,0,0,1.57,0,0
2025-04-14 08:45:55,2025-04-14 08:46:13,0,2,17,0,2025-04-21 08:46:17,R_2WowDTdWiKFxLeF,anonymous,EN,4,,,,,,,,,,,,,,,,,,,,,,,,,,,,,,,,,,,,,,,,,,,,,,,,,,,,,,,,,,,,,,,,,,,,,,,,,,,,,,,,,,,,,,,,,,,,,,,,,,,,,,,,,,,,,,,,,,,,,,,,,,,,,,,,,,,,,,,,,,,,,,,,,,,,,,,,,,,,,,,,0,0,,,,1,0,,,,,,,,,,,,,,,,,,,,,,,,,,,,,,,,,,,,,,,,,,,,,,,,,,,,,,,,,,,,,,,,,,,,,,,,,,,,,,,,,,,,,,,,,,,,,,,,,
2025-04-21 19:05:24,2025-04-21 19:29:39,0,100,1455,1,2025-04-21 19:29:41,R_8Oizzcez0a42PfQ,anonymous,EN,4,Ay,Se,3,3,3,3,1,1,0,0,0.817,0,4.148,26.107,300.005,4,ich bin ausversehen die Fragestellung übersprungen deswegen weiß ich nicht um was es geht und was ich beschreiben soll. Sorry! :/,tgrt,74,4,2,2,3,4,4,7,3,6,0,0,3.036,0,1.528,1.528,300.009,1,"rttttttttttttttttttttttttttttttehgfffffffffffffffffffh6rhrgkjrgrpoh wr
grtkoi brtjikhp+wr
rgtktorhpürtkh 
rthokrü
thk w
rethortkrto
üwhk wr
ütohkeürpgk ert
hkortphk,rth
wrhkotrwphktorü
hkwrtoh
wrkohw
rhkotrw
hkotrühkrü
hkroth
wrkotrh
wrh",1,39,4,4,4,4,4,4,6,4,4,0,0,1.051,0,1.354,226.394,300.116,9,"Als ich als Kind plötzlich meine Mutter im Supermarkt verloren habe. Für ein paar Minuten war sie verschwunden und ich fühlte mich völlig hilflos und allein, obwohl so viele Menschen um mich herum waren. Mein Herz raste und ich konnte kaum atmen, weil ich dachte sie sei für immer weg. Als sie mich schließlich gefunden hat, zitterte ich noch immer. Diesen Moment vergesse ich bis heute nicht. :( :( :( :(",3,3,3,3,7,als Kind verloren im Supermarkt.,61,7,7,7,6,7,7,11,7,7,2,2,2,2,2,2,2,2,2,2,2,2,2,2,2,2,2,2,2,2,2,2,2,2,2,2,2,2,2,2,2,2,2,2,2,2,2,2,2,2,2,3,3,3,3,3,3,3,3,3,3,3,3,3,3,3,3,3,3,3,3,3,3,3,3,3,3,3,12,0.677,0.677,120.106,1,"pilz
penner
pflaume
pizza
pupsen
peter
pan
panne
pute
pate
pikachu
polen
pool
pfote
pommes
pulli
pulover
psychologie
pädagogik
polizei
prag
portugal",0.898,0.898,120.109,1,"hund
katze
pferd
kuh
schwein
giraffe
panda
Koala
elepfant
huhn
maus
hamster
vogel
wildschwein
fuchs
löwe
tiger
leopard
ente
iguaner
seepferdchen
fisch
ziege
stier
widder
känguru
kamel
waal
delphin
eidechse
spinne
wurm
schnecke
schmetterling
schlange",27,2,4,11,6,1,,112,40,17650,40,1,1,71,1,5.74,99,1,11.83,15.49,95.77,61.97,21.13,19.72,15.49,0,0,0,0,0,4.23,4.23,4.23,1.41,1.41,11.27,9.86,15.49,16.9,1.41,18.31,8.45,4.23,0,0,2.82,12.68,1.41,11.27,2.82,0,8.45,9.86,1.41,1.41,1.41,0,28.17,5.63,2.82,1.41,4.23,5.63,8.45,1.41,0,0,1.41,4.23,4.23,0,1.41,0,4.23,1.41,2.82,0,0,0,11.27,5.63,1.41,23.94,1.41,4.23,18.31,0,0,0,0,0,0,7.04,0,7.04,0,0,0,22.54,7.04,4.23,5.63,0,0,0,0,0,0,5.63,0,0
2025-04-15 13:42:37,2025-04-15 13:43:35,0,19,58,0,2025-04-22 13:43:36,R_8PbjV9AVP8nzpyk,anonymous,EN,4,NE,C,17,5,1,1,,1,,,,,,,,,,,,,,,,,,,,,,,,,,,,,,,,,,,,,,,,,0,0,1.657,0,,,,,,,,,,,,,,,,,,,,,,,,,,,,,,,,,,,,,,,,,,,,,,,,,,,,,,,,,,,,,,,,,,,,,,,,,,,,,,,,,,,,,,,,,,,,,,,,,,,,,,,,,,,,0,0,17359,,,1,0,,,,,,,,,,,,,,,,,,,,,,,,,,,,,,,,,,,,,,,,,,,,,,,,,,,,,,,,,,,,,,,,,,,,,,,,,,,,,,,,,,,,,,,,,,,,,,,,,
2025-04-23 20:52:39,2025-04-23 21:38:54,0,100,2774,1,2025-04-23 21:38:54,R_5dzgqhwFYrgqjyG,anonymous,EN,4,BI,HE,18,11,1,1,,1,0,0,11.501,0,1.424,248.879,300.026,5,"Am Tag nach der Hochzeit meines Cousins fuhr ich gemeinsam mit meinen Eltern zu meinen Großeltern zu Besuch, da sie nicht auf der Hochzeit waren. Als wir auf dem Parkplatz ankamen und aus dem Auto ausgestiegen waren, sagte mein Vater, dass er mir noch etwas sagen müsste, bevor wir reingingen. Dann sagte er mir, dass meine Tante, seine Schwester, gestorben sei. Während er das sagte, war mir als könnte ich sein Herz in seinen Augen brechen sehen. Ich fing an, zu weinen und umarmte meinen Vater.",1.7.2018,70,6,6,2,5,5,7,9,7,7,0,0,34.626,0,1.426,198.45,300.129,2,"Ich stieg auf dem Heimweg vom Fitnessstudio in die Straßenbahn und setzte mich auf einen Klappsitz. Zwei Plätze neben mir saß eine Frau und es saßen noch andere Menschen in der Bahn, aber sie war nicht besonders voll. Ich saß da und wartete, bis die Bahn an meiner Haltestelle ankam. Währenddessen starrte ich vor mich hin und hielt meine Wasserflasche in der Hand. Worüber ich nachdachte, weiß ich nicht mehr.",23.4.25,9,3,1,4,2,1,1,7,2,1,0,0,114.144,0,1.334,296.157,300.034,8,"Es war Weihnachten und ich war bei den Eltern meines Freundes zu Besuch sowie auch seine Tante väterlicherseits mit ihrer Familie. Wir alle waren über die Feiertage da. Eines Morgens stand ich in der Küche an der Küchenzeile und machte mir einen Tee. Da kam die Tante rein und machte mir Vorwürfe, dass ich nicht genug im Haushalt helfen würde. Dann kam seine mutter und verteidigte mich. Sie schrien sich an und mein Freund mischte sich ein. Dann kippte er um. Seine Schwester rettete mich aus der Situation und brachte mich in einen anderen Raum im 1.OG. Die Tante schrie so aggressiv weiter, dass ich dachte, sie würde mich schlagen und ich überlegte, aus dem Fenster zu klettern, um mich zu retten.",3,1,1,1,4,25.12.2021,85,3,1,1,5,5,6,11,4,6,0,0,0,0,0,0,0,0,0,0,0,0,0,0,0,0,0,0,0,0,0,0,0,0,1,0,0,0,0,0,0,0,0,0,0,0,0,0,0,0,0,3,4,3,2,3,3,3,3,3,2,3,6,3,3,6,3,1,1,1,6,6,3,6,6,6,6,5,6,5.454,52.037,120.015,4,"Pferd, Pflug, Panda, Papa, Pimpinelle, Plüschtier, Papagei, Pinguin, Pastor, Pfarrer, prügeln, Predigt, packen, pinkeln, plinken, Pech",2.409,64.955,120.118,4,"Pferd, Papagei, Pinguin, Schwan, Schwein, Katze, Hund, Maus, Ratte, Esel, Lama, Pfau, Pelikan, Ente, Frosch, Hase, Meerschweinchen, Affe, Rind, Fisch, Kröte, Eidechse, Mammut, Elefant, Tiger, Leguan, Löwe, Hyä",24,2,4,8,6,2,beim Einordnen des Erlebnisses in eine Kategorie ganz am Anfang,30,0,17131,0,0,1,123,47.86,63.8,66.51,1,13.67,17.89,94.31,64.23,23.58,19.51,11.38,0.81,0,0,0,0,5.69,5.69,2.44,4.07,9.76,13.01,5.69,1.63,15.45,0.81,15.45,4.07,0,0,0.81,0.81,5.69,1.63,4.07,0,2.44,0,20.33,6.5,2.44,4.07,2.44,11.38,0.81,3.25,2.44,2.44,3.25,1.63,0.81,0,0.81,0,2.44,0,0,0,2.44,13.01,8.13,3.25,0.81,0,1.63,9.76,0,0.81,18.7,2.44,13.01,4.07,0.81,1.63,4.88,0,0.81,0,0,0,0,0,0,0,12.2,8.13,4.07,0,0,0,0,0,0,0,0,0,0
2025-04-23 22:40:45,2025-04-23 23:17:15,0,100,2190,1,2025-04-23 23:17:17,R_7cHPiOMpySG4XAJ,anonymous,EN,4,NU,BU,16,11,1,3,1,1,0,0,18.616,0,2.693,147.551,300.012,7,"In der Türkei gab es ein Erdbeben.
Meine Familie war davon betroffen.
Meine Schwester und ihre Familie mussten ihre Häuser verlassen. 
Wir hatten großes Mitleid mit ihr.
Viele Menschen, die wir kannten, haben ihr Leben verloren.",6 Februar 2023,34,7,7,7,7,7,5,3,1,6,0,0,14.378,0,3.334,74.63,300.116,3,"Es war die Zeit des Covid. 
Mein Vater wurde schwer krank.
Er konnte nicht behandelt werden, weil es in den Krankenhäusern keinen Platz gab.
Wir versuchten, ihn selbst zu Hause unter sehr schwierigen Bedingungen zu behandeln.",2021,79,7,7,1,7,7,7,11,2,1,0,0,2.45,0,79.489,80.315,300.008,2,"In der Sekundarschule bin ich nach der Schule nicht nach Hause gegangen.
Ich habe mich verloren. 
Ich konnte den Weg nicht finden.
Ich hatte kein Handy und konnte meine Eltern nicht erreichen.
Ich konnte keine Fremden um Hilfe bitten, weil ich Angst hatte.
Ich blieb die ganze Nacht auf der Straße.",3,5,3,5,5,2013,89,7,7,2,6,7,6,11,7,1,3,3,4,4,3,3,2,2,4,4,4,4,3,3,2,0,0,2,3,3,2,2,0,0,0,0,1,1,2,0,1,2,2,1,2,1,1,1,2,3,2,3,3,3,2,2,2,1,1,2,2,2,2,1,1,6,5,6,1,1,6,6,2,"2,6",6,2,1,1,17,2.463,49.338,120.114,2,"Pigeon
Pear
Pearl
Potato
Police
Ponytail
Pork
Party
Panic
Packing
Package
Park
Pencil",2.144,2.144,120.011,1,"bear
bird
pigeon
cat
dog
fish
puma
lion
tiger
lizard
snake
elephant
wold
rabbit
monkey
horse
hamster
turtle
sparrow
octopus
bee
fly
mosquito",26,2,4,5,7,1,,103,56,18592,56,1,1,51,3.81,1,99,1,8.5,9.8,98.04,66.67,21.57,17.65,17.65,0,0,0,0,0,0,0,0,3.92,9.8,9.8,21.57,0,5.88,9.8,29.41,1.96,0,0,0,5.88,7.84,1.96,5.88,1.96,0,1.96,5.88,1.96,0,0,0,19.61,3.92,1.96,0,0,5.88,5.88,1.96,0,1.96,0,0,0,0,0,0,9.8,3.92,3.92,3.92,1.96,0,15.69,3.92,0,23.53,5.88,15.69,5.88,3.92,0,1.96,0,0,0,0,0,0,0,0,0,13.73,11.76,1.96,0,0,0,0,0,0,0,0,0,0
2025-04-17 14:21:44,2025-04-17 14:22:15,0,2,31,0,2025-04-24 14:22:17,R_2I0EkgAu6CE4gWB,anonymous,EN,4,,,,,,,,,,,,,,,,,,,,,,,,,,,,,,,,,,,,,,,,,,,,,,,,,,,,,,,,,,,,,,,,,,,,,,,,,,,,,,,,,,,,,,,,,,,,,,,,,,,,,,,,,,,,,,,,,,,,,,,,,,,,,,,,,,,,,,,,,,,,,,,,,,,,,,,,,,,,,,,,0,0,%SURVEY_CODE%,,,1,0,,,,,,,,,,,,,,,,,,,,,,,,,,,,,,,,,,,,,,,,,,,,,,,,,,,,,,,,,,,,,,,,,,,,,,,,,,,,,,,,,,,,,,,,,,,,,,,,,
2025-04-17 12:55:05,2025-04-17 14:40:54,0,60,6348,0,2025-04-24 14:40:54,R_82qmPER3m7JVPj3,anonymous,EN,4,Do,Th,26,12,1,1,,1,3.244,3.244,8.452,1,0.998,161.958,309.657,10,"Ein negatives Ereignis von dem ich mitbekommen habe, war von einer Freindin, die sexuell belästigt wurde, das Ereignis kann schon traumatisch sein, für sie war es das aber eher kicht. Das ganze war in München auf offener starße in der Nacht",Vor 2 Jahren,95,4,4,1,2,2,6,2,1,6,0,0,1.796,0,,,,,,,,,,,,,,,,,0,0,1.553,0,2.496,209.753,300.037,17,"Das schrecklichste Erlebnis was ich erlebt habe, war als von meiner besten freundin ihr Bruder an einem Motorradunfall gestorben ist.
Es war und ist immernoch eine sehr schlimme und schwere Zeit.
Ich erinnere mich noch genau an den Anruf als ich das erfahren habe, an die ganzen Momente, in denen wir geweint haben, an den ersten Tag am Grab, an die besonderen Tage ohne ihn. Es ist schlimm anzusehen, wie sehr das einen Menschen verletzten und traurig machen kann und zu sehen wie sie nicht mehr deshalb leben will. Und es ist umso schöner ab und zu ein Lächeln in ihren Augen zu sehen.",3,3,3,5,3,25.09.24,4,7,7,1,4,7,5,7,6,3,,,,,,,,,,,,,,,,,,,,,,,,,,,,,,,,,,,,,,,,,,,,,,,,,,,,,,,,,,,,,,,,,,,,,,,,,,,,,,,,,,,,,,,0,0,%SURVEY_CODE%,,,1,104,36.4,59.28,71.12,5.28,20.8,20.19,95.19,65.38,19.23,10.58,4.81,0.96,0.96,0,0.96,0,4.81,4.81,2.88,5.77,11.54,16.35,11.54,6.73,15.38,1.92,17.31,14.42,6.73,2.88,0.96,4.81,12.5,5.77,6.73,0.96,0,6.73,13.46,0.96,0.96,0.96,0.96,15.38,0.96,3.85,1.92,0,1.92,4.81,4.81,2.88,0.96,0.96,5.77,0.96,0.96,0,0,8.65,2.88,4.81,0,0.96,0,3.85,8.65,0,21.15,0,12.5,9.62,0.96,0,0,0,0,1.92,2.88,0,0,0.96,0,0,10.58,4.81,5.77,0,0,0,0,0,0,0,0,0,0
2025-04-24 14:41:06,2025-04-24 14:42:21,0,100,74,1,2025-04-24 14:42:22,R_8pRuIG0EqNszvoO,anonymous,EN,4,VA,LI,18,4,1,3,2,,,,,,,,,,,,,,,,,,,,,,,,,,,,,,,,,,,,,,,,,,,,,,,,,,,,,,,,,,,,,,,,,,,,,,,,,,,,,,,,,,,,,,,,,,,,,,,,,,,,,,,,,,,,,,,,,,,,,,,,,,,,,,,,,,,,,,,,,,,,,,,,,,,,,,,,,0,0,16684,,,1,0,,,,,,,,,,,,,,,,,,,,,,,,,,,,,,,,,,,,,,,,,,,,,,,,,,,,,,,,,,,,,,,,,,,,,,,,,,,,,,,,,,,,,,,,,,,,,,,,,
2025-04-17 15:47:08,2025-04-17 15:48:30,0,15,80,0,2025-04-24 15:48:31,R_8J2xCuPjSiNKF6e,anonymous,EN,4,Mo,GR,25,12,1,1,,1,,,,,,,,,,,,,,,,,,,,,,,,,,,,,,,,,,,,,,,,,,,,,,,,,,,,,,,,,,,,,,,,,,,,,,,,,,,,,,,,,,,,,,,,,,,,,,,,,,,,,,,,,,,,,,,,,,,,,,,,,,,,,,,,,,,,,,,,,,,,,,,,,,,,,,,,0,0,3418,,,1,0,,,,,,,,,,,,,,,,,,,,,,,,,,,,,,,,,,,,,,,,,,,,,,,,,,,,,,,,,,,,,,,,,,,,,,,,,,,,,,,,,,,,,,,,,,,,,,,,,
2025-04-24 19:25:02,2025-04-24 20:02:01,0,100,2219,1,2025-04-24 20:02:02,R_1hfR4hFxtXhVOXL,anonymous,EN,4,SA,MA,16,3,1,1,,1,0,0,11.459,0,3.703,261.653,300.021,11,"Mein Schulleiter in der neunten Klasse hat mich aus dem Unterricht genommen und mich aufgrund schlechter Matheleistungen fertig gemacht. Ein paar Monate zuvor ist meine Mutter gestorben, ich habe mich deshalb freiwillig zurückstufen lassen und ich war sowieso noch nie wirklich gut in Mathe. Meine Leistungen wurden dementsprechend schlechter. Als ich total aufgelöst und weinend im Büro saß, fing er an mir komplizierte mathematische Aufgaben zu geben, die ich logischerweise nicht beantworten konnte. Dann wurde ich gefragt warum ich überhaupt noch auf dieser Schule bin.",2019,80,4,5,3,6,2,6,2,3,6,0,0,7.899,0,1.309,229.753,300.12,11,"Mein Bruder ist vor etwa 2 Jahren von zuhause ausgezogen. Wir hatten weder ein gutes noch ein schlechtes Verhältnis. Es kam überraschend, aber nach seiner Ausbildung der nächste Schritt. Ich habe mich ziemlich gleichgültig gefühlt, da er zuvor eh selten zuhause war und das somit kaum eine Umstellung für mich war.",2023,90,2,1,4,3,2,2,4,2,7,2.026,2.026,2.044,1,1.31,291.345,300.017,14,"Vor ein paar Jahren bin ich in eine neue Klasse gekommen und habe mich gut mit einer Mitschülerin verstanden. Sie hat mich dann ein paar ihrer Freunde vorgestellt, mit denen wir draußen Alkohol getrunken hatten. Ich habe nicht viel getrunken und trotzdem habe ich mich wie auf Drogen gefühlt. Ein Junge der auch da war hat mich von den anderen weggebracht und vergewaltigt. Ich bin im Krankenhaus aufgewacht und habe mich an kaum etwas erinnert. Auf der Toilette habe ich Blut, Erde und blaue Flecken an meinen Beinen gesehen und ich hatte Schmerzen. Ich habe es niemandem erzählt und wurde nachher vom Täter erpresst. Da ich nicht darauf eingegangen bin, wurden Lügen über mich verbreitet",1,2,1,1,7,2019,20,6,7,1,7,6,6,1,7,2,1,3,3,2,4,3,4,2,3,4,3,3,2,3,3,0,3,4,2,4,0,1,1,0,1,2,1,2,3,1,2,1,1,1,0,1,2,1,1,2,1,1,2,2,4,2,2,2,3,2,2,6,6,3,6,6,3,3,1,1,3,"3,6","2,3",3,3,6,6,1,8,2.41,119.824,120.015,4,"Pferd, Plausibel, Panda, Puder, Peitsche, Preis, Prusten,",1.67,1.67,120.015,1,"Seeadler, Dachs, Fisch, Hai, Wal, Huhn, Pferd, Zebra, Aal, Schlange, Amsel, Schnecke, Käfer, Giraffe, Elefant, Fuchs, Möve, Bär, Schwein, Schaf, Ziege, Kuh, Wurm,",22,2,4,6,4,1,,103,56,18502,56,1,1,115,3.89,26.49,99,6,14.38,23.48,97.39,66.96,20.87,15.65,13.04,0.87,0,0,0,0,1.74,1.74,1.74,4.35,6.96,11.3,17.39,4.35,13.04,1.74,27.83,5.22,0.87,0.87,0,3.48,7.83,3.48,4.35,0.87,2.61,0.87,12.17,0,2.61,0.87,0.87,13.91,3.48,2.61,0.87,2.61,1.74,3.48,1.74,0.87,0,0.87,8.7,2.61,3.48,0.87,2.61,6.96,1.74,1.74,0.87,0,2.61,13.04,9.57,0,17.39,1.74,13.04,4.35,1.74,1.74,0,0,0,0,2.61,0,0,0.87,0,0,8.7,6.09,2.61,0,0,0,0,0,0,0,0,0,0
2025-04-25 14:04:50,2025-04-25 14:46:55,0,100,2524,1,2025-04-25 14:46:55,R_8pmupqFqNIC1HO9,anonymous,EN,4,JA,VA,8,3,1,3,1,1,0,0,2.15,0,0.784,299.455,300.117,5,"Sehr negativ war der tempore konaktabbruch zu meine Mutter. Wir hatten damals nicht immer das beste Verhältnis. Als ich 18 war und iwann von meinem Vater zurück nach Hause fuhr fing sie aber schon wieder einen Streit über ein unnötiges Thema mit mir an. Für mich war das zu viel, also fuhr ich noch vor ich zu Hause ankam zu meinem freund. Seine Mama hat mich aufgenommen und ich verbrachte 2 Monate bei ihnen. Anfangs hatte ich noch zig anrufe und nachrichten und sprachnachrichten meiner Mutter bekommen die aber nur von Geschrei und vorwürfen handelten. Ich habe sehr viel zu der zeit geweint. Iwann war der Kontakt komplett weg. Inzwischen haben wir aber wieder ein gutes Verhältnis, da ich ihr damals nach einiger zeit ein Ultimatum stellte. Entweder wir vergessen alles und thematisieren die Themen nicht mehr oder ic werde keinen Kontakt haben können. Sie war leider schon immer eine etwas schwierigere Person mit ihrer eigenen Realität und ihren eigenen Wahrheiten. Hat aber wohl gemerkt das ic auch alleine klar komme. Also gibt sichinzwischen auch etwas mehrmals m sowas nicht zu wiederholen.",Mai 2023.,60,7,7,1,7,6,6,11,7,7,0,0,18.677,0,1.244,60.161,300.009,5,"Ehrlich gesagt fällt mir da kaum ein. Aber eventuell fallen darunter die Telefonate damals mit meiner Tante. Sie selbst hat viel durchgemacht und hatte einige psychische Sachen zu meistern und aufzuarbeiten. Irgendwann war sie auch in einer Klinik aber das ist viel später nach den Telefonaten gewesen. Zu der zeit als sie mich immer wieder abends anrief war ich selbst noch minderjährig. Aber anscheinend auch eine tolle Ansprechpartnerin für sie. Ich habe quasi die kleine Psychologin für sie gespielt und sie hat alles bei mir rausgelassen. Ihre Gedanken und Gefühle, die sie gerade plagen. Das interessanteste dabei ist, das wir davor sehr viele Jahre keinen Kontakt hatten, da sie durch ihren damaligen Mann von unserer Familie wie abgeschottet wurde. Ich empfand diese Telefonate als weder besonders positiv noch besonder negativ. Meine Oma jedoch (ihre Mutter) fand das garnicht gut, dass sie sich bei mir, einem ya noch quasi Kind (auch wenn ich inzwischen jugendlich war), mit solchen Sachen meldet. Für mich war es in Ordnung aber als meine Oma mit ihr dann darüber sprach, hörte sie",Vor vielleicht ca 4-5 Jahren,85,4,5,4,6,5,3,11,6,2,0,0,4.913,0,0.765,296.07,300.018,15,"Zu einen hatte ich eine depressive Phase 2018 und 2019 dort kam es auch zu Selbstverleugnungen. Wirklich traumatisch war aber meine Beziehung die ich 2020-2022 hatte. Es war absolut toxisch. Manipulationen, Kontrolle, Beleidigungen, vorwürfe, sexuelle Nötigung. Da war alles dabei. Zwar keine physische, aber dafür psychische Gewalt. Es führte mich bis zu Panikattacken hin, bei denen ich erst nach der Beziehung wusste, das die an ihm lagen. Inzwischen bin ich in einer wundervollen gesunden Beziehung. Ich hatte aber viele Schwierigkeiten am Anfang die ich aufarbeiten musste. Vieles hat getriggert. Wenn ich ihn manchmal sehe habe ich immernoch dann herzrasen und innere Panik mit innerem zittern und plötzliche Hitze. Diese Person löst die absolute panik in mir aus.",1,5,2,1,7,2020-2022,51,7,7,1,7,7,5,11,6,1,1,0,1,1,0,2,3,0,0,0,1,0,0,0,2,0,1,0,1,0,0,0,0,0,1,1,0,1,0,0,1,0,0,0,1,0,0,0,0,0,0,3,4,4,3,4,3,3,4,3,3,1,3,3,3,6,2,2,5,1,6,6,"2,3",5,3,6,5,"1,2",17,2.089,2.089,120.015,1,"Palme, Pegasus , Pelikan, Pause, Pfirsich, pflaume, Pfannkuchen, Pionier, putzkraft, pflege, polyamorös, polygam, Pocken, pilgern, Pfad, Pferd, Pinsel, Pickel, Parkplatz,",1.914,1.914,120.114,1,"Affe, Elefant, Hund, Katze, Hamster, maus, Ratte, Eichhörnchen, Pelikan, Flamingo, tiger, Löwe, Leguan, Leopard, robbe, Eidechse, Gecko, Chinchilla, Hase, fisch, Schlange, Bär, Fuchs, luchs, Wolf, Fledermaus, Mücke, Biene, Wespe, Hummel, schnacke, spinne, kakelarke,",20,2,4,5,5,1,,52,13,18610,13,0,1,117,42.13,37.17,99,1,9.75,27.35,94.87,57.26,19.66,11.11,9.4,0,0,0,0,0,1.71,1.71,0,6.84,8.55,11.97,9.4,4.27,11.97,0.85,14.53,5.98,0,0,3.42,3.42,10.26,2.56,7.69,4.27,2.56,1.71,11.11,0,0,0,0,17.95,5.98,4.27,4.27,2.56,4.27,3.42,0.85,0.85,0,0,5.13,1.71,3.42,0.85,0,9.4,2.56,2.56,2.56,0,1.71,9.4,5.13,0,20.51,1.71,11.97,6.84,1.71,0,0,0.85,0,0,0.85,0,0,0,0,0,17.09,10.26,5.98,0,0,0,0,0.85,0,0,0,0,0
2025-04-20 19:18:57,2025-04-20 19:19:28,0,2,31,0,2025-04-27 19:19:29,R_8UmQNKNTEQ5wtIB,anonymous,EN,4,,,,,,,,,,,,,,,,,,,,,,,,,,,,,,,,,,,,,,,,,,,,,,,,,,,,,,,,,,,,,,,,,,,,,,,,,,,,,,,,,,,,,,,,,,,,,,,,,,,,,,,,,,,,,,,,,,,,,,,,,,,,,,,,,,,,,,,,,,,,,,,,,,,,,,,,,,,,,,,,0,0,14611,,,1,0,,,,,,,,,,,,,,,,,,,,,,,,,,,,,,,,,,,,,,,,,,,,,,,,,,,,,,,,,,,,,,,,,,,,,,,,,,,,,,,,,,,,,,,,,,,,,,,,,
2025-04-28 11:37:55,2025-04-28 12:12:46,0,100,2090,1,2025-04-28 12:12:46,R_27lqSoE1menSJVf,anonymous,EN,4,MO,MA,24,3,1,1,,1,0,0,2.514,0,1.577,263.149,300.018,5,"Ich hatte mal ein Referat (in der Mittelstufe glaube ich) mit einer Freundin, das lief eher so mäßig und am Ende hatten wir noch Rechtschreibfehler in der Powerpoint. Die Klasse hat uns ziemlich ausgelacht. Wir haben uns voll geschämt und sind rot geworden.","2014-2016, bin mir nicht genau sicher, ich meine es war die 7. oder 8. Klasse, evtl auch 6.",98,2,2,3,3,2,5,10,4,1,0,0,21.09,0,3.103,74.615,300.015,3,"Weder besonders positiv, noch negativ war als ich Abitur gemacht habe in Corona Zeiten. Mottowoche, Abschlussfahrt und Abiball sind ausgefallen, sodass ich eigentlich nur mein Zeugnis abgeholt habe und das wars. Insgesamt eher neutral.",2021,41,5,4,4,6,5,6,3,6,2,0,0,1.461,0,1.153,161.405,300.034,7,"Als ich 7 war wurde ich und mein Zwillingsbruder morgens von der Polizei geweckt, die dann unser Haus durchsucht haben. Meine Eltern waren nicht da, sie hatten beide Frühschicht.  
Die Polizisten haben irgendwas kontrolliert, weil meinem großen Bruder bestimmte Taten vorgeworfen wurden. 
Irgendwie war es dem Moment nicht so schlimm, aber später die Reaktion meiner Eltern zu sehen war sehr sehr sehr schlimm. 
Es folgte eine Reihe von weiteren Polizeibesuchen, Briefen, Gerichtsterminen etc.",5,5,5,5,3,"2010, Frühsommer Mai/Juni",68,6,7,1,5,4,6,7,2,1,1,1,0,1,0,0,0,1,1,3,0,0,0,0,0,0,1,1,0,0,0,1,0,0,1,1,0,1,0,0,2,0,1,0,0,0,0,0,0,0,0,3,3,2,2,3,2,3,3,3,2,6,"3,4",3,"2,3",5,"2,3",3,5,3,6,6,"2,3",3,6,3,6,1,17,1.128,1.128,120.012,1,"polen, Pollen, Polizei, pflegen, Pferd, Pfohlen, Pfarrer, Priester, Performanz, Prima, Plastik, pflegen, Paprika, Person, Pool, Pflanze, penner, Putzen, Platz, Pony, Papier,",1.219,1.219,120.032,1,"hund, Katze, maus, Pferd, affe, Giraffe, Esel, Kuh, Schwein, Hase, Lamm, Reh, Hirsch, Krokodil, Nilpferd, Löwe, Tiger, Leopard, Hai, Wal, Robbe, Delfin, Lachs, Ratte, Schlange, Aal, Leguan, Lemure",22,2,4,6,5,1,,43,10,7594,10,0,1,73,4.71,34.97,68.55,1,14.6,26.03,93.15,60.27,15.07,10.96,8.22,1.37,0,0,0,0,1.37,1.37,1.37,4.11,8.22,5.48,16.44,8.22,9.59,2.74,21.92,8.22,2.74,0,1.37,8.22,5.48,1.37,4.11,0,1.37,2.74,12.33,5.48,0,0,2.74,20.55,1.37,6.85,2.74,4.11,4.11,5.48,1.37,1.37,0,0,0,0,0,0,0,15.07,6.85,2.74,5.48,0,0,13.7,0,1.37,13.7,1.37,8.22,4.11,2.74,0,1.37,0,0,0,1.37,0,0,0,0,0,15.07,6.85,8.22,0,0,0,0,0,0,0,0,0,0
2025-04-21 15:13:16,2025-04-21 15:18:17,0,1,301,0,2025-04-28 15:18:23,R_8MYDNaeFR3DerWh,anonymous,EN,,,,,,,,,,,,,,,,,,,,,,,,,,,,,,,,,,,,,,,,,,,,,,,,,,,,,,,,,,,,,,,,,,,,,,,,,,,,,,,,,,,,,,,,,,,,,,,,,,,,,,,,,,,,,,,,,,,,,,,,,,,,,,,,,,,,,,,,,,,,,,,,,,,,,,,,,,,,,,,,,0,0,,,,1,0,,,,,,,,,,,,,,,,,,,,,,,,,,,,,,,,,,,,,,,,,,,,,,,,,,,,,,,,,,,,,,,,,,,,,,,,,,,,,,,,,,,,,,,,,,,,,,,,,
2025-04-28 14:55:17,2025-04-28 15:36:09,0,100,2452,1,2025-04-28 15:36:10,R_2InRu9jwP4Qtx8f,anonymous,EN,4,MI,DA,10,10,1,1,,1,0,0,1.838,0,0.818,278.796,300.009,14,"Mein Freund und ich saßen an einem Bahngleis und warteten auf unsere Bahn. Plötzlich fingen viele Menschen am Gleis an nach vorne zu rennen (in Richtung aus dem der Zug einfährt) und begannen wild mit den Armen zu wedeln und ""Stopp"" zu schreien. Der Zug fuhr weiter und überfuhr eine Person auf den Gleisen, die sich zuvor runtergestürzt hatte (habe ich nicht gesehen). Während der Zug einfuhr drehte mein Freund meinen Kopf weg vom Gleis, damit ich das nicht sehen musste und konnte. Daraufhin haben wir den Bahnhof verlassen, ich war emotional berührt, weinte und stand den restlichen Tag leicht unter Schock.",Vor ca. 3 Jahren,50,6,7,7,7,2,6,3,2,6,0,0,4.412,0,1.483,213.578,300.011,21,"Heute von 12-14 Uhr saß ich in der Vorlesung ""Kognition und Gehirn"". Die Vorlesung war wenig besucht und ich saß alleine in der Reihe, weil meine Freunde die Vorlesung nicht besuchen. Ich war entspannt und produktiv beim Mittippen, die Vorlesung war aber wenig spannend gehalten.",28.04.2025 zwischen 12:15 Uhr und 13:25 Uhr,7,3,1,4,3,1,6,2,2,1,0,0,18.645,0,1.315,42.246,300.011,12,"Ein paar Jahre nach der Scheidung meiner Eltern hatte meine Mutter einen neuen Partner. Ich lernte ihn kennen und mochte ihn sehr. Mein Vater war sehr eifersüchtig und kontrollierend und hat mich bedroht „wenn er mich noch einmal mit dem neuen Partner sehen würde, wäre es vorbei mit mir“. Ich war ca. 10 Jahre alt und das Gespräch fand am Geburtstag meines älteren Bruders statt, als wir seine Geburtstagstorte beim Bäcker abgeholt haben. Bis heute leugnet mein Vater diese und weitere Bedrohungen.",5,5,3,5,7,"Ein paar Jahre nach der Scheidung meiner Eltern, ich war ca. 10 Jahre alt, am Geburtstag meines Bruders (06.12.) beim Abholen seiner Geburtstagstorte",70,5,7,7,5,7,4,8,4,4,1,1,0,1,0,1,1,2,2,1,3,1,3,2,3,1,2,3,3,3,1,2,1,0,2,2,0,2,1,1,2,2,2,1,1,2,1,2,0,2,1,3,3,3,3,3,2,3,3,3,3,1,6,1,4,6,3,6,6,1,6,6,6,1,6,6,6,1,13,1.117,1.117,120.015,1,Pumpe Platz Penis Picknick Parkplatz Puppe Pornografie Po Pädagogik Psychologie Publikum Pink Pflaume Pizza Pervers Pampelmuse Premiere Paradies Produkt Pullover Paket Professor Pionier Pianist P,1.325,31.007,120.02,3,Hund Katze Maus Känguru Kaninchen Hamster Pferd Kuh Schaf Schwein Vogel Fisch Hai Ratte Maus Marienkäfer Ameise Maikäfer Esel Alpaka Kugelfisch Seepferdchen Chinchilla Reh Ziege Pfau,20,2,4,6,5,1,,91,34,17530,34,1,1,82,3.98,70.63,95.82,1,13.67,18.29,98.78,57.32,23.17,18.29,12.2,1.22,0,0,0,0,4.88,4.88,0,3.66,7.32,9.76,10.98,6.1,15.85,0,19.51,7.32,2.44,0,1.22,6.1,7.32,2.44,4.88,2.44,3.66,0,25.61,10.98,3.66,1.22,7.32,15.85,3.66,1.22,3.66,4.88,0,3.66,2.44,1.22,1.22,0,2.44,0,2.44,0,0,13.41,8.54,0,2.44,0,2.44,8.54,3.66,0,19.51,1.22,3.66,15.85,1.22,0,0,0,0,0,0,0,0,0,0,0,10.98,7.32,2.44,0,0,0,0,0,1.22,0,0,0,0
2025-04-23 14:07:03,2025-04-23 14:22:24,0,58,920,0,2025-04-30 14:22:27,R_2KCqc7keUwk0n4I,anonymous,EN,4,H,N,8,7,3,1,,1,0,0,3.053,0,0.823,59.223,300.027,3,"Während meiner Ausbildung (ich war damals 16) musste ich Protokoll schreiben für die Team Meetings.Es wurden immer Ideen gesammelt für verschiedene Sachen. Ich hatte auch Ideen und wollte mich ins Team einbringen wurde aber direkt unterbrochen und mir wurde vermittelt das ich nur da bin um Protokoll zu schreiben nicht aktiv teilzunehmen. Das hat mich sehr traurig gemacht und dadurch habe ich mich außerhalb des Teams gefühlt, ich habe mich danach nie wieder an meetings beteiligt und allgemein mich ehr zurück gehalten bei allem.",2016,20,3,5,2,6,7,6,8,4,6,0,0,2.132,0,14.547,61.966,313.48,2,"In der Schule wurde mir mit 13 von 3 Jungs der BH ausgezogen in der pause. Ich habe geweint und geschrienen aber das hat keiner mit bekommen. Ich habe einem der Jungs ins Auge gefasst bis er aufgehört hat und konnte mich los reißen. Dann habe ich mich in der Toilette versteckt und geheult. Am ende bin ich wieder in de Unterricht gegangen als wäre nie was geschehen. Davon hab ich nie jmd. erzählt es ist mir peinlich. Im Nachhinein versteh ich nicht warum keine Lehrkraft das mit bekommen hat/ oder ein geschritten hat. Ich habe schreckliche angst vor diesen Drei Kerlen und wenn ich die bei mir in der Stadt sehe, gehe ich ihnen aus dem Weg bzw. verstecke mich. Es macht mich furchtbar sauer das sie nie bestraft wurden sind.",2013,61,4,7,1,5,6,7,2,1,3,0,0,1.551,0,,,,,,,,,,,,,,,,,,,,,,,,,,,,,,,,,,,,,,,,,,,,,,,,,,,,,,,,,,,,,,,,,,,,,,,,,,,,,,,,,,,,,,,,,,,,,,,,,,,,,,,,,,,,0,0,16840,,,1,0,,,,,,,,,,,,,,,,,,,,,,,,,,,,,,,,,,,,,,,,,,,,,,,,,,,,,,,,,,,,,,,,,,,,,,,,,,,,,,,,,,,,,,,,,,,,,,,,,
2025-05-01 04:31:31,2025-05-01 04:33:04,0,100,92,1,2025-05-01 04:33:04,R_8CxxkZzBGkww72b,anonymous,EN,4,PR,JA,8,6,1,3,2,,,,,,,,,,,,,,,,,,,,,,,,,,,,,,,,,,,,,,,,,,,,,,,,,,,,,,,,,,,,,,,,,,,,,,,,,,,,,,,,,,,,,,,,,,,,,,,,,,,,,,,,,,,,,,,,,,,,,,,,,,,,,,,,,,,,,,,,,,,,,,,,,,,,,,,,,0,0,18655,,,1,0,,,,,,,,,,,,,,,,,,,,,,,,,,,,,,,,,,,,,,,,,,,,,,,,,,,,,,,,,,,,,,,,,,,,,,,,,,,,,,,,,,,,,,,,,,,,,,,,,
2025-04-25 20:00:25,2025-04-25 20:15:21,0,60,896,0,2025-05-02 20:15:23,R_8DZGi6OzQ6cxrCj,anonymous,EN,4,um,ab,25,7,3,3,1,1,0,0,1.196,0,4.312,24.838,331.055,6,"Das Erlebnis war ungewohnt, aber gleichzeitig spannend. Anfangs war ich unsicher, wie hilfreich ein Roboter im Coaching-Prozess sein kann, doch mit der Zeit merkte ich, dass es durchaus Vorteile gibt – etwa die neutrale Haltung und die klare Struktur. Besonders überrascht hat mich, wie reflektiert ich über meine eigenen Ziele nachdenken konnte. Insgesamt war es eine interessante Mischung aus Technik und persönlicher Entwicklung.","Das Erlebnis fand heute am [aktuelles Datum einsetzen, z. B. 25. April 2025] statt, im Rahmen der Teilnahme an der Studie bzw. dem Coaching mit dem Roboter. Es dauerte etwa [geschätzte Zeit, z. B. 30 Minuten] und fand in einer ruhigen, konzentrierten Umgebung statt.",53,4,4,4,5,5,4,6,4,4,0,0,1.253,0,,,,,,,,,,,,,,,,,1.442,1.442,2.479,1,1.702,50.36,300.181,7,"Das Erlebnis war interessant und neu für mich. Anfangs war ich etwas skeptisch, ob ein Roboter sinnvolles Coaching bieten kann, aber die Struktur und die Fragen waren gut durchdacht. Ich konnte in kurzer Zeit über meine Ziele nachdenken und habe dabei gemerkt, was mir im Moment wirklich wichtig ist. Besonders hilfreich fand ich, dass ich in meinem eigenen Tempo antworten konnte, ohne bewertet zu werden. Insgesamt war es eine ungewohnte, aber überraschend positive Erfahrung.",4,3,3,4,5,"Das Erlebnis fand am 25. April 2025 statt, im Rahmen der Studie mit dem Coaching-Roboter. Es begann etwa um [z. B. 10:30 Uhr] und dauerte ungefähr 30 Minuten. Die Situation war ruhig und ich konnte mich gut auf die Fragen konzentrieren.",72,5,5,5,5,6,5,8,5,5,,,,,,,,,,,,,,,,,,,,,,,,,,,,,,,,,,,,,,,,,,,,,,,,,,,,,,,,,,,,,,,,,,,,,,,,,,,,,,,,,,,,,,,0,0,16813,,,1,74,25.01,17.95,98.35,99,14.8,31.08,90.54,58.11,16.22,10.81,10.81,0,0,0,0,0,0,0,0,4.05,6.76,12.16,13.51,5.41,12.16,1.35,16.22,13.51,0,2.7,0,1.35,9.46,8.11,1.35,0,1.35,0,8.11,0,0,0,0,31.08,9.46,1.35,5.41,6.76,2.7,5.41,2.7,0,0,1.35,1.35,0,0,0,0,6.76,0,4.05,1.35,2.7,0,9.46,4.05,1.35,12.16,0,5.41,6.76,4.05,0,0,0,0,0,2.7,0,0,0,0,0,14.86,6.76,8.11,0,0,0,0,0,0,0,0,0,0
2025-05-02 23:59:48,2025-05-03 00:51:12,0,100,3084,1,2025-05-03 00:51:13,R_2lcU8MW64wp7j2Z,anonymous,EN,4,FA,AL,7,1,3,1,,1,0,0,5.417,0,0.74,0.74,300.033,1,"Ich bin mit dem Auto mit ca 160kmh auf der Autobahn gefahren und während der Fahrt ist etwas vorne im Motor geplatzt. Die Motorhaube ist während voller Fahrt auf meine Windschutzscheibe geknallt. Ich hatte für einen kurzen Moment einen Schock, habe heruntergebremst und bin links rangefahren, weil hinter mir keine Autos rangefahren sind, obwohl es ungefährlicher war, rechts ranzufahren. Habe mich an diesem Tag neben mir stehend gefühlt und später auch irgendwie gut gefühlt, aber an sich war das Erlebnis schon negativ, da ich beinahe mein Leben verloren hätte.",September 2022,32,3,1,4,7,1,7,11,5,1,0,0,11.563,0,1.189,97.218,301.611,3,"Ich war bei Edeka einkaufen und habe mir etwas zu trinken geholt. Ich wollte mir auch Süßigkeiten kaufen, es gab aber nichts mehr von dem was ich wollte und darum habe ich mir nichts gekauft. Nachdem ich mir meine Getränke gekauft habe, bin ich in die Unibib gegangen und habe meine Unisachen erledigt. Es hat sich schon eher positiv angefühlt, da ich produktiv sein konnte. Das Wetter war schön und es wäre auch schön gewesen, draußen etwas zu machen aber ich habe meine Sachen schon lange genug vor mir hergeschoben.",3.5.2025,2,7,1,5,7,1,7,11,7,7,0,0,64.822,0,4.168,225.416,300.024,9,"Wir (meine Mutter, Bruder, ich) haben unsere Wohnung durch Zwangsräumung verloren. Mein Bruder kam bei meinem Vater unter, ich war bei Freunden. Meine Mutter kam bei meinem Onkel (ihr Bruder) unter. Es gab einen Streit mit Handgreiflichkeiten zwischen meiner Mutter und meinem Onkel. Onkel schmeißt meine Mutter mitten in der Nacht auf die Straße. Ich konnte nichts tun um ihr zu helfen und wusste nicht wie es weitergeht. Vor allem die Hilflosigkeit und die Verzweiflung und kein Ausweg in Sicht waren sehr belastend für mich. Das Gefühl, dass man sich in so einer Notsituation nicht mal auf die eigene Familie verlassen kann und dass erwachsene Leute es nicht einfach schaffen in so einer Notsituation auszukommen.",5,5,5,5,5,märz 2015,83,7,7,1,5,3,5,9,3,4,4,0,0,4,0,4,2,0,1,4,4,3,2,4,0,3,0,0,3,0,0,0,2,0,3,0,0,2,0,3,0,0,3,0,0,3,1,0,1,0,1,3,3,2,3,3,3,4,3,3,4,3,6,1,2,5,1,1,3,1,3,6,2,3,3,3,3,1,17,4.051,4.051,120.033,1,"Peinlich
Pauschal 
Pur
Power
Pass
Passbild
Phantasie
Penibel
Praktisch
Pest
Pfennig
Pfiffig
Protzig
Proll
Proletariat
Pendel
Peace
Prost
Post
Panzer
Plan
Passabel
Panne
Pan-Ame",2.103,27.955,120.019,4,"Buckelwal
Löwe
Honigdachs
Igel
Berglöwe
Hering
Gorilla
Steinadler
Chamäleon
Erdmännchen
Rotfuchs
Hirsch
Hund
Katze
Maus
Blauwal
Schwertwal
Amsel
Storch
Reh
Schwein
Rind
Feldhase
Eselhase
Kolibri
Orang-Utan
Bonobo
Löwenaffe
Koalabär
Tapir
Kiwi
Strauß
Kamel
Känguru
Polarbär
Braunbär
Köngispinguin
Seestern
Oktopus
Mantarochen
Riesenkalamar
Laus
Hummel
Honigbiene
Schwanzlurch
Feuersalamander
Krokodil
Alligator
Salzwasserkrokodil
Tigerhai
Bullenhai
Leopard
Jaguar
Papagei
Wellensittich
Clownfisch
Zebra
Giraffe
Dachs
Esel
Giftpfeilfrosch
Laubfrosch
Kröte
Gans
Wildgans
Habicht
Seeigel
Lemur",34,1,4,5,6,1,,88,38,17191,38,1,1,115,32.55,66.09,99,1,14.38,16.52,93.91,64.35,23.48,14.78,10.43,1.74,1.74,0,1.74,0,1.74,1.74,1.74,7.83,7.83,15.65,8.7,2.61,12.17,4.35,16.52,2.61,0.87,0.87,0.87,4.35,6.96,1.74,5.22,1.74,0.87,3.48,22.61,10.43,0.87,3.48,6.96,14.78,5.22,0.87,0.87,1.74,5.22,2.61,1.74,0.87,0,0.87,0,0,0,0,0,19.13,13.04,6.09,0,0,0,6.96,1.74,0,19.13,1.74,15.65,2.61,0.87,0.87,1.74,0,0,0,0,0,0,0,0,0,13.91,6.96,3.48,0,0,0,0,0,0,0,3.48,0,0
2025-05-05 20:36:12,2025-05-05 21:22:01,0,100,2748,1,2025-05-05 21:22:02,R_7fqwoBn2CbnPeZR,anonymous,EN,4,AN,SA,12,10,1,1,,1,0,0,7.787,0,0.903,0.903,300.119,1,"Ich habe mich heute sehr bei der Arbeit geärgert. Wir hatten in einem kleinen Team ein Meeting vereinbart. Ich und mein Kollege als Ausbilder Team, unser Chef und unser Manager der alles Koordiniert. Leider haben wir das Gefühl bekommen, dass unser Meinung gar nichts zählt und wir mit unseren Gedanken und Ideen nun stänkern möchten. das war sehr deprimierend.",Heute um 13-14 Uhr,8,6,6,2,4,6,6,11,6,7,0,0,3.211,0,7.604,7.604,300.013,1,"Ich war in der Sparkasse um mein Konto zu wechseln. Dort habe ich mich informiert weshalb der automatische Wechsel nicht funktioniert. Mit wurde zwar nicht sehr höflich geholfen, aber am Ende konnte das Konto direkt gekündigt werden.",20.04.2025,19,4,2,3,3,1,6,11,7,7,0,0,45.273,0,3.599,3.599,300.1,1,"Ich war zu einer Ausbildung in Meran. Am Abend bin ich dann noch Spaziergen gegangen. Es ein etwas Berg auf. Ein rech breiter Geh und Fahrradweg. Es hat schon etwas gedämmert, als plötzlich ein E-Bike Fahrer von hinten gegen mich fuhr. Ich wurde zur Seite gerissen und er überschlug sich auf dem Fahrrad. Er war bewusstlos und ich geschockt. Ich hatte keinen Handy empfang und sah auf seinem Handy das am Boden lag nur das Foto einen neu geborenen Babys. Ich lief um Hilfe schreiend den Berg weiter nach oben. Und konnte dann meinen Freund Kontakten und den Rettungswagen. Als ich zurück zu dem Mann kam. War er zum Glück wach. Er hatte Alkohol getrunken und wohl die Kontrolle über das Fahrrad verloren und mich auch nicht gesehen.",5,5,2,5,5,August 2019,91,5,4,5,5,2,7,11,7,6,0,0,0,0,0,0,0,0,0,0,0,0,0,0,0,0,0,0,0,0,0,0,0,0,0,0,0,0,0,0,2,2,2,2,0,1,2,3,0,0,1,3,3,3,3,3,3,4,4,3,3,6,6,6,2,6,6,6,5,1,6,6,2,6,6,6,6,6,4,1.37,1.37,120.122,1,"Parkplatz, Putzfrau, Paragleiten, Panda, Prüfung, Pferd, Pfingsten, Pfau, Planschbecken, Pelikan, Professor, Pink, Papier, Pfennig, Pfeffer, Pfote, Pisa,",3.705,3.705,120.023,1,"Pfau, Giraffe, Ente, Adler, Amsel, Ameise, Bär, Biene, Clownfisch, Dachs, Dorado, Dackel, Elefant, Elster, Esel, Fisch, Heuschrecke, Igel, Jaguar, Katze, Lachs, Löwe, Möwe, Nilpferd, Pferd, Hund, Stachelsc",30,2,4,7,6,1,,47,0,15181,0,0,1,128,31.31,36.24,99,56.68,9.85,17.97,89.06,62.5,20.31,12.5,7.81,0,0,0,0,0,3.91,3.91,0,5.47,11.72,13.28,9.38,7.81,14.06,1.56,16.41,5.47,1.56,0,0,2.34,3.13,2.34,0.78,0,0,0.78,10.16,1.56,0.78,0,4.69,9.38,1.56,0.78,0,3.13,0.78,3.91,4.69,2.34,2.34,0,2.34,0.78,0.78,0,1.56,7.81,2.34,1.56,2.34,0.78,1.56,14.06,2.34,0.78,25,6.25,12.5,7.81,0.78,3.13,0,0.78,0,0,0,0,0,0,0,0,11.72,10.16,0.78,0,0,0,0,0.78,0,0,0,0,0
2025-05-06 10:13:25,2025-05-06 10:56:54,0,100,2609,1,2025-05-06 10:56:55,R_7UfqCptggQ8l60T,anonymous,EN,4,JE,SO,26,2,1,1,,1,0,0,3.291,0,1.402,272.845,300.008,6,"Bei einem Zusammenkommen von Freunden sind mehrere Bekannte und ich in einem WG-Zimmer und unterhalten uns, trinken, hören Musik. Nach und nach gehen immer mehr Leute nach Hause. Zum Schluss sind nur zwei junge Männer da und ich. Ich bin betrunken. Ich werde von beiden Männern angefasst und versucht zu küssen. Dabei drehe ich mich weg und lehne die Versuche verbal ab. Einer der Beiden zieht meine Hose runter, ich versuche mich körperlich zu wehren. Plötzlich ist der Mann auf mir drauf und sein Penis in mir drin. Ich fühle mich hilflos und handlungsunfähig, überlege wie ich jetzt effektiv agieren kann. Ich schreie so laut und schrill und lange wie ich kann. Dann springt er von mir runter, ich packe meine Sachen zusammen und renne weg.",vor 9 Jahren,43,3,3,1,3,3,4,11,3,5,0,0,20.084,0,2.258,52.158,300.016,5,"Ich warte auf dem Bahnhof auf meine Tochter und ihren Vater, sie sind ein paar Minuten zu spät. Als die Bahn kommt, steigen sie aus und kommen auf mich zu. Ich umarme mein Kind. Der Vater meines Kindes und ich sprechen uns kurz für die nächsten Tage ab. Dann kommt seine Bahn, er verabschiedet sich von meiner Tochter. Eine Minute später kommt unsere Bahn, ich schiebe den Kinderwagen in ein Abteil.",gestern,3,6,1,5,2,1,3,10,5,7,0,0,5.975,0,1.131,245.026,300.01,11,"Meine Familie (meine Schwester, meine beiden Brüder, meine Eltern und ich) befindet sich in der Küche. Wir Kinder sitzen am Esstisch, mein Vater wäscht Geschirr ab an der Spüle und meine Mutter steht am Herd. Meine Eltern streiten sich. Ich fühle mich unwohl. Plötzlich wirft mein Vater eine Tasse nach meiner Mutter. Sie trifft sie am Oberarm. Meine Mutter schreit laut auf und stürzt auf den Boden. Es war der Morgen vor einem Schultag.",4,5,4,1,6,vor 20 Jahren,84,4,7,1,4,3,7,11,1,4,0,0,0,0,0,0,0,0,0,0,0,0,0,0,0,0,0,0,0,0,0,0,0,0,0,0,0,0,0,0,0,0,0,0,0,0,0,0,0,0,0,3,3,3,3,3,3,3,3,3,2,6,3,6,6,6,"1,2,3",3,"1,3","1,3",6,6,"2,3,4",3,3,6,6,6,6,1.688,1.688,120.016,1,"Pfanne
Panne
penne
Penner
Peeling
Papa
Papst
Pups
Pille
Papagai
Pilates
Popo
Penis
Pot
Pink
Peinlich
Pfingsten
Pfau
Pool
plump
Philosoph
Physiologie
Pharao",2.422,41.286,120.11,3,"Adler
Reh
Schwein
Meerschwein
Ratte
Maus
Amsel
Spatz
Taube
Hund
Katze
Kuh
Pfau
Elster
Kaninchen
Hase
Hamster
Ferkel
Wildschwein
Elch
Ziege
Schaf
Käfer
Spinne
Garnele
Fisch
Delfin
Hai
Wal
Seestern
Qualle
Koralle
Octopus
Raupe
Made
Fliege
Schmetterling
Grashüpfer
Kakerlake
Tausenfüßler
Ameise
Krokodil
Schildkröte
Aligat",30,2,4,6,5,1,,29,0,18244,0,0,1,74,97.66,65.13,99,1,9.25,13.51,86.49,55.41,27.03,25.68,17.57,1.35,0,0,0,0,4.05,4.05,2.7,2.7,12.16,14.86,1.35,1.35,4.05,0,10.81,2.7,0,0,0,1.35,2.7,0,2.7,0,1.35,0,25.68,14.86,1.35,5.41,4.05,12.16,10.81,0,0,0,1.35,0,4.05,0,2.7,1.35,4.05,1.35,1.35,1.35,1.35,18.92,14.86,1.35,2.7,0,0,1.35,8.11,1.35,14.86,1.35,10.81,5.41,0,1.35,2.7,0,0,0,0,0,0,0,0,0,17.57,10.81,4.05,0,0,0,0,0,0,0,2.7,0,0
2025-05-06 20:52:35,2025-05-06 21:29:44,0,100,2228,1,2025-05-06 21:29:45,R_3aCwmETufBkdNhU,anonymous,EN,4,SI,AM,22,9,1,1,,1,0,0,3.836,0,1.231,92.585,300.02,3,"Vor einigen Jahren hatte ich einen Streit mit einem engen Freund. Es begann damit, dass wir unterschiedliche Meinungen zu einem gemeinsamen Projekt hatten. Ich war überzeugt, dass mein Vorschlag besser durchdacht war, aber er fühlte sich übergangen und nicht ernst genommen.

Wer war dabei: Nur mein Freund und ich – wir waren in einem Café verabredet, um alles zu besprechen.
Was ist passiert: Die Diskussion wurde lauter, hitziger, und wir merkten beide, dass es uns nicht mehr um die Sache, sondern um Prinzipien ging. Am Ende ist er wortlos gegangen.
Wie habe ich mich gefühlt: Ich fühlte mich zuerst wütend und dann traurig. Ich hatte ein schlechtes Gewissen, aber gleichzeitig auch das Gefühl, im Recht gewesen zu sein.
Was habe ich gedacht: Ich dachte darüber nach, wie oft wir früher harmonisch zusammengearbeitet hatten, und fragte mich, ob unsere Freundschaft Schaden genommen hatte.
Was habe ich wahrgenommen: Ich nahm seine Körpersprache wahr – verschränkte Arme, angespannter Gesichtsausdruck – und meine eigene innere Unruhe: Herzklopfen, trockener Mund.",17.06.2022,81,5,5,3,6,6,5,11,7,5,0,0,2.78,0,89.406,129.036,300.209,3,"Vor ein paar Monaten war ich mit einem Bekannten in einem kleinen Supermarkt einkaufen. Wir hatten uns zufällig auf dem Weg getroffen und beschlossen, gemeinsam unsere Besorgungen zu erledigen. Es war früher Abend, der Laden war nicht besonders voll, aber es liefen einige Menschen herum.

Wer war da: Ich und ein Bekannter, sowie einige andere Kunden und Angestellte.
Was ist passiert: Wir gingen durch die Gänge, unterhielten uns beiläufig über verschiedene Produkte und darüber, was wir noch für die Woche brauchten. Es gab keine besonderen Vorkommnisse – niemand war unhöflich oder besonders freundlich.
Wie habe ich mich gefühlt: Ich fühlte mich relativ neutral, weder besonders gut noch schlecht. Es war ein alltäglicher Moment, der keine besonderen Emotionen ausgelöst hat.
Was habe ich gedacht: Ich dachte darüber nach, was ich noch kaufen sollte und wie lange ich ungefähr brauchen würde, um wieder zu Hause zu sein.
Was habe ich wahrgenommen: Ich nahm die typischen Geräusche im Laden wahr – das Piepen an der Kasse, Gespräche in der Nähe, die Musik aus den Lautsprechern. Außerdem roch es nach Backwaren aus der nahegelegenen Bäckereitheke.",06.02.2025,93,4,2,6,6,2,5,9,3,7,0,0,2.234,0,102.301,212.842,300.041,2,"Vor einigen Jahren hatte ich einen schweren Verkehrsunfall. Ich war Beifahrer in einem Auto, das bei winterlichen Straßenverhältnissen auf einer Landstraße ins Schleudern geraten ist. Der Fahrer verlor die Kontrolle, und wir prallten frontal gegen einen Baum.

Wer war da: Ich war mit einem guten Freund unterwegs. Glücklicherweise kam kurze Zeit später ein anderer Autofahrer vorbei, der sofort den Notruf wählte.

Was ist passiert: Ich erinnere mich an den Moment des Aufpralls – es ging alles so schnell. Das laute Krachen, der plötzliche Schmerz, die zersplitterte Windschutzscheibe. Ich war benommen, konnte mich kaum bewegen. Mein Freund war bewusstlos. Es war eisig kalt, und ich konnte nur hoffen, dass Hilfe rechtzeitig kommen würde.

Wie habe ich mich gefühlt: Ich hatte panische Angst. Ich dachte, wir würden es nicht überleben. Ich fühlte mich hilflos, ausgeliefert, und gleichzeitig voller Adrenalin. Ich erinnere mich daran, wie meine Hände zitterten und mein Herz raste.

Was habe ich gedacht: Ich hatte Angst um meinen Freund und dachte ständig daran, was hätte schlimmer sein können. Ich fragte mich, ob ich eine bleibende Verletzung davontragen würde. Ich hatte das Gefühl, die Zeit vergeht nur sehr langsam.

Was habe ich wahrgenommen: Der metallische Geruch von ausgelöstem Airbag, zerbrochenes Glas auf meiner Jacke, die Schreie meines eigenen Atems, das entfernte Geräusch eines Martinshorns. Ich fühlte die kalte Luft im Inneren des zerstörten Autos und das pochende Brennen an meiner Stirn.",4,5,1,5,5,2018,99,6,6,2,6,6,6,11,6,4,0,0,0,0,0,0,0,0,0,0,0,0,0,0,0,0,0,0,0,0,0,0,0,0,0,0,0,0,0,0,0,0,0,0,0,0,0,0,0,0,0,3,3,4,3,4,4,4,3,4,3,2,2,1,6,6,6,6,6,6,6,6,6,6,6,6,6,1,4,1.52,31.872,120.204,3,"Papier

Pflanze

Punkt

Polizei

Pfeffer

Pullover

Pferd

Pizza

Park

Programm

Paket

Pause

Plastik

Partei

Person

Pilz

Planet

Preis

Problem

Pinsel",2.394,117.777,120.033,3,"Hund

Katze

Elefant

Giraffe

Löwe

Tiger

Affe

Bär

Zebra

Känguru

Pinguin

Krokodil

Adler

Fuchs

Nilpferd

Esel

Wal

Hai

Maus

Schlange

Schildkröte

Frosch

Ratte

Spinne

Delfin",28,1,4,5,4,1,,35,0,12655,0,0,1,229,25.15,21.84,99,1,12.05,25.76,87.77,55.46,23.58,15.72,13.54,0.87,0,0,0,0,1.31,1.31,0,6.55,11.35,6.11,10.48,4.37,8.3,0.44,20.09,7.42,1.31,3.49,0,1.31,9.17,3.49,5.68,2.18,0,1.75,6.11,0,1.31,0,1.31,15.72,6.11,1.75,2.18,3.49,1.75,1.75,6.11,0,1.31,3.93,4.8,3.93,0.87,0,0,6.99,2.62,3.06,1.31,0,0.44,11.35,3.06,0.44,17.03,4.8,6.11,7.42,0,0.87,0,0.44,0,0,1.75,0,0,0,0,0,18.34,8.3,7.86,2.18,0,0,0,0,0,0,0,0,0
2025-05-07 14:53:35,2025-05-07 15:27:33,0,100,2037,1,2025-05-07 15:27:34,R_2hGcvwHB1inUzNu,anonymous,EN,4,SA,CH,7,10,3,1,,1,0,0,8.08,0,1.185,138.672,300.006,4,"Meine Mutter hatte Krebs und vor der Operation war sie aufgeregt, hat es sich aber vor uns Kindern nicht anmerken lassen. Sie blieb stark. Es schien so, dass sie trotz der Angst zuversichtlich war und sich nicht unterkriegen lassen würde. Die Angst war mit Bestimmung und Akzeptanz versehen. Es war Winter und das Wetter war getrübt.","vor 14,5 Jahren",89,6,6,2,6,6,6,1,1,6,0,0,25.832,0,4.008,4.008,300.023,1,"Bei dem Erlebnis handelt es sich um einen Einkauf im Supermarkt.

Die Stimmung war recht neutral und nicht spannend.
Ich habe mich weder traurig noch fröhlich gefühlt, sondern war in meiner Mitte. 
Ich habe etwas vor mich hergesummt und spontan entschieden was ich mir zu Essen kaufe. Insgesamt war der Einkauf gleichgültig und ohne große Anstrengungen verbunden. An der Kasse verabschiedete ich mich höflich und ging wieder nach Hause",vor drei Monaten,4,1,1,1,1,1,1,10,4,1,0,0,11.472,0,1.101,217.335,300.124,3,"Bei meinem schrecklichsten Erlebnis handelt es sich um den Tag an dem ich erfahren habe, dass einer meine besten Freunde gestorben ist. Ich wurde angerufen und gefragt ob ich in eine bestimmte Wohnung kommen könne. Dort angekommen erhielt ich die Nachricht direkt und konnte es im ersten Moment überhaupt nicht fassen. Viele Freunde waren dort, die die Nachricht auch schon mitbekommen haben. Ihnen ginge es ähnlich wie mir. In der darauffolgenden Nacht konnte ich nur sehr schlecht schlafen und ich war sehr bedrückt. Dazu war es draußen sehr kalt und rau. Es handelt sich um ein Ereignis, dass ich nie vergessen werde.",1,3,5,5,5,Letzten Oktober,34,7,7,7,7,7,7,7,6,4,1,0,1,2,0,1,1,0,1,0,0,1,1,1,2,1,1,1,1,1,1,1,1,1,0,0,0,0,1,1,1,1,1,1,1,1,1,1,2,1,1,3,3,3,3,3,3,4,2,3,3,6,5,"1,2,3",3,3,"1,2,3,4",3,3,3,5,6,"2,3",1,3,"1,2",6,"1,2,3,4",8,1.993,1.993,120.111,1,"Porzelan, Papier, Papagei, Putzfrau, peinlich, Pein, Platz, Perfekt, Phantastisch, planlos, perfekt, perfide, Parfüm, Pervers, Petze, Pelz, Pfau, Pfosten, Pfote, Palme, Penner,",2.566,2.566,120.106,1,"Elefant, Papagei, Löwe, Esel, Wellensitich, Schlange, Tiger, Eichhörnchen, Biene, Fliege, Maus, Frosch, Bachstelze, Katze, Hund, Regenwurm, Taube, Ringelnatter, Eidechse, Wiesel, Berberich, Storch,",28,1,4,6,4,1,,65,17,18676,17,0,1,102,16.39,48.89,99,5.13,12.75,25.49,96.08,61.76,18.63,12.75,9.8,0,0,0,0,0,0.98,0,0.98,5.88,8.82,8.82,10.78,7.84,10.78,1.96,23.53,8.82,3.92,1.96,0.98,3.92,2.94,0.98,1.96,0.98,0,1.96,15.69,0,1.96,0,0,11.76,1.96,0.98,0.98,2.94,4.9,1.96,2.94,0,0.98,1.96,2.94,0.98,0.98,0,0,8.82,3.92,3.92,0.98,0.98,0,11.76,4.9,0.98,22.55,4.9,8.82,8.82,2.94,1.96,0.98,2.94,0,0.98,0,0,0,0,0,0,10.78,7.84,2.94,0,0,0,0,0,0,0,0,0,0
2025-05-08 09:42:00,2025-05-08 10:15:16,0,100,1995,1,2025-05-08 10:15:16,R_2BVkQdjdh1i2P8X,anonymous,EN,4,KA,HO,10,6,1,1,,1,0,0,32.414,0,1.4,1.4,300.021,1,"Ich habe für mehrere Monate in einem Callcenter gearbeitet und davor als Kellner in unserem Familienrestaurant. Ich habe auch in dem Restaurant in erster Linie als Ansprechpartner fungiert und Bestellungen über das Telefon angenommen und empfand die Arbeit hierbei als schrecklich. Die Kunden waren verständlicherweise sehr unfreundlich, da es sich eben um Service Arbeit handelt und nur die Kunden anrufen, die Beschwerden haben. Vor allem empfand ich das als ungangenehm, da ich oft an der Situation nix ändern konnte, ich bin immerhin nicht die Küche. Ich musste daher oft waren oder den Kunden einfach sagen, dass ich grad nix machen kann. Das hat oft meinen Puls in die Höhe geschossen und ich habe bemerkt, wie leicht ich einen Druck auf mir gespürt habe. Stellenweise schieße ich jetzt noch in den Stress, wenn ich ein Telefon klingeln würde. Auch nach der Arbeit war ich noch gestresst, da ich einfach für mehrere Stunden unter Strom stand und musste erstmal sport machen um mich herunterzuregulieren. Ich hab auch bemerkt, dass ich schon vorm ersten Kundenkontakt gestresst war, wenn ich den Laden betreten habe.",2017 Bis 2019,90,5,5,1,5,5,7,11,3,6,0,0,11.768,0,1.009,1.009,300.196,1,"Ich war vor paar Jahren bei der Familie meiner Exfreundin. Wir haben dort zu Mittag gegessen und dann den Tag dort verbracht, es war ziemlich langweilig. Es wurde nur über Themen geredet, die für mich uninteressant waren. Ich hab daher die Hälfte der Zeit nur an dem Handy verbracht. Hab mir die Ganze zeit gewünscht, dass es schnell vorbeigeht, aber auf der anderen Seite fand ich die Familie eigentlich ganz nett, daher ist die Erfahrung bei mir nicht zu negativ. Ich kann abgesehn von einem Gefühl von Langeweile keine anderen Empfindungen nennen.",Sommer 2018,60,3,3,4,3,2,5,4,2,4,0,0,11.151,0,0.833,0.833,300.01,1,"Meine Schlimmste Erinnerung ist, als ich alleine meine Wohnung zur Abgabe fertig machen musste. Meine Mutter hat damals ihre Verantwortung für ihr Restaurant an mich abgegeben und ich hatte damals auch mein Studium angefangen. Ich hatte durch die Arbeit im Restaurant keine Zeit für Uni oder für andere Dinge und habe meine Wohnung gekündigt. Ich war damals auch von ihr und dem Geld abhängig, einfach weil das alles zeitlich zusammengekommen ist und mein Vater mir mit dem Studium entgegen seiner Versprechungen nicht geholfen hat. Sie hat mir auch nie frei gegeben und Gehalt zu spät gezahlt. Ich bin irgendwann wütend von der Arbeit zu meiner Wohnung gegangen um die komplett alleine durch die Nacht zu renovieren - ich hatte noch nie soviel Zeitdruck in meinem Leben. Ich habe das auch nicht geschafft und bin irgendwann in der Wohnung zusammengebrochen. Meine Mutter ist dann spontan zu der Wohnung gefahren mit mehreren Mitarbeitern und hat die Wohnung dann renoviert während sie mich die ganze Zeit beschimpft hat - wohlgemerkt hatte sie mir zu dem Zeitpunkt mehrere Monate kein Gehalt gezahlt. Ich hab mich damals richtig geschämt und war dankbar - aber rückwirkend gesehn denke ich, dass sie das größte Miststück ist, was ich jemals geseh habe und der Gedanke an diese Erinnerung macht mich jetzt wütend.",5,5,4,5,7,März 2018,100,7,7,1,7,7,7,11,6,7,3,2,4,4,2,1,1,0,3,4,4,2,4,3,4,0,4,3,1,0,1,1,0,0,0,2,0,1,2,0,2,0,1,0,0,1,1,2,0,1,1,3,3,2,3,3,4,3,4,4,4,6,6,6,6,6,1,6,3,4,3,3,3,"2,4",2,6,3,1,17,1.562,1.562,120.015,1,"Parkplatz
Politik
Pirat
Pilates
Pizza
Pitazie
Pfeffer
Paprika
Post
Posttraummatische Belastungsstörung",1.192,1.192,120.116,1,"Affe
Papagei
Zebra
Nashorn
Chimpanze
Gorilla
Hund
Katze
Hamster
Ratte
Mäuse
Löwe
Tiger
Leoparden
Hyänen
Schwein
Kuh
Huhn
Erdmännchen
Pinguine
Koala
Frettchen
Otter
Fi",34,1,4,6,5,1,,98,49,9898,49,1,1,211,8.01,16.74,99,10.13,23.44,25.12,93.36,63.98,20.38,16.11,12.32,0,0.95,0,0.95,0,3.79,3.79,3.32,2.84,7.11,11.85,12.8,5.21,13.74,2.84,18.01,6.16,1.9,0.47,0.47,3.79,6.16,2.84,3.32,0.47,1.42,1.42,8.06,1.42,0,0.95,0.47,15.64,4.27,1.9,0.95,2.37,3.79,3.79,0,0,0,0,3.32,0,0.47,0,0.95,6.64,1.42,2.84,1.42,0,1.42,9,8.06,1.42,21.8,0.95,9.95,10.9,4.27,0.95,3.79,1.9,0,0,0.95,0,0,0.47,0,0,7.58,4.27,1.9,0,0,0,0,1.42,0,0,0,0,0
2025-05-08 11:56:20,2025-05-08 12:40:51,0,100,2671,1,2025-05-08 12:40:52,R_2SiAWtuf1EgrL6A,anonymous,EN,4,BI,ME,18,11,1,1,,1,0,0,2.857,0,1.52,226.634,300.115,3,"Ich habe gearbeitet, als Aushilfe die Medikamente verteilt hat, und wollte gerade zu einer Praxis loslaufen. Da ist ein Mann aus einer Sparkasse gerannt. Ich war nur ein paar Meter entfernt. Viele Leute haben sich erschrocken und geschrien. Der Mann hatte zwei Aktentaschen in der Hand. Zwei Männer sind hinterhergerannt. Ich war unter Schock und habe mich gefragt was passiert. Meine Gedanken waren so verwirrt, weil man nicht damit rechnet, dass jemand heutzutage  eine Bank überfällt.",Februar 2022,62,7,4,3,3,2,6,8,1,7,0,0,3.332,0,0.969,75.425,300.012,3,Ich bin gestern zum Einkaufen gegangen. Habe alle notwendigen Einkäufe im Rewe erledigt. An der Kasse bezahlt und kurz mit der Kassiererin geredet. Danach wieder nach Hause gelaufen. Dann habe ich die Einkäufe in den Kühlschrank geräumt.,07.05.2025,8,5,2,5,2,2,4,9,6,7,0,0,54.716,0,1.427,145.91,300.013,3,"Als sich mein Partner von mir getrennt hat. Wir waren über 5 Jahre zusammen. Er kam abends, ich war am kochen. Er meinte er isst nicht mit, ich hab gefragt warum. Darauf hin meinte er dann, dass er Schluss machen möchte. Danach hab ich total angefangen zu weinen. Es hat sich schlimm angefühlt. Ich konnte nicht so richtig klare Gedanken fassen.",3,5,5,5,4,24.07.2024,38,3,7,1,4,7,4,11,5,4,1,0,1,2,1,0,0,2,1,1,2,1,0,0,0,0,0,0,0,0,0,0,0,0,1,0,0,0,0,0,0,0,2,0,0,0,0,0,0,1,0,3,3,3,3,4,3,4,3,3,3,6,6,1,6,6,6,6,6,5,6,6,6,6,6,6,6,6,17,1.156,1.156,120.015,1,"Papa, Party, Patentante, Papier, Palme, Pink, Praktikum, Pullover, Pastel, Plastik, Punkt, Panther, Puppe, Pflanze, Pupille, Palme, Postkarte, Pfeffer,",1.804,1.804,120.011,1,"Hund, Katze, Maus, Pferd, Tiger, Hamster, Meerschweinchen, Löwe, Panther, Ameise, Bär, Pinguin, Vogel, Spinne, Schlange, Erdmännchen, Delphin, Giraffe, Zebra, Nashorn, Fisch, Kaninchen, Hühner, Schweine, Schafe, Ziegen,",22,2,4,11,5,1,,48,12,6847,12,0,1,61,1,57.51,98.63,1,7.63,16.39,98.36,62.3,24.59,22.95,9.84,1.64,0,0,0,0,8.2,8.2,0,1.64,1.64,13.11,16.39,9.84,9.84,3.28,31.15,4.92,1.64,1.64,1.64,1.64,6.56,1.64,4.92,0,0,4.92,22.95,1.64,1.64,0,9.84,26.23,8.2,3.28,1.64,4.92,9.84,4.92,1.64,0,0,0,3.28,0,0,0,3.28,11.48,4.92,4.92,1.64,0,0,13.11,6.56,0,19.67,0,8.2,9.84,0,1.64,0,0,0,0,3.28,0,0,1.64,0,0,18.03,13.11,4.92,0,0,0,0,0,0,0,0,0,0
2025-05-03 09:39:30,2025-05-03 09:41:05,0,19,94,0,2025-05-10 09:41:09,R_4ro2BDPEf3dsQq9,anonymous,EN,4,RA,GA,12,1,1,3,1,1,,,,,,,,,,,,,,,,,,,,,0,0,2.663,0,,,,,,,,,,,,,,,,,,,,,,,,,,,,,,,,,,,,,,,,,,,,,,,,,,,,,,,,,,,,,,,,,,,,,,,,,,,,,,,,,,,,,,,,,,,,,,,,,,,,,,,,,,,,,,,,,,,,,,,,,,,,,,,,0,0,17824,,,1,0,,,,,,,,,,,,,,,,,,,,,,,,,,,,,,,,,,,,,,,,,,,,,,,,,,,,,,,,,,,,,,,,,,,,,,,,,,,,,,,,,,,,,,,,,,,,,,,,,
2025-05-04 08:46:33,2025-05-04 08:54:55,0,23,501,0,2025-05-11 08:54:56,R_8VIok6GCExdwRW1,anonymous,EN,4,BE,NI,10,6,3,1,,1,0,0,33.249,0,2.126,289.151,300.125,6,"Ich muss 4 Jahre alt gewesen sein, als ich mit meiner Familie im Nordseeurlaub auf einer der Inseln war. Wir sind durch die Straßen spaziert und an einem Schaufenster bin ich stehen geblieben und habe die Aufmerksamkeit auf meine Familie verloren. Da wir 4 Kinder sind, war die Aufmerksamkeit auch nicht immer nur auf mich gerichtet. Ich war die jüngste von allen. Im nächsten Moment ist meine Familie weg gewesen und ich stand alleine da. Ich fing sehr stark an zu weinen und irgendwann weiß ich noch wie ich mich auf einer Terasse befand mit drei oder vier älteren Frauen. Sie haben mir Cola und Fanta angeboten, aber ich hab nur durchgängig geweint und habe große Angst verspürt. Irgendwann haben meine Eltern mich durch die Polizei und die Frauen die angerufen haben wiedergefunden.",2002,90,,,,,,,,,,,,,,,,,,,,,,,,,,,,,,,,,,,,,,,,,,,,,,,,,,,,,,,,,,,,,,,,,,,,,,,,,,,,,,,,,,,,,,,,,,,,,,,,,,,,,,,,,,,,,,,,,,,,,,,,,,,,,,,,,,,,,,,,,,,,,0,0,17419,,,1,0,,,,,,,,,,,,,,,,,,,,,,,,,,,,,,,,,,,,,,,,,,,,,,,,,,,,,,,,,,,,,,,,,,,,,,,,,,,,,,,,,,,,,,,,,,,,,,,,,
2025-05-04 15:58:07,2025-05-04 15:59:10,0,19,62,0,2025-05-11 15:59:12,R_8Xii625iALOLJVa,anonymous,EN,4,ST,CE,11,8,1,1,,1,,,,,,,,,,,,,,,,,,,,,0,0,1.812,0,,,,,,,,,,,,,,,,,,,,,,,,,,,,,,,,,,,,,,,,,,,,,,,,,,,,,,,,,,,,,,,,,,,,,,,,,,,,,,,,,,,,,,,,,,,,,,,,,,,,,,,,,,,,,,,,,,,,,,,,,,,,,,,,0,0,%SURVEY_CODE%,,,1,0,,,,,,,,,,,,,,,,,,,,,,,,,,,,,,,,,,,,,,,,,,,,,,,,,,,,,,,,,,,,,,,,,,,,,,,,,,,,,,,,,,,,,,,,,,,,,,,,,
2025-05-05 11:47:13,2025-05-05 12:02:55,0,43,941,0,2025-05-12 12:03:00,R_28J7rptl4JXF9l4,anonymous,EN,4,GA,CO,2,4,3,1,,1,1.832,1.832,4.749,1,0,0,300.251,0,,,,,,,,,,,,,,,,,,,,,,,,,,,,,,,,,0,0,1.347,0,4.394,270.995,300.016,12,"Ich war verabredet bei jemanden und um zu seiner Klingel zu kommen musst ich sein eingezäuntes Grundstück betreten. Dieses tat ich auch dabei kamen zwei Dalamtiner angerannt. Da ich selbst Hunde habe und man nicht anders zu der Schelle vom Haus kam, sah ich dieses nicht als Problem an. Ich hielt meine Hände nach virne zum schnuppern und als Begrüßung und sprach sanft mit den Hunden. Es passierte alles sehr schnell, der eine sprang mich an und der andere biss mir direkt in den Oberschenkel. Aber nicht so tief dass ich es direkt begriff. Ich drehte mich um und er biss mehrmals hinten ins Bein beim verlassen des grun",5,1,1,5,7,08.03.25,1,7,7,1,5,7,5,11,4,5,,,,,,,,,,,,,,,,,,,,,,,,,,,,,,,,,,,,,,,,,,,,,,,,,,,,,,,,,,,,,,,,,,,,,,,,,,,,,,,,,,,,,,,0,0,17710,,,1,109,30.01,11.54,99,5.62,15.57,16.51,86.24,62.39,21.1,13.76,11.01,0,0,0,0,0,2.75,2.75,0,7.34,6.42,16.51,8.26,4.59,14.68,2.75,18.35,6.42,2.75,0,0.92,1.83,2.75,0.92,1.83,0,0,0.92,9.17,0,0,0,0.92,16.51,2.75,0.92,2.75,0.92,6.42,7.34,1.83,0.92,0,0.92,3.67,1.83,0,0,1.83,2.75,0,0.92,0,0,1.83,9.17,1.83,0,21.1,5.5,11.93,4.59,0,0,0.92,0,0,0,0,0,0,0,0,0,7.34,5.5,1.83,0,0,0,0,0,0,0,0,0,0
2025-05-06 02:08:14,2025-05-06 02:17:03,0,38,528,0,2025-05-13 02:17:12,R_8feYHUPDkxGp2Hu,anonymous,EN,4,AN,LU,15,4,1,1,,1,11.592,20.101,20.221,2,3.284,162.301,300.02,12,"Eine nahestende Person wurde von einem alten Schulkameraden körperlich belästigt. 
Er hat sie berührt während sie geschlafen hat. Vorher hat er ihr Alkohol gegeben. 
Diese Erzählung hat in mir Vorstellungen verursacht.",Vor 2 jahren,50,6,6,1,7,5,7,2,2,6,13.23,13.23,14.457,1,,,,,,,,,,,,,,,,,,,,,,,,,,,,,,,,,,,,,,,,,,,,,,,,,,,,,,,,,,,,,,,,,,,,,,,,,,,,,,,,,,,,,,,,,,,,,,,,,,,,,,,,,,,,,,,,,,,,,,,,,,,,,,,,0,0,18118,,,1,0,,,,,,,,,,,,,,,,,,,,,,,,,,,,,,,,,,,,,,,,,,,,,,,,,,,,,,,,,,,,,,,,,,,,,,,,,,,,,,,,,,,,,,,,,,,,,,,,,
2025-05-05 17:02:13,2025-05-11 14:59:27,0,35,511034,0,2025-05-18 14:59:33,R_6MWZcSADATF5RYG,anonymous,EN,4,KA,JU,5,9,1,1,,1,2.671,11.504,22.791,2,1.175,291.249,300.03,7,"Mein Vater erlitt, während ich 15 war, einen relativ starken Autounfall. Zwar hatte er keine starken physischen Beschwerden, aber als Resultat des Unfalls zeigte er deutliche Persönlichkeitsänderungen. Dementsprechend hat er sowohl meine Familie als auch mich stark anders behandelt. Was das Ganze erschwert hat war die Reaktion meiner Mutter, welche diese Änderungen weitgehend ignorierte. Unter anderem hat er mir oft gedroht, mich aus dem Haus zu schmeißen oder mich zu schlagen. Zusätzlich litt ich in diesem Zeitraum an einer starken Depression und SVV, und er forderte mich auf, mich stärker selbst zu verletzen.",2018 bis 2020,61,7,7,1,6,7,6,11,4,2,,,,,,,,,,,,,,,,,,,,,,,,,,,,,,,,,,,,,,,,,,,,,,,,,,,,,,,,,,,,,,,,,,,,,,,,,,,,,,,,,,,,,,,,,,,,,,,,,,,,,,,,,,,,,,,,,,,,,,,,,,,,,,,,,,,,0,0,17080,,,1,0,,,,,,,,,,,,,,,,,,,,,,,,,,,,,,,,,,,,,,,,,,,,,,,,,,,,,,,,,,,,,,,,,,,,,,,,,,,,,,,,,,,,,,,,,,,,,,,,,
2025-05-12 10:17:12,2025-05-12 10:17:25,0,2,12,0,2025-05-19 10:17:27,R_26hFynACeY6aWJQ,anonymous,EN,4,,,,,,,,,,,,,,,,,,,,,,,,,,,,,,,,,,,,,,,,,,,,,,,,,,,,,,,,,,,,,,,,,,,,,,,,,,,,,,,,,,,,,,,,,,,,,,,,,,,,,,,,,,,,,,,,,,,,,,,,,,,,,,,,,,,,,,,,,,,,,,,,,,,,,,,,,,,,,,,,0,0,3406,,,1,0,,,,,,,,,,,,,,,,,,,,,,,,,,,,,,,,,,,,,,,,,,,,,,,,,,,,,,,,,,,,,,,,,,,,,,,,,,,,,,,,,,,,,,,,,,,,,,,,,
2025-05-12 14:16:21,2025-05-12 14:18:21,0,15,120,0,2025-05-19 14:18:27,R_21b83Dkq4XBysQ9,anonymous,EN,4,RE,LI,12,4,1,1,,1,,,,,,,,,,,,,,,,,,,,,,,,,,,,,,,,,,,,,,,,,,,,,,,,,,,,,,,,,,,,,,,,,,,,,,,,,,,,,,,,,,,,,,,,,,,,,,,,,,,,,,,,,,,,,,,,,,,,,,,,,,,,,,,,,,,,,,,,,,,,,,,,,,,,,,,,0,0,15493,,,1,0,,,,,,,,,,,,,,,,,,,,,,,,,,,,,,,,,,,,,,,,,,,,,,,,,,,,,,,,,,,,,,,,,,,,,,,,,,,,,,,,,,,,,,,,,,,,,,,,,
2025-05-13 21:28:06,2025-05-13 21:29:54,0,19,107,0,2025-05-20 21:29:58,R_2eD3Xb3Sdzmn14d,anonymous,EN,4,SU,ME,7,1,1,3,1,1,,,,,,,,,,,,,,,,,,,,,,,,,,,,,,,,,,,,,,,,,0,0,1.663,0,,,,,,,,,,,,,,,,,,,,,,,,,,,,,,,,,,,,,,,,,,,,,,,,,,,,,,,,,,,,,,,,,,,,,,,,,,,,,,,,,,,,,,,,,,,,,,,,,,,,,,,,,,,,0,0,15931,,,1,0,,,,,,,,,,,,,,,,,,,,,,,,,,,,,,,,,,,,,,,,,,,,,,,,,,,,,,,,,,,,,,,,,,,,,,,,,,,,,,,,,,,,,,,,,,,,,,,,,
2025-05-14 10:38:04,2025-05-14 10:39:41,0,19,96,0,2025-05-21 10:39:43,R_8lSIuZ0pJ0G0reJ,anonymous,EN,4,PE,AN,15,12,3,1,,1,,,,,,,,,,,,,,,,,,,,,0,0,1.034,0,,,,,,,,,,,,,,,,,,,,,,,,,,,,,,,,,,,,,,,,,,,,,,,,,,,,,,,,,,,,,,,,,,,,,,,,,,,,,,,,,,,,,,,,,,,,,,,,,,,,,,,,,,,,,,,,,,,,,,,,,,,,,,,,0,0,18784,,,1,0,,,,,,,,,,,,,,,,,,,,,,,,,,,,,,,,,,,,,,,,,,,,,,,,,,,,,,,,,,,,,,,,,,,,,,,,,,,,,,,,,,,,,,,,,,,,,,,,,
2025-05-14 10:39:47,2025-05-14 10:40:52,0,19,65,0,2025-05-21 10:40:55,R_2Ve8aQCueXRp9U9,anonymous,EN,4,PE,AN,15,12,3,1,,1,0,0,12.866,0,,,,,,,,,,,,,,,,,,,,,,,,,,,,,,,,,,,,,,,,,,,,,,,,,,,,,,,,,,,,,,,,,,,,,,,,,,,,,,,,,,,,,,,,,,,,,,,,,,,,,,,,,,,,,,,,,,,,,,,,,,,,,,,,,,,,,,,,,,,,,,,,,,,,0,0,18784,,,1,0,,,,,,,,,,,,,,,,,,,,,,,,,,,,,,,,,,,,,,,,,,,,,,,,,,,,,,,,,,,,,,,,,,,,,,,,,,,,,,,,,,,,,,,,,,,,,,,,,
2025-05-14 15:50:04,2025-05-14 15:52:33,0,19,148,0,2025-05-21 15:52:36,R_8RcTuko0hx21cK5,anonymous,EN,4,NE,GA,21,8,3,3,1,1,1.461,1.461,2.434,1,,,,,,,,,,,,,,,,,,,,,,,,,,,,,,,,,,,,,,,,,,,,,,,,,,,,,,,,,,,,,,,,,,,,,,,,,,,,,,,,,,,,,,,,,,,,,,,,,,,,,,,,,,,,,,,,,,,,,,,,,,,,,,,,,,,,,,,,,,,,,,,,,,,,0,0,12976,,,1,0,,,,,,,,,,,,,,,,,,,,,,,,,,,,,,,,,,,,,,,,,,,,,,,,,,,,,,,,,,,,,,,,,,,,,,,,,,,,,,,,,,,,,,,,,,,,,,,,,
2025-05-21 19:48:51,2025-05-21 20:28:50,0,100,2398,1,2025-05-21 20:28:50,R_8BQuIkGoFlL0reC,anonymous,EN,4,S,FA,5,9,1,1,,1,0,0,7.188,0,87.783,119.494,300.067,5,"BEi einem Kumpel von mir wurde eingebrochen, als er alleine zu Hause war. Er hat die Geräusche gehört und sich aus Angst versteckt. Seitdem fühlt er sich oft unwohl, wenn er abends allein ist. Ich kann mich gut an das Gespräch mit ihm erinnern. Er war voller Angst.",2022,91,5,5,3,3,4,4,3,1,4,0,0,3.1,0,8.228,84.649,300.105,2,"Vor ein paar Wochen habe ich ein Projekt abgeschlossen, an dem ich lange gearbeitet habe, und das Gefühl danach war einfach großartig. Es ging um eine Hausarbiet aus einem schwierigem Modul, vordem ich mich lange gedrückt habe. Solche Momente motivieren mich immer wieder, dranzubleiben und weiterzumachen.",2022,31,3,3,6,6,5,5,10,7,6,0,0,2.308,0,1.187,274.869,300.146,10,"Ich hatte mal einen Autounfall, auf der Fahrt richtung Türkei. Es kam das andere Auto und es hat einfach gekracht. Meine ganze Familie saß im Auto, aber keiner wurde verletzt. Ich kann mich an nichts sonst erinnern. Seitdem bin ich manchmal total nervös, wenn ich Auto fahre. Ich denke oft daran zurück.",3,3,5,3,5,2016,40,6,6,2,2,4,3,11,5,3,0,0,0,1,1,1,2,1,2,1,1,3,0,0,1,1,1,1,2,2,1,1,0,1,0,0,0,1,0,0,0,0,0,0,0,1,0,1,0,0,1,3,3,3,3,4,3,2,3,3,3,6,6,1,2,3,2,3,3,3,3,6,3,3,3,3,3,5,3,47.105,78.991,120.177,11,"Plakat, Polizei, Papier , Pistole, Pyramide, Person, President, Pisa, Pusakas Award,",1.352,1.352,120.017,1,"möwe, tieger, löwe, hund, giraffe, affe, kuh, hahn, maus, ratte, vogel, bieber, fuchs, ente, kamel, esel, ziege, schaf, fisch, hai, waal",25,1,4,4,5,1,,58,21,14926,21,0,1,52,1,3.5,99,1,8.67,17.31,94.23,59.62,25,13.46,13.46,0,0,0,0,0,0,0,0,9.62,5.77,5.77,9.62,7.69,11.54,3.85,19.23,9.62,0,0,1.92,9.62,3.85,0,3.85,1.92,0,0,5.77,1.92,0,0,0,28.85,5.77,1.92,3.85,7.69,3.85,7.69,0,0,0,0,0,0,0,0,0,1.92,1.92,0,0,0,0,7.69,11.54,0,26.92,9.62,11.54,7.69,0,7.69,3.85,0,0,0,1.92,0,0,0,0,0,17.31,11.54,5.77,0,0,0,0,0,0,0,0,0,0
2025-05-15 08:52:57,2025-05-15 09:57:55,0,83,3898,0,2025-05-22 09:57:56,R_802lt9EPIYio7Qn,anonymous,EN,4,ST,CE,11,8,1,1,,1,0,0,21.449,0,0.965,261.684,300.01,3,"Ich habe einen Mann kennengelernt und es war das erste Mal, dass ich dachte der ist wirklich intelligent und nett. Wir haben uns sehr gut verstanden, aber er ist weggezogen . Wir hatten nicht sehr viel Zeit zusammen und ich habe es als negatives Gefühl in Erinnerung, dass ich mir gewünscht habe, wir hätten uns früher kennengelernt. In dem Moment war ich traurig, aber seitdem nicht mehr.",24. Juni 2024,0,3,2,4,4,4,5,2,2,7,0,0,117.044,0,1.165,1.165,300.011,1,"Ein weder positives noch negatives Erlebnis für mich sind alltägliche Erlebnisse, z.B. einfach ein normaler Arbeitstag. Für mich war das ein FSJ im Kindergarten, wo ich jeden Tag dieselben ArbeitskollegInnen gesehen habe. Mein Weg war ebenfalls immer derselbe und auch die täglichen Aufgaben haben sich geähnelt, auch wenn natürlich kein Tag genau derselbe war. Ich war oft neutral eingestellt, weil mir die Arbeit zwar Spaß gemacht hat, aber ich auch lieber andere Dinge getan hätte. Ich habe oft daran gedacht, was ich nach der Arbeit tue, was positiver ist.",Ende Juli 2024,42,5,3,5,6,5,7,3,4,6,0,0,1.395,0,0.675,289.576,300.013,5,"In meiner ersten Beziehung wurde ich sexuell missbraucht. Fast täglich über zwei Jahre lang. In den Momenten waren wir nur zu zweit und ich hab oft gedacht, dass ich das jetzt einfach über mich ergehen lassen muss. Ich war vor allem danach oft traurig und frustriert, weil es mir immer wieder gezeigt hat, dass diese Beziehung nicht die richtige für mich ist. Außerdem habe ich es oft ihm gegenüber erwähnt, dass das was er tut nicht richtig ist, aber er hat es nicht verstanden, deswegen war ich oft frustriert und dachte, es gäbe sowieso keinen Ausweg, vor allem, weil wir die gleiche Freundesgruppe und in der gleichen Kleinstadt gelebt haben. Ich weiß noch, wie ich mich gefühlt habe, aber ich kann es nicht mehr nachempfinden.",3,3,3,1,6,Bis August 2023,0,1,2,1,3,6,4,2,1,1,2,0,0,3,1,4,4,4,4,2,2,1,0,0,0,0,1,0,0,1,1,1,0,1,3,2,1,2,3,0,1,1,1,1,1,0,1,2,3,3,0,1,3,3,2,2,2,3,3,2,2,6,6,1,3,6,6,6,1,1,6,6,3,6,6,6,6,5,9,,,,,,,,,,,,,,,,,,80,29,16078,,,1,125,1,21.35,99,1,20.83,21.6,96.8,68.8,24.8,15.2,11.2,1.6,0,0,0,0,2.4,2.4,0,8,4.8,8.8,16,7.2,12,4,24,10.4,3.2,1.6,3.2,4.8,4,0.8,3.2,0.8,2.4,2.4,13.6,0,0.8,0,1.6,28,5.6,3.2,3.2,5.6,8.8,6.4,1.6,0.8,0,0.8,2.4,0,0,0.8,0,8.8,4,4.8,0,0,0,8,9.6,0,18.4,0,8,12.8,0,0,0,0,0,0.8,3.2,0,0,0.8,0,0,13.6,4.8,8.8,0,0,0,0,0,0,0,0,0,0
2025-05-22 17:10:13,2025-05-22 18:07:43,0,100,3449,1,2025-05-22 18:07:43,R_2RfRMcDukytJugh,anonymous,EN,4,UL,SA,6,7,1,1,,1,0,0,2.894,0,0.881,287.143,300.023,4,"Ich habe ein Praktikum im Krankenhaus absolviert. In einer besprechung wurde eine Ärtztin angerufen. Ihr Blick sprach Bäände, ich sehe ihn vor mir. Si ehinterfragte total angespannt. EIne Reanimation von einen Patienten wo man es hätte nicht gedacht. EIneige sind sofort los. Wir anderen bleiben mit einem schaudernden Gefühl zurück. Setzren dann unsere Aktionen ausßerhallb des Meeetings fort. Irgdwie gelangte ich mit meiner Betreuerin dahin, sah den auf dem Boden leigenden Patieneten, die blutende Wunde am Kopf, die TAschen und Nadeln drum herum. Einiges konnte ich nicht sehen, da schon so viele da waren und halb über den Patienten. Wir konnten nicht helfen und setzen unsere Arbeit fort. Der Patient hat es nicht geschaftt, die Angehörigen müss",August 2024,4,6,4,1,4,5,5,11,3,7,0,0,4.456,0,18.807,212.004,309.429,18,"Ich weiß gerade nicht was ich tun soll. Eventuell war ich nicht aufnahmefähig genug bei der Instruktion. Aber es wäre sehr lieb, wenn die Aufgabe noch mal auf der jeweiligen Seite stehen würde. Ich mach das gearde zum dritten mal. Was mache ich falsch?",Vor einer Woche,13,5,3,4,3,1,6,8,1,3,0,0,2.811,0,0.92,0.92,300.018,1,"Jahrelang Mobbing in der Schule, nach zu viel Druck von den Eltern erdst erzählt, auch nach sämtlichen Gesprechen nicht besser geworden, angefangen zu schweigen, aber sie wussten es doch alle. Ich wurde sehr depressiv. Einestages wollte ich die Meldekette unterbrechen, brachte irgedwie Wörter hervor, sehr angesapannt, zitternt und nahm eine Mobberin dran. Dies war der Auslöser, weshalb sie mir nach der Stunde folgte, mich griff und zurück zog, mich angriff. Ich weiß  noch genau wie das Adrenalin in meinen Körper schoss, alles doppelt so gut und zugleich garnichts spürte, wie die Lehrerin uns mit Wörter auseinader kriegen wollte und sich immer merh um uns versammelten. Wir gingen zu Boden, sie ließ kein Stück von mir ab, zielte mit ihren Nägeln auf mein Gesicht, meine Augen",2,4,5,5,5,Vor 6 Jahren,41,7,6,3,4,7,6,3,1,6,4,4,3,3,3,4,4,0,4,4,4,4,3,4,2,2,4,4,4,4,2,0,3,2,3,3,2,3,3,3,3,3,3,2,3,3,3,3,2,3,3,1,1,4,1,1,1,1,1,1,1,6,6,6,6,6,1,6,6,6,6,6,2,2,6,6,6,1,6,1.547,1.547,120.118,1,"Pinguin
Pest
Pantoffel
Prellung
Pinsel
Packeis
Prisma
Papagei
Puzzel
Purzelbaum
Produktion",1.019,1.019,120.015,1,"Affe
Bär
Clownfisch
Delfin
Meerschweinchen
Hund
Katze
Maus
Zebra
Giraffe
Löwe
Hai
Fisch
Schmeterling
Fliege
Fledermaus
Pinguin
Mückke
Libelle
Biene
Lachs
Kuh
Schaf
Ziege
Löwe
Roter Vari
Lemuren
Nilpferd
Affe
Tiger
Schildkröte
Ara
Spinne
Schlange",22,2,2,4,5,2,"Am Anfag war ich mir unsicher, weil drei mal hintereinder das gleiche Feld gekommen ist, da habe ich leider auch schon das traumatische Ereignis aufgeschrieben. Eine krze Instruktion wo zb 1 von 3 netrale Erlebnisse oder so stehet würde helfen. Es tut mir leid",136,68,18988,68,1,1,125,35.19,59.71,95.64,1,20.83,24,84.8,55.2,19.2,14.4,8,2.4,0,0,0,0,3.2,3.2,3.2,4,6.4,12,6.4,6.4,12,1.6,14.4,4.8,2.4,2.4,0.8,7.2,7.2,2.4,4.8,0.8,1.6,0.8,13.6,0.8,0,0,0,16.8,3.2,4,2.4,0.8,6.4,2.4,1.6,0.8,0,0.8,4,3.2,0.8,0,0,8,3.2,3.2,1.6,0.8,0,12,0.8,0,22.4,5.6,11.2,6.4,2.4,0,0,0,0,0,1.6,0,0,0.8,0,0,16,4,12,0,0,0,0,0,0,0,0,0,0
2025-05-23 10:08:05,2025-05-23 10:49:36,0,100,2491,1,2025-05-23 10:49:37,R_8effA19GGgQ4Oat,anonymous,EN,4,CL,LU,25,6,1,1,,1,0,0,11.556,0,0.743,138.208,301.937,3,"Als 9 Jähriger hatte ich starke Magenprobleme. Beim Fußballtraining wollte ich es jedoch nicht eingestehen. Kurz vor dem Ende des Trainings war es nicht mehr auszuhalten. Ich rannte auf die Toilette, doch erreichte diese nicht mehr zeitlich und machte in die Hose. Ja, die Hose war weiß, zumindest vorher. Ich wusste nicht was ich machen sollte, jedoch kam ich nicht heraus, aus Scham. Was soll man in so einer Situation auch machen. Ich erinnere mich nicht mehr an den Rest der Situation, nur vage daran, dass mein Vater zur Toilette kam und mir geholfen hat. 

Wahrscheinlich hat er mit eine Ersatzhose gebracht o.ä.",2006 oder 2007,99,1,1,3,2,1,3,10,7,2,0,0,24.059,0,1.566,161.68,300.057,9,"Die damalige Partnerin hat sich auf einer Party intensiv mit ihrem Ex-Freund unterhalten, während ihr Partner daneben stand. Nach mehreren Minuten ging der Freund weg. Als er wiederkam fand er seine Partnerin und ihren Ex-Freund auf der Tanzfläche. Ohne drüber nachzudenken ging er zu ihnen hin und riss seine Freundin weg. Es endete in einem unangenehmen Streit.",Februar 2016,60,5,6,1,5,3,6,10,6,4,0,0,1.817,0,6.075,189.122,303.649,5,"Die Freundin eines Freundes ist nach dem Urlaub schwer erkrankt und fast verstorben. Der Freund kam damit überhaupt nicht klar, da er selbst sehr auf seine Freundin angewiesen war. Er aß nicht, räumte nur wenig auf etc. Die plötzliche Krankheit, in Form eines Virus, brachte den Freund in einen hilflosen Zustand, der schrecklich zum anschauen war. Er führte soweit, dass er sich selbst in den Fokus stellte, obwohl es seine Freundin war, die um ihr Leben kämpfte. 

Geschichte ging gut aus. Freundin überlebte.",5,3,5,5,2,Dezember 2023,90,3,2,1,3,2,4,6,3,6,0,0,0,1,0,0,0,0,0,1,1,0,0,0,0,0,1,0,0,0,0,0,0,0,1,0,0,0,0,0,0,0,0,0,0,0,0,0,0,0,0,4,3,3,2,3,3,4,3,2,3,6,5,2,3,6,2,6,6,6,6,6,3,5,6,5,5,5,17,1.043,1.043,120.006,1,"Preis, Pool, Party, Panda, Paul, Pest, Porto, Paris, Pinzette, Pass, Polo, Pickel, Pizza, Pin, Platz",1.06,1.06,120.006,1,"hund, Katze, Wolf, Tiger, Elefant, Gepard, Nilpferd, Pferd, Hase, Eichhörnchen, Maus, Hai, Wal, Hiyäne, Hamster, Reh, Krokodil, Schlange, Adler, Rabbe, Taube, Ameise, Biene, Wespe, Frosch, Grass",27,1,4,5,4,1,,35,4,17209,4,0,1,83,91.61,91.03,7.47,3.68,11.86,24.1,91.57,54.22,12.05,9.64,0,0,1.2,0,1.2,0,8.43,8.43,1.2,2.41,13.25,12.05,7.23,7.23,8.43,2.41,15.66,8.43,0,0,0,2.41,7.23,3.61,4.82,2.41,1.2,2.41,22.89,0,8.43,4.82,7.23,10.84,0,2.41,0,2.41,3.61,3.61,3.61,1.2,0,2.41,4.82,0,2.41,0,0,12.05,8.43,2.41,2.41,0,0,12.05,1.2,0,20.48,4.82,13.25,3.61,1.2,1.2,0,0,0,1.2,2.41,0,0,0,0,0,18.07,8.43,9.64,0,0,0,0,0,0,0,0,0,0
2025-05-18 14:49:27,2025-05-18 14:50:33,0,19,66,0,2025-05-25 14:50:36,R_2LM7pri6s3Ya4si,anonymous,EN,4,ka,ay,26,11,3,1,,1,,,,,,,,,,,,,,,,,,,,,,,,,,,,,,,,,,,,,,,,,0,0,1.184,0,,,,,,,,,,,,,,,,,,,,,,,,,,,,,,,,,,,,,,,,,,,,,,,,,,,,,,,,,,,,,,,,,,,,,,,,,,,,,,,,,,,,,,,,,,,,,,,,,,,,,,,,,,,,0,0,18667,,,1,0,,,,,,,,,,,,,,,,,,,,,,,,,,,,,,,,,,,,,,,,,,,,,,,,,,,,,,,,,,,,,,,,,,,,,,,,,,,,,,,,,,,,,,,,,,,,,,,,,
2025-05-18 15:22:11,2025-05-18 15:24:44,0,19,153,0,2025-05-25 15:24:46,R_8z6S9QPBJIUn6a5,anonymous,EN,4,ER,AB,9,4,3,3,1,1,,,,,,,,,,,,,,,,,,,,,,,,,,,,,,,,,,,,,,,,,0,0,1.374,0,,,,,,,,,,,,,,,,,,,,,,,,,,,,,,,,,,,,,,,,,,,,,,,,,,,,,,,,,,,,,,,,,,,,,,,,,,,,,,,,,,,,,,,,,,,,,,,,,,,,,,,,,,,,0,0,16813,,,1,0,,,,,,,,,,,,,,,,,,,,,,,,,,,,,,,,,,,,,,,,,,,,,,,,,,,,,,,,,,,,,,,,,,,,,,,,,,,,,,,,,,,,,,,,,,,,,,,,,
2025-05-25 14:14:45,2025-05-25 15:27:00,0,100,4335,1,2025-05-25 15:27:01,R_2foYewM7UlFaqFc,anonymous,EN,4,NA,JE,27,4,1,1,,1,0,0,12.103,0,1.841,202.09,300.019,13,"Ich habe eine Weisheitszahnoperation gehabt und alle 4 Zähne wurden auf einmal rausgenommen. Vor der OP musste ich nüchtern sein und im Wartezimmer saß eine ungepflegte Familie vor mir, die gestunken hat. Wegen dem nüchternen Magen war der Gestank schwer auszuhalten. Nach der OP hatte ich sehr sehr starke Schmerzen für eine Woche lang. Das war um Weihnachten herum, weshalb ich Weihnachten nicht wirklich feiern konnte, sondern schlapp, hungrig und mit starken Schmerzen im Bett lag.",Das Erlebnis war vor 7 Jahren zwei Tage vor Weihnachten,100,6,5,2,5,3,7,9,6,7,0,0,12.302,0,1.112,281.961,300.122,2,"Zugfahren ist für mich weder positiv, noch negativ, es sei denn es gibt Komplikationen mit der DB. Aber ich habe viele Ereignisse erlebt, in denen ich den halben Tag im Zug saß und aus dem Fenster geschaut habe und die sich vorbeiziehenden Landschaften beobachtet habe. Dabei gehen mir viele Gedanken durch den Kopf, die genauso wie die Landschaften wieder vorüberziehen. Ich bin häufig von Ravensburg nach Bielefeld gependelt und habe dabei keine besonders positiven oder negativen Gefühle oder Gedanken gehabt. Das Zugfahren ist für mich meistens neutral. Ich fahre meistens alleine Zug, um Personen zu besuchen. Ich nehme dabei die Geräusche wahr, die der Zug auf den Gleisen hinterlässt und das Ruckeln, die Gespräche anderer Personen oder Gerüche, wenn Personen in der Nähe etwas zu Essen auspacken. Und natürlich die Landschaften oder wie die Menschen an den Bahnhöfen gekleidet sind, ob sie entspannt oder gestresst aussehen oder ob sie müde sind.","Zuletzt ca. einem Monat, ich kann mich nicht genau erinnern, wann es war",20,4,4,4,2,2,6,11,3,3,0,0,14.62,0,1.475,275.708,300.015,8,"Meine Mutter hatte schwere Depressionen und eine PTBS und kam aus der Klinik. Ich musste eine Woche lang auf sie aufpassen, als mein Vater auf Dienstreise war. Sie hat so viel geschrien und gelitten und den ganzen Tag im Bett gelegen und gesagt, dass sie nicht mehr leben will und sie nicht mehr kann. Ich war die meiste Zeit mit ihr alleine, meine Oma war aber zwischendurch da. Es hat sie so sehr mitgenommen, dass sie selbst die ganze Zeit geweint hat und aus dem Zimmer gehen musste. Ich habe mich zusammengerissen und nicht vor ihr geweint und sie massiert und ihr was zu Essen gekocht. Sie ist mehrmals zusammengebrochen und zu Boden gesunken und hat geschrien. Ich habe mich sehr überfordert gefühlt und fand es schrecklich sie so leiden zu sehen und ich hatte starke Angst um sie, da sie schon viele Monate Therapie und Klinikaufenthalte hinter sich hatte, die nicht angeschlagen haben. Ich habe gedacht, dass ich jetzt für sie stark sein muss und nicht auch anfangen sollte zu weinen und dass ich mich jetzt zusammenreißen muss.",5,3,5,5,6,Das Erlebnis war vor einem Jahr an Pfingsten.,80,6,7,1,7,7,5,6,6,2,1,0,0,2,1,4,0,3,0,0,2,0,3,0,0,0,0,1,1,4,1,0,1,0,0,0,1,2,0,0,0,3,2,0,0,0,3,2,2,2,0,4,3,1,2,2,2,4,1,2,3,1,1,3,"3,5",6,2,6,5,3,6,6,"2,3","1,2",6,6,6,6,13,2.186,104.666,120.018,3,"Polizei, Pumuckl, preisgeben, pendeln, Puder, Papa, Pergament, Pasta, Pastinake, Paprika, Pfirsich, Punkt, Po, plaudern, Penis, Pergula, Panade, P",2.049,55.192,120.022,3,"Ameise, Bär, Fisch, Storch, Kakadu, Esel, Ziege, Schaf, Hühner, Kühe, Vogel, Taube, Chamaelion, Delfin, Ente, Flunder, Giraffe, Hund, Igel, Jaguar, Kaninchen, Leopard, Maus, Nilpferd, Nashorn, Oktopus, Pferd, Qualle, Ratte, F",20,2,4,11,5,1,,65,22,9955,22,0,1,179,1,47.81,23.3,1,19.89,15.64,93.85,65.36,18.99,17.32,7.82,0,1.68,0,1.68,0,8.94,8.94,8.38,1.68,4.47,8.38,16.76,2.79,17.32,2.79,25.14,6.7,1.68,0.56,0,4.47,7.26,1.68,6.15,1.68,0,4.47,13.97,1.68,0,1.12,0.56,15.08,2.23,1.12,3.91,1.12,6.15,3.91,4.47,0.56,1.68,1.12,5.59,0.56,3.35,0,0.56,3.91,1.12,0.56,1.68,0,0.56,12.29,7.82,0,17.88,1.68,10.06,7.26,0,0,1.12,0,0,0,0.56,0,0,0,0,0,8.94,5.03,3.91,0,0,0,0,0,0,0,0,0,0
2025-05-25 15:23:41,2025-05-25 16:03:29,0,100,2388,1,2025-05-25 16:03:30,R_211lwAfEpfxmsxa,anonymous,EN,4,HE,MI,28,5,1,3,1,1,0,0,103.465,0,167.114,167.114,300.204,1,"Ich möchte mich an meine Kündigung erinnern, weil ich eine Verpackungscharge ruiniert hatte. Ich erinnere mich noch gut daran, wie wir zu sechst im Büro waren und ich dafür gerügt wurde, dass ich die Informationen auf der Verpackung nicht gelesen hatte. Allmählich wurde mir klar, wie viel Schaden ich dem Werk zugefügt hatte, und ich suchte nach einem Ausweg. Trotzdem wurde ich gekündigt. Dass ich nicht allein die Schuld trug, machte diese Erfahrung weniger traumatisch. Heute erinnere ich mich sogar gerne daran. Doch damals schien es mir, als könnte ich nie wieder in der Firma arbeiten.",vor 14 Jahren,71,4,3,4,3,5,2,11,7,3,0,0,99.945,0,0.795,176.087,300.172,3,"Ich habe heute gefrühstückt. Jeden Morgen esse ich fast die gleichen Produkte und fühle mich ruhig, weil ich das Gericht liebe, das ich koche. Ich versuche immer, es zu spüren. Beim Essen kaue ich gerne lange. Während des Essens schaue ich mir gerne die Nachrichten oder meinen Lieblingsblogger auf YouTube an und plane meinen Tag.
Vor mir ist ein großes Fenster. Durch das Fenster sieht man in den Hinterhof mit kleinem Garten. Ich schaue gerne auf die Straße. Ich warte darauf, dass es wärmer wird, damit ich auf dem Balkon frühstücken kann.",heute Morgen um 8:30 Uhr,20,2,2,4,3,2,4,11,6,5,0,0,1.23,0,0.796,0.796,300.105,1,"Meine schlimmste Erinnerung ist der Tod meiner Katze. Wir liebten sie sehr, aber leider erkrankte sie an einer Hautkrankheit und starb. Ich erinnere mich noch genau, wie wir sie in den Schrank sperrten, damit sie nicht ins Haus kam und uns ansteckte. Nach einiger Zeit kam meine Mutter und sagte, die Katze sei weg. Es war ein regnerischer Tag. Wir waren auf der Datscha. Wir packten sie in eine Kiste und brachten sie in den Wald, um sie dort zu begraben. Ich konnte es nicht glauben, dass die Katze weg war. Ich gab mir selbst die Schuld daran.",3,5,5,5,6,"vor 24 Jahren, im Sommer",60,5,5,1,1,5,2,9,4,6,1,0,0,1,0,3,1,0,1,3,3,3,0,0,0,0,1,1,1,0,1,0,0,1,1,1,1,0,0,0,1,1,0,0,0,0,0,1,0,0,1,3,3,2,2,3,3,3,2,2,4,6,6,1,6,6,1,6,6,1,6,6,6,6,6,6,6,6,17,8.332,60.326,120.158,2,"Privat publikum paska, postkeller Provision person Pontifik pilot pub porno",38.065,75.626,121.639,6,"Katze, Hund, Eidechse, Schlange, Pferd, Kuh, Schaf. Käfer, Spinne, Känguru. Papagei. Löwe-Tiger. Gazellen büffel",38,2,4,5,7,1,,55,19,18577,19,0,1,98,33.69,74.96,67.27,4.84,10.89,16.33,88.78,61.22,23.47,20.41,8.16,5.1,0,0,0,0,7.14,7.14,7.14,3.06,10.2,10.2,8.16,4.08,10.2,2.04,17.35,2.04,2.04,1.02,0,1.02,7.14,3.06,4.08,1.02,0,2.04,19.39,1.02,0,1.02,0,16.33,5.1,1.02,2.04,2.04,4.08,4.08,1.02,0,1.02,0,2.04,0,0,1.02,0,9.18,6.12,2.04,0,0,1.02,12.24,1.02,0,16.33,2.04,10.2,4.08,0,1.02,1.02,1.02,1.02,3.06,1.02,0,0,1.02,0,0,15.31,9.18,6.12,0,0,0,0,0,0,0,0,0,0
2025-05-26 14:09:26,2025-05-26 16:43:33,0,100,9246,1,2025-05-26 16:43:33,R_8cUdjpWPQaWNofT,anonymous,EN,4,Ne,Ju,21,8,3,3,2,,,,,,,,,,,,,,,,,,,,,,,,,,,,,,,,,,,,,,,,,,,,,,,,,,,,,,,,,,,,,,,,,,,,,,,,,,,,,,,,,,,,,,,,,,,,,,,,,,,,,,,,,,,,,,,,,,,,,,,,,,,,,,,,,,,,,,,,,,,,,,,,,,,,,,,,,0,0,12976,,,1,0,,,,,,,,,,,,,,,,,,,,,,,,,,,,,,,,,,,,,,,,,,,,,,,,,,,,,,,,,,,,,,,,,,,,,,,,,,,,,,,,,,,,,,,,,,,,,,,,,
2025-05-20 19:24:19,2025-05-20 19:35:53,0,38,694,0,2025-05-27 19:35:58,R_869hsZB14W9SWHs,anonymous,EN,4,Gu,Me,8,9,1,3,1,1,,,,,,,,,,,,,,,,,,,,,0,0,0.862,0,3.913,294.141,300.112,12,"Dissoztives erleben, kann es nicht mehr vergessen.
Schlimm, ohne ahnung.
Will es einfach nur vergessen. Ich will das nicht.",2020,50,6,7,1,2,5,5,11,5,3,0,0,1.217,0,,,,,,,,,,,,,,,,,,,,,,,,,,,,,,,,,,,,,,,,,,,,,,,,,,,,,,,,,,,,,,,,,,,,,,,,,,,,,,,,,,,,,,,,,,,,,,,,,,,,,,,,,,,,0,0,17695,,,1,0,,,,,,,,,,,,,,,,,,,,,,,,,,,,,,,,,,,,,,,,,,,,,,,,,,,,,,,,,,,,,,,,,,,,,,,,,,,,,,,,,,,,,,,,,,,,,,,,,
2025-05-23 05:55:52,2025-05-23 06:00:15,0,15,263,0,2025-05-30 06:00:19,R_8g88HuExgyVeEx4,anonymous,EN,4,NA,JE,27,4,3,1,,1,,,,,,,,,,,,,,,,,,,,,,,,,,,,,,,,,,,,,,,,,,,,,,,,,,,,,,,,,,,,,,,,,,,,,,,,,,,,,,,,,,,,,,,,,,,,,,,,,,,,,,,,,,,,,,,,,,,,,,,,,,,,,,,,,,,,,,,,,,,,,,,,,,,,,,,,0,0,9955,,,1,0,,,,,,,,,,,,,,,,,,,,,,,,,,,,,,,,,,,,,,,,,,,,,,,,,,,,,,,,,,,,,,,,,,,,,,,,,,,,,,,,,,,,,,,,,,,,,,,,,
2025-05-25 20:23:50,2025-05-25 20:30:40,0,23,409,0,2025-06-01 20:30:40,R_2Y4gs8CWGYzsZib,anonymous,EN,4,Gu,sa,8,9,3,3,1,1,0,0,12.889,0,0.543,267.635,300.062,23,"Meine beste freundin hatte einen freund. Sie ist ihm fremdgegangen und sie war 18 jahre alt. Sie war schwanger von ihm währenddessen, musste das kind abtreiben und musste sich anschließend von ihrem freund trennen. Sie war jahre danach noch schwer „traumatisiert“ da sie nicht nur eine Person, sondern gleich 2 verloren habe. Ich habe mich so schlecht für sie gefühlt und war ständig mit ihr zusammen traurig.",Vor 2 jahren,59,,,,,,,,,,,,,,,,,,,,,,,,,,,,,,,,,,,,,,,,,,,,,,,,,,,,,,,,,,,,,,,,,,,,,,,,,,,,,,,,,,,,,,,,,,,,,,,,,,,,,,,,,,,,,,,,,,,,,,,,,,,,,,,,,,,,,,,,,,,,,0,0,17695,,,1,0,,,,,,,,,,,,,,,,,,,,,,,,,,,,,,,,,,,,,,,,,,,,,,,,,,,,,,,,,,,,,,,,,,,,,,,,,,,,,,,,,,,,,,,,,,,,,,,,,
2025-06-01 20:01:37,2025-06-01 20:44:33,0,100,2576,1,2025-06-01 20:44:34,R_2DBd5fiDtwiPO5r,anonymous,EN,4,VI,AN,9,7,1,3,1,1,0,0,4.1,0,0.62,279.73,300.048,22,"Als ich zwölf Jahre alt war, habe ich meinen Großeltern verloren. Es war eine sehr traurige und schwere Zeit für mich. Ich konnte damals nicht richtig verstehen, warum sie nicht mehr da waren. Ihre Liebe und Wärme fehlen mir bis heute. Es war mein erster Verlust im Leben, deshalb war ich geschockt. Ich habe damals erkannt, dass das Leben nicht immer glücklich ist und auch nicht ewig dauert. Bis heute habe ich Angst, wenn meine geliebten Menschen das Haus verlassen, weil ich fürchte, dass sie vielleicht nicht mehr zurückkommen.",Wenn ich 12 war,20,6,7,1,5,7,3,11,5,1,0,0,1.552,0,3.022,298.888,300.178,10,"Einer der glücklichsten Momente meines Lebens war, als ich mein Traumpraktikum bekommen habe. Ich hatte mir dieses Praktikum und die Arbeit bei diesem Unternehmen schon seit meinem ersten Semester gewünscht. Ich habe mich sehr intensiv auf das Vorstellungsgespräch vorbereitet und man hatte mir gesagt, dass es viele weitere Interviews mit anderen Studierenden geben würde. Ich war sehr nervös. Ich dachte, dass ich einen guten Eindruck hinterlassen hatte. Eine Woche später erhielt ich die E-Mail, dass ich das Praktikum bekommen hatte und ich war so glücklich wie noch nie zuvor in meinem Leben.",2024,9,5,5,7,5,6,4,11,6,5,1.186,1.186,2.037,1,5.661,279.38,300.209,3,"Im Jahr 2019 gab es ein starkes Erdbeben in Albanien. Es passierte gegen 4 Uhr morgens, und ich lebte mit meiner Familie in einem Gebäude im fünften Stock. Wir dachten alle, dass wir sterben würden. Jeder geriet in Panik und schrie. Alles hat gebebt. Ich habe in diesen Momenten wirklich geglaubt, dass ich sterben würde.",1,3,1,3,7,2019,8,7,7,1,6,7,2,11,7,1,2,1,3,3,2,3,3,1,1,0,2,0,1,1,1,0,3,1,1,1,1,0,1,0,1,1,1,1,2,0,1,1,1,0,1,0,0,2,0,1,0,3,3,3,3,3,3,3,3,3,3,1,6,6,6,6,6,6,6,1,6,6,6,6,6,1,6,6,15,3.601,119.759,120.005,5,"Papier, pferd, polizei, paket, pilot, park, problem, preis, putzen, parken, pflanzen, pflanze, paprika, putzen, platz, pyramide, punkt, pfanne, post",11.747,48.827,120.114,4,"Katze, hund, pinguin, fuchs, maus, tiger, vogel, zebra, igel, bär, löwe",24,2,4,5,5,1,,75,30,17260,30,0,1,55,42.96,80.07,30.36,17.39,9.17,25.45,85.45,56.36,23.64,12.73,7.27,3.64,0,0,0,0,1.82,1.82,0,12.73,3.64,14.55,9.09,1.82,9.09,0,16.36,1.82,0,0,5.45,5.45,7.27,3.64,3.64,1.82,0,0,16.36,1.82,0,0,0,16.36,3.64,0,3.64,3.64,7.27,1.82,3.64,1.82,1.82,0,1.82,0,0,0,0,7.27,5.45,0,1.82,0,0,7.27,3.64,0,12.73,0,7.27,5.45,0,1.82,1.82,0,0,3.64,0,0,0,0,0,0,16.36,10.91,5.45,0,0,0,0,0,0,0,0,0,0
2025-06-01 23:19:44,2025-06-01 23:49:24,0,100,1780,1,2025-06-01 23:49:25,R_8zbY3Fovu7kz0v2,anonymous,EN,4,MI,LI,2,11,1,1,,1,0,0,1.482,0,0.711,0.711,300.089,1,"Vor ein paar Wochen hatte ich eine Panne mit dem Auto auf der Autobahn. Ich war auf dem linken Fahrstreifen, als meine Antriebswelle kaputt gegangen ist, wodurch ich nicht mehr Gas geben konnte. Zum Glück war Stau, weswegen die Autos um mich herum nur standen und nicht entlang gerast sind. Nach fast einer Stunde wurde ich endlich vom ADAC abgeholt und zur nächstgelegenen Werkstatt gebracht.",Vor 4 Wochen,27,6,6,2,5,3,5,11,6,5,0,0,5.09,0,1.369,1.369,300.015,1,"Vor einiger Zeit ist meine beste Freundin zusammen mit ihrem Partner umgezogen. Wir haben morgens angefangen, die gepackten Kisten in die Autos zu laden und dann zur neuen Wohnung zu fahren. Dort fand dann die Wohnungsübergabe statt, bei der herauskam, dass die Wohnung leider gar nicht gut hinterlassen wurde. Die Wände waren sehr dreckig, es waren viele Löcher drin und die Heizung im Schlafzimmer fiel fast von der Wand ab. Trotzdem haben wir dann da gestrichen und die Kisten ausgepackt. Am Ende haben wir Pizza gegessen.",Vor drei Monaten und 4 Tagen,9,5,4,4,5,5,5,10,7,6,1.964,1.964,3.1,1,0.784,0.784,300.204,1,"Ich war mit meiner Familie in den USA, um Urlaub zu machen. Wir hatten eine Villa gemietet mit einem Motorboot. Am ersten Tag sind wir mit dem Motorboot raus gefahren und dabei in einen Sturm geraten. Wir mussten stundenlang durch Gewitter fahren, während neben uns Blitze eingeschlagen sind und wir fast gekentert wären. Wir dachten alle, dass wir jederzeit sterben würde. Ich war elf Jahre alt und hatte noch nie so eine Todesangst wie in diesen Stunden auf dem Meer.",5,5,5,5,6,Oktober 2012,65,6,7,1,5,5,6,11,6,5,0,0,0,0,0,0,0,1,1,0,1,0,1,1,3,2,0,0,1,1,1,0,1,0,2,1,0,1,0,1,2,2,2,2,1,1,1,1,0,0,0,4,3,4,4,4,4,4,4,4,4,1,2,2,2,6,2,2,3,3,3,6,2,3,3,3,6,6,1,1.926,1.926,120.011,1,"Pferd, Pfand, Party, Polizei, Pluto, Physik, Pannenhilfe, Pinguin, Pflaume, Papaya, Papa, Post, Pfosten, Pfeiler, Peinlichkeit",1.902,1.902,120.018,1,"Katze, Hund, Pferd, Tiger, Schlange, Wolf, Löwe, Puma, Spinne, Hai, Delfin, Maus, Ratte, Igel, Vogel, Elefant, Nashorn, Krokodil, Giraffe, Schaf, Ziege,",22,2,4,6,5,1,,70,12,3829,12,0,1,80,45.07,87.13,91.29,47.87,13.33,21.25,87.5,65,17.5,13.75,3.75,8.75,0,0,0,0,1.25,1.25,0,5,10,18.75,15,5,15,1.25,22.5,3.75,1.25,1.25,2.5,1.25,3.75,2.5,1.25,0,0,0,12.5,1.25,0,0,0,17.5,1.25,2.5,3.75,6.25,3.75,3.75,0,0,0,0,1.25,0,1.25,0,0,15,10,3.75,0,0,1.25,11.25,2.5,0,25,3.75,8.75,12.5,1.25,3.75,2.5,0,0,2.5,1.25,0,0,0,0,0,11.25,7.5,3.75,0,0,0,0,0,0,0,0,0,0
2025-05-27 16:25:30,2025-05-28 10:00:08,0,36,63277,0,2025-06-04 10:00:09,R_8bNoIBju5ujPQOz,anonymous,EN,4,JU,AN,17,5,1,3,1,1,192.522,192.522,200.677,1,1.192,206.353,300.048,25,"Ich bin vom Krieg in der Ukraine mit meiner Familie nach Deutschland geflohen. Als wir hier ankamen, hatte man die meiste Zeit das Gefühl der Unsicherheit und wusste nicht, was als nächstes passiert. Es hat sich alles sehr verschwommen angefühlt, als wäre man im Traum und würde nicht sein eigenes Leben leben. Ich hatte nur Angst und das Gefühlt der Ungewissheit.",Ende Februar bis Mai 2022,90,6,5,6,5,7,6,8,2,5,,,,,,,,,,,,,,,,,,,,,,,,,,,,,,,,,,,,,,,,,,,,,,,,,,,,,,,,,,,,,,,,,,,,,,,,,,,,,,,,,,,,,,,,,,,,,,,,,,,,,,,,,,,,,,,,,,,,,,,,,,,,,,,,,,,,0,0,6838,,,1,0,,,,,,,,,,,,,,,,,,,,,,,,,,,,,,,,,,,,,,,,,,,,,,,,,,,,,,,,,,,,,,,,,,,,,,,,,,,,,,,,,,,,,,,,,,,,,,,,,
2025-05-24 21:08:41,2025-05-29 21:08:35,0,2,431994,0,2025-06-05 21:08:36,R_8A0TnHKygu4f41I,anonymous,EN,4,,,,,,,,,,,,,,,,,,,,,,,,,,,,,,,,,,,,,,,,,,,,,,,,,,,,,,,,,,,,,,,,,,,,,,,,,,,,,,,,,,,,,,,,,,,,,,,,,,,,,,,,,,,,,,,,,,,,,,,,,,,,,,,,,,,,,,,,,,,,,,,,,,,,,,,,,,,,,,,,0,0,18940,,,1,0,,,,,,,,,,,,,,,,,,,,,,,,,,,,,,,,,,,,,,,,,,,,,,,,,,,,,,,,,,,,,,,,,,,,,,,,,,,,,,,,,,,,,,,,,,,,,,,,,
2025-06-06 11:43:09,2025-06-06 12:29:36,0,100,2786,1,2025-06-06 12:29:37,R_2EFVRsy1ZYa9ULI,anonymous,EN,4,SO,IS,9,8,1,1,,1,0,0,18.179,0,2.755,184.775,300.133,9,"Ich habe einen Autounfall gebaut. Es wurden zum Glück keine Personen verletzt, es ist nur ein Sachschaden entstanden. Ich wollte rückwärts aus einem Hof vor einem Haus ausparken und konzentrierte mich dabei auf eine Treppe auf der rechten Seite die hervorstand. Dabei habe ich vergessen auf die linke Seite zu achten und bin tatsächlich dann dort an die Hauswand gestoßen.",Ende April 2025,40,7,5,3,6,4,6,3,5,6,0,0,14.222,0,1.832,207.992,300.019,3,"Ich habe gesehen dass die Mülldeponie, die längere Zeit wegen einer Baustelle geschlossen war, wieder geöffnet hat. Ich war auf dem Rückweg vom Sport und an der Deponie blieb die Person im Auto vor mir stehen um in die Einfahrt einzubiegen. Also entschloss ich mich spontan auch kurz bei der Deponie zu halten, da ich noch alte Jalousien auf der Rückbank hatte, die ich sowieso entsorgen wollte. Ich stieg dort aus und warf die Jalousien in den Sperrmüllcontainer. Ich musste kurz überlegen ob die dazugehörigen Befestigungen auch in den Sperrmüll gehören, entschied mich aber dann dazu dass die wohl auch darein gehören und warf sie auch weg. Danach fuhr ich weiter nach Hause.",Vorgestern (04.06.2025),10,5,1,4,5,2,6,1,5,3,0,0,96.122,0,1.64,296.663,300.016,5,"Ich fuhr spät abends von Bochum in die Stadt wo mein Freund damals noch wohnte, Das war eine ca. 2-stündige Fahrt, die ich damals fast jeden Donnerstag nach meinem Sport um 22:00 Uhr machte. Ich kam dann immer gegen 0:30 an. Ich musste immer an einem Bahnhof vom RE in eine S-Bahn umsteigen mit der ich dann noch ein paar Haltestellen fahren musste bis ich da war. An einem Abend ging es mir plötzlich während ich auf die S-Bahn wartete sehr schlecht. Ich kann mich nicht mehr 100% erinnern wie es mir ging aber ich weiß noch dass meine Beine unkontrolliert zitterten obwohl es nicht allzu kalt war und ich Angst hatte dass ich vllt umkippen oder Ähnliches könnte und einen Krankenwagen rufen müsste. Ich hatte mich schon hingesetzt, Traubenzucker gegessen und etwas getrunken, das half aber nichts. Ich telefonierte währenddessen mit meinem Freund weil es mir in dem Moment wirklich so schlecht ging dass ich Angst hatte es vllt nicht mehr bis zu ihm zu schaffen. Nach einiger Zeit kam",1,5,3,5,4,Wahrscheinlich Herbst 2023 oder Frühjahr 2024,65,5,6,1,4,4,6,1,3,2,0,0,0,0,0,0,0,1,0,0,1,0,0,0,1,0,0,1,1,1,2,0,0,0,2,1,0,2,0,0,1,2,1,0,1,0,0,1,1,1,0,3,3,2,1,2,2,3,3,2,2,3,6,1,3,6,6,3,6,"1,3",6,6,3,6,6,6,6,6,17,3.779,59.561,120.014,2,Papier Puppe prachtvoll Pinnnadel Punkte Piranha plaudern Parkour Pfannkuchen,1.96,1.96,120.011,1,Affe Giraffe Wal Elefant Tiger Hund Katze Maus Pfau Kakadu Pelikan Löwe Zebra Antilope Chamäleon Eidechse Gorilla Otter Pferd Esel Flamingo Tapir Nasenbär Papagei Tukan,22,2,4,4,5,1,,44,6,13228,6,0,1,173,6.48,7.31,99,1,19.22,14.45,91.33,61.85,20.81,15.03,13.29,0,0,0,0,0,1.73,1.73,0,5.78,7.51,11.56,8.67,8.09,16.18,2.31,18.5,5.78,2.89,1.16,3.47,5.2,4.05,0.58,3.47,2.31,0,1.16,7.51,0,1.73,0,1.16,20.81,2.31,2.31,2.89,4.62,5.78,6.94,2.89,0.58,1.16,0.58,2.89,0.58,1.16,0,1.16,3.47,1.16,1.73,0,0,0.58,12.14,1.73,0,24.86,4.62,9.83,11.56,0.58,0.58,0,1.16,0,0,1.16,0,1.16,0,0,0,10.4,4.62,2.31,1.16,0,0,0,1.73,0,0,0,0.58,0
2025-06-09 10:27:40,2025-06-09 11:08:36,0,100,2455,1,2025-06-09 11:08:37,R_8HhEUezvlWi8qaB,anonymous,EN,4,KE,SO,9,12,1,1,,1,0,0,22.124,0,1.005,1.005,300.018,1,"Meine Mutter und ich kamen von einem Urlaub von meiner Oma zurück mit meinem kleinen Bruder der zu diesem Zeitpunkt grad mal ein halbes Jahr alt war. 
Als wir die Tür aufschlossen bemerkte meine Mutter sofort dass etwas nicht stimmte. Sie ging in die Garage und stellte fest dass mein Vater eine Affäre hatte. Als er ihr in die Garage folgte und meine Mutter nach einigen Minuten wieder ins Haus ging verschloss sie hinter sie die Tür sodass es nur noch im Garten oder der Garage sein konnte und somit nicht mehr ins Haus kam. Erst stand vor dem Terrassen Fenster und bettelte mich an ihn rein zu lassen was ich dann schließlich tat. Mein Vater fuhr die Affäre heim und kam anschließend wieder. Mein Mutter ich und mein kleiner Bruder verschlossen uns in meinem Zimmer und blieben dort. Trotzdem bettelte ich sie an mit meinem Vater zu reden und das zu klären was sie schließlich tat. Sie trennten sich zu diesem Zeitpunkt noch nicht.",12 1/2 Jahre,61,6,7,2,6,7,7,11,5,6,0,0,141.595,0,0.954,199.8,300.121,13,"Ich bin mit meinen Kommilitonen nach Frankfurt zu einem Seminar gefahren das wir absolvieren mussten. Es war recht unspannend und es musste letztendlich einfach erledigt werden, damit wir weiter in unserem Bachelor kommen. Es war weder besonders spannend, noch unangenehm. Es war einfach ein ganz normaler Vorgang.
Ich erlebte weder super positive noch super negative Emotionen. Es war mehr eine Gleichgültigkeit.",Vor einer Woche am Montag Nachmittag (02.06.25) ca 16:00Uhr,90,5,1,4,3,4,4,11,6,6,0,0,1.983,0,0.706,181.408,300.104,5,"2017 im Dezember ein Tag nach Weihnachten stellte meine Mutter über das zweit Handy meines Vaters fest, dass er sie erneut betrogen hatte. Als sie es erfuhr waren wir gerade auf dem Weg zu meiner Oma nach Dresden,  (Wohnsitz in der Nähe von München) sie blieb ruhig doch ich merkte sofort dass etwas nicht stimmte. Als wir ankamen sprach sie allein ohne dass ich es mit bekam mit meinem Vater. Irgendwann erklärte auch sie mir dass sie sich trennen werden und sie erst mal eine Woche bei meiner Oma bleibe. Ich war zu diesem Zeitpunkt so überfordert dass ich nicht wusste wohin mit mir. Ich hatte zu diesem Zeitpunkt meinen ersten Freund dem ich sofort davon erzählte. Da meine Mutter mit sich selber recht beschäftigt war und ich nicht wusste wohin mit mir wollte ich zu diesem Zeitpunkt nur zu meinem damaligen Freund, egal was es kostete. Somit fuhr ich dann mit meinem Vater, von dem ich offensichtlich wusste was er für ein Mensch war und was er mir und meiner Familie antat im selben Auto 4 Stunden nachhause nur um zu meinem Freund zu fahren der mich zu diesem Zeitpunkt nicht sehen wollte, ohne bestimmten Grund… Ich hatte kein Zuhause",5,5,5,5,5,25.12.2017,81,6,6,2,6,7,6,11,5,6,4,4,3,4,2,3,4,1,3,4,4,1,4,4,3,3,3,0,1,1,1,0,0,0,2,1,0,2,0,0,1,1,1,1,0,1,0,1,0,0,0,2,3,2,3,3,3,3,3,3,3,6,6,6,6,6,6,6,6,1,6,6,6,2,6,6,6,6,9,1.636,1.636,120.015,1,"Panik, Person, Problem, Penis, Pause, Pekanuss, Probieren, Putzen,Packen,Pendeln, Persönlich, Parkinson, P",1.074,1.074,120.016,1,"Hund
Katze
Maus
Elefant 
Storch
Elefant 
Giraffe
Seelöwe 
Affe
Pinguin 
Enten
Hühner
Kühe 
Schweine
Vögel
Spinnen 
Ameisen 
Zecken 
Flöhe
Läuse
Alligatoren 
Krokodil 
Wale
Elaine 
Garnele 
Gazelle 
Tiger 
Löwe 
Jaguar",22,2,4,4,4,1,,96,56,19174,56,1,1,201,2.22,30.96,99,5.01,22.33,13.43,97.01,65.67,26.87,20.4,13.43,1,0,0,0,0,4.98,4.98,3.48,5.97,4.48,15.42,9.95,7.46,13.43,3.48,19.4,3.98,1.99,2.49,2.49,1,1.99,0.5,1.49,0.5,0,1,17.91,3.98,1.49,1.99,4.48,14.93,4.48,1.49,1.49,1.99,4.48,3.98,1.99,0.5,1,0.5,0,0,0,0,0,8.96,5.47,3.48,0.5,0,0,11.44,1,1,23.88,3.48,12.94,10.45,1.49,1,1.49,0,0.5,0,1.49,0,0,0,0,0,8.46,4.98,2.49,0,0,0,0,0,0,0,1,0,0
2025-06-10 12:42:57,2025-06-10 13:28:58,0,100,2761,1,2025-06-10 13:28:59,R_2chJXAC0mSYNvMA,anonymous,EN,4,AN,NA,26,7,1,1,,1,0,0,28.677,0,1.046,245.126,300.034,6,"Als ich achtzehn Jahre alt war, habe ich mich von meinem ersten Freund getrennt. Es war eine schreckliche Beziehung und die Trennung fiel mir sehr schwer, da ich emotional sehr abhänging von ihm war. 3 Tage nach der Trennung bin ich an Covid-19 erkrankt und musste zwei Wochen in Quarantäne. Ich durfte niemanden sehen und war mit meiner Trauer und in meinem Elend ganz allein. Noch dazu musste meine beste Freundin ""meinetwegen"" dann auch in Quarantäne. Als ich sie bat, mit mir zu telefonieren, weil es mir so schlecht ging, lehnte sie ab und meldete sich kaum. Ich war enttäuscht und tief verletzt. Zu dem Zeitpunkt habe ich mich so gefühlt als hätte ich nicht nur eine meiner wichtigsten Bezugspersonen verloren, sondern zwei. Es ging mir mit der Situation extrem schlecht und ich habe mich noch nie in meinem Leben so einsam gefühlt. Ich lag zwei Wochen lang nur im Bett, war krank, habe kaum gegessen und geschlafen und nur geweint.",15.- 29.10.2020,40,3,3,1,2,3,6,3,7,5,0,0,73.063,0,0.878,115.152,300.039,6,"Ich betreue ehrenamtlich ein autistisches Kind. Letzte Woche war ich wieder da. Da das Kind meistens nichts machen möchte, bin ich dann am Laptop oder lese etwas. Letzte Woche habe ich währenddessen gearbeitet. Ich musste ein Dokument sortieren und übersetzen. Zwischendurch hat der Junge mir Videos auf Youtube gezeigt. Die waren etwas seltsam, aber ich habe für den Beziehungsaufbau mitgelacht. Ich habe mir als ich die zwei Stunden da war nicht wirklich was besonderes gedacht oder gefühlt.","05.06.2025, 13 - 15 Uhr",1,3,1,4,6,1,2,10,4,1,0,0,34.652,0,0.724,282.077,300.027,3,"Meinen Exfreund hat es erregt, wenn ich geweint habe bzw. es mir schlecht ging. Eine Situation war dabei besonders schrecklich. Wir haben (wie so oft) stundenlang gestritten, bis ich eine Panikattacke bekommen habe, keine Lift bekommen habe und nur noch geweint habe. Ich habe ihm gegenüber Suizidgedanken geäußert und er finf an mich zu trösten. Als die Tränenspuren auf meinen Wangen noch nicht mal annährend trocken waren, fing er an mich zu küssen. Ich nahm meinen ganzen Mut zusammen und habe ihm gesagt, dass ich nicht mit ihm schlafen will. Er hat das Nein akzeptiert, Für 5 Minuten. Dann fing er an, mich wieder zu küssen. ich stand also vor der Wahl: entweder ich wehre mich heftiger und provoziere wieder einen stundelangen Streit, für den ich keine Ressourcen mehr habe, oder ich lasse es über mich ergehen. Ich entschied mich für letzteres. Wir sind dann in die Dusche genagen und ich stand mit dem Rücken zu ihm. Währenddessen habe ich geweint. Ich weiß bis heute nicht, ob er es wirklich nicht mitbekommen hat, oder es ihm egal war, aber das macht vermutlich keinen Unterschied. Dieses Ertlebnis ist mir erst Jahre später wieder eingefallen.",5,5,5,1,6,2018 oder 2019,52,7,4,1,6,5,6,8,1,3,1,2,0,2,2,1,2,3,1,2,3,3,0,0,0,0,0,0,1,3,1,0,0,0,1,1,0,1,0,0,1,1,1,2,0,0,0,1,2,0,1,3,3,3,2,3,3,4,3,2,2,6,"3,6","3,6",6,6,"1,2,3",6,"1,3","1,2,3",6,6,"2,3","1,2,3",6,6,6,"1,2,3",8,1.486,1.486,120.025,1,Pappel; Pinsel; Papphaus; Punkt; Pinke; Pfau; Pferd; Panther; Platz; Punk; Pankreas; Plottwist; Penthaus; Plauze; Passieren; Passform; Paffen; Poltern;,1.247,1.247,120.019,1,Katze Hund Pferd Panther Huhn Löwe Leopard Kanarienvogel Goldfisch Hai Delfin Käfer Biene Wespe Hornisse Mücke Bremse Meerschweinchen Kaninchen Hase Wellensittich Schlange Spinne Luchs Wolf Schaf Ziege Schwein Kuh Dinosaurier Ratte Maus Taube,22,2,4,8,5,1,,67,26,7615,26,0,1,193,1,13.19,98.51,1,12.87,20.73,92.23,64.77,24.87,18.65,12.44,1.04,0,0,0,0,5.18,5.18,0,5.18,5.18,11.4,12.95,5.18,13.99,4.15,23.83,8.29,4.66,1.04,1.04,3.11,7.77,2.59,5.18,1.04,1.55,3.11,12.95,0,0.52,0,3.11,18.65,4.15,2.07,2.59,3.63,3.63,7.25,2.07,0,0.52,1.55,4.15,1.55,0.52,0.52,0,5.7,2.59,2.59,1.04,0,0.52,7.77,9.33,0.52,16.58,1.04,8.29,8.81,0.52,0.52,0.52,1.04,0,0.52,0,0,0,0,0,0,15.54,7.77,6.22,0.52,0,0,0,0,0,0,1.04,0,0
2025-06-03 15:41:25,2025-06-03 15:56:50,0,41,924,0,2025-06-10 15:56:51,R_2Q3jfXJqkI8LDWV,anonymous,EN,4,JA,PA,28,4,1,1,,1,0,0,1.962,0,,,,,,,,,,,,,,,,,,,,,,,,,,,,,,,,,,,,,0,0,2.62,0,2.813,207.131,300.015,12,"Es war sehr traumatisch und einprägend. Mir fällt es schwer, mich davon abzulenken. In machen Situationen werde ich in diese Situation zurück versetzt. Es ist sehr belastend.",1,5,4,1,6,sehr schlimm,20,6,6,1,5,6,2,2,1,7,,,,,,,,,,,,,,,,,,,,,,,,,,,,,,,,,,,,,,,,,,,,,,,,,,,,,,,,,,,,,,,,,,,,,,,,,,,,,,,,,,,,,,,0,0,11656,,,1,27,1,47.16,93.91,1,6.75,25.93,85.19,62.96,25.93,11.11,11.11,0,0,0,0,0,0,0,0,14.81,0,11.11,11.11,14.81,3.7,0,18.52,3.7,0,0,0,7.41,11.11,3.7,7.41,0,0,7.41,11.11,0,0,0,0,7.41,0,3.7,0,0,0,0,3.7,0,0,3.7,3.7,0,0,0,0,7.41,0,3.7,3.7,0,0,7.41,7.41,3.7,18.52,0,11.11,11.11,0,0,0,0,0,0,0,0,0,0,0,0,18.52,14.81,3.7,0,0,0,0,0,0,0,0,0,0
2025-06-10 19:04:23,2025-06-10 19:53:02,0,100,2919,1,2025-06-10 19:53:03,R_840rgTPb5v18KEM,anonymous,EN,4,An,Va,16,8,3,1,,1,0,0,1.318,0,0.987,241.329,300.018,5,"Ich war mit meinem Hund auf Kreta.
Wir lagen ganz entspannt am Strand, bis plötzlich ein fremder Hund auf uns zu rannte. Am Anfang dachte ich, dass er interessiert ist. Bis der Hund wilder wurde. Er hat meinen Hund angegriffen. Ich habe Hope (meinen Hund) auf den Arm genommen und versucht sie zu schützen. Da hat der fremde Hund mich gekratzt. Dann rannte er weg. Ich dachte er sei endgültig weg. Doch dann kam er wieder und versuchte meinen Hund zu beißen.
So hab ich meine Sachen gepackt und auch meinen Hund auf den Arm genommen und wir sind weg gelaufen. Der Hund ist hochgesprungen und hat Hope am Schwanz gebissen. Es ist sonst nichts passiert, aber Hope hat vor Schmerz geschrien.
Es haben andere Badegäste und der Rettungsschwimmer gesehen, aber nichts unternommen. Zum Glück hat mein Hund nichts. Ich hatte nur zum Teil offene Kratzer und Blaue Flecke.",Ca 30.05.25,15,6,6,3,5,5,5,11,6,7,20.002,20.002,24.013,1,1.129,154.413,300.024,7,"Wir haben den Geburtstag meiner Mama in unserem Garten gefeiert.
Nach dem Mittagessen sind meine Eltern, meine Schwester und ich in den Garten gefahren, um alles vorzubereiten.
Wir haben das Essen aus dem Auto getan und in das Garten Haus gelegt. Danach haben wir den Pavillon aufgestellt und die Bänke und Tische aufgebaut.
Zum Schluss haben wir noch das Geschirr hingestellt und auf die Gäste gewartet.
Es war gutes Wetter. Der Abend verlief eigentlich wie jeden Geburtstag. Abends schlafe ich immer auf dem Stuhl ein bis die Gäste gehen.
Zum Schluss packen wir nur die wichtigsten Sachen ins Auto. Der Rest wird am nächsten Tag aufgeräumt.",Am Wochenende nach dem 03.08.,85,4,1,4,3,2,4,10,6,3,0,0,1.434,0,2.7,178.562,300.017,7,"Ich war in der Realschule. Ich hatte einen Freund und meine beste Freundin auch. Ich war auf ihrem Geburtstag eingeladen und wir haben scherze gemacht, dass ich ihren Freund haben könnte und die meinen. (Wir waren noch Kinder)
Das hat mein damaliger Freund mitbekommen.
Ich hab mich mit meiner Freundin gestritten und die anderen Mädels aus der Klasse haben das mitbekommen und standen auf der Seite meiner Freundin.
Ich wurde dann durch Skipe gemobbt und mir wurde schlägerei angedroht.
Meine Schwester hat jede Pause auf mich aufgepasst. 
Die Schlägerei hat meine damalige Kindergarten Beste Freundin gedroht. Eine Person, die gar nicht im Streit drin war. Hier haben sich einfach die anderen eingemischt.
Ich hatte wirklich jeden Tag Angst in die Schule zu gehen. Ich hab es meinen Eltern auch am Anfang verheimlicht.
Die Lehrerin wurde auch eingeweiht. Hat aber damals alles Schlimmer gemacht.
Leider reicht die Zeit nicht aus.",5,1,5,5,7,Das war in der 6. oder 7. Klasse. Sehr lange her,50,6,7,1,6,7,6,11,6,6,1,0,0,2,0,3,3,1,4,3,3,0,4,3,0,0,1,0,1,0,1,0,0,0,1,0,0,1,0,0,0,1,1,0,0,0,1,0,0,0,2,2,2,1,3,3,2,3,2,3,1,6,6,"1,3,4",5,6,3,6,5,6,6,6,2,2,6,6,6,"1,2",17,2.901,70.914,120.016,7,"Papa
Plötzlich
Papst
Peinlich",2.936,108.052,120.014,4,"Hund 
Katze
Hase
Pferd
Elefant
Maus
Nilpferd
Nashorn
Zebra
Jaguar
Löwe
Steinbock
Skorpion
Dachs
Läuse
Schwein
Kuh
Delfin
Wal
Fische
Affe",24,2,4,5,4,1,,59,29,15901,29,0,1,149,11.59,44.99,96.49,1,9.93,22.15,92.62,64.43,22.15,16.11,12.75,1.34,0,0,0,0,1.34,1.34,1.34,4.7,10.74,8.05,16.11,2.68,10.74,1.34,21.48,4.03,1.34,0,0.67,2.68,7.38,2.68,4.7,1.34,2.68,1.34,18.79,2.68,5.37,4.03,2.01,14.09,4.03,1.34,2.01,1.34,4.7,4.03,0,0,0,0,0,0,0,0,0,12.75,7.38,2.01,2.68,2.01,0.67,11.41,2.68,0,13.42,0.67,8.05,4.7,3.36,0,0,0,0,0,0.67,0,0,0.67,0,0,12.75,10.07,1.34,0,0,0,0,0,0,0,1.34,0,0
2025-06-11 13:16:44,2025-06-11 13:59:42,0,100,2578,1,2025-06-11 13:59:43,R_2HTC71LGazNho6e,anonymous,EN,4,AN,MI,11,3,1,1,,1,0,0,2.476,0,0.766,0.766,300.014,1,"Ich habe auf dem 18. Geburtstag des kleinen Bruders einer meiner längsten Freunde K.O.-Tropfen verabreicht bekommen. Das war eine Party auf der zu 80% Menschen waren, die ich selber kannte oder mit denen ich zur Schule gegangen bin. Die ganze Party fand in unserem Heimatdorf statt, in einer Halle, in der auch schon meine Eltern gefeiert haben. Ich habe erst am nächsten Tag realisiert, was passiert ist. Allerdings habe ich mich nicht all zu unsicher gefühlt, da ich meine Kindheitsfreunde und deren Eltern um mich herum hatte, die sich um mich gekümmert haben, genauso wie meine Eltern, die schnell vor Ort waren und sich um mich gekümmert haben. Meine Eltern haben mich nach Hause gebracht, wo ich von Ärzten versorgt wurde und mich am nächsten Tag auskurieren konnte. Die Nacht über war ich nicht alleine, die einer meiner Elternteile immer bei mir waren und auf mich aufgepasst haben, daher ist dieses Erlebnis weniger traumatisch für m",24. November 2023,66,3,3,2,5,6,4,11,3,4,0,0,1.583,0,0.666,189.617,300.115,9,"Ich war beim Rock Am Ring Festival, wo meine Freundinnen und ich von einer Gruppe 40-55 jährigen Männern angesprochen wurden, eine von uns versucht wurde anzufassen und sie uns ""angegraben"" haben. 
Daraufhin habe ich mit einer anderen Freundin unsere Gruppe zu einem anderen Punkt auf der Fläche gebracht und die Männer sind von dem Konzert gegangen. 
Dadurch, dass nichts aktiv passiert ist, außer verbaler Belästigung, war das ganze Erlebnis für mich und die anderen aus meiner Gruppe nicht sonderlich traumatisch oder negativ. es war für uns eine normale Erfahrung auf einem Konzert.",erstes Juli Wochenende 2022,81,3,2,4,3,3,5,10,4,6,0,0,21.002,0,1.2,204.466,300.016,7,"Ich (weiblich) wurde von meinem damaligen festen Freund sexuell missbraucht. ich war 18, er 17. Es waren immer Vorfälle, die in dem Moment selbst nicht all zu schlimm wirkten, aber im Nachhinein als sexueller Missbrauch gewertet wurden, durch mich selbst (in Reflexion) oder durch Freunde aus meinem Umfeld. Diese Vorfälle wurden im Moment von ihm heruntergespielt oder es wurde nicht darauf geachtet, wie ich mich in der Situation gefühlt habe. Ich habe keinen Kontakt mehr zu ihm, Freunde allerdings schon. Dies nehme ich ihnen aber auch nicht übel, weil er außerhalb der Beziehung und der Situationen eine Person war, mit der man gut Zeit verbringen kann. Ich habe ihn nie im Nachhinein darauf angesprochen oder mehr als einen Satz zu den Geschehnissen in der Situation selbst gesagt, daher weiß er vermutlich nicht, wie ich mich in den Situationen gefühlt habe.",3,5,3,1,6,im Bereich von Mai bis August 2022,38,5,6,1,5,7,5,11,2,6,1,0,2,3,2,1,3,0,1,1,0,0,0,0,1,0,0,1,1,2,1,2,1,1,2,3,3,3,1,0,2,3,1,0,2,1,1,3,2,3,0,3,3,2,2,2,2,2,3,2,3,5,"1,2",6,6,6,6,6,"1,3","1,3",6,6,"1,2","1,2,3",3,6,6,"1,3",8,0.925,106.159,120.016,4,"Penis 
Pimmel 
Pirat 
Prostata 
Parkplatz 
Penicilin 
Praktikum 
Pharmazie 
Pleite 
Poster 
Papagei 
Papst 
Papaya",1.096,1.096,120.016,1,"Papagei 
Ente 
Katze 
Löwe 
Wahl 
Maus 
Vogel 
Ratte 
Hund 
Delfin 
Kuh 
Ziege 
Huhn 
Bär 
Stier 
Schwein 
Esel 
Pferd 
Büffel 
Maulwurf 
Eichhörnchen 
Eule 
Kaninchen 
Hase 
Adler 
Wellensittich 
Pfau 
Habicht",21,2,4,4,5,1,,78,19,19075,19,0,1,140,35.44,20.61,99,2.6,20,22.86,92.14,62.86,19.29,13.57,8.57,0,0,0,0,0,5,4.29,0.71,5.71,7.86,15.71,12.14,5.71,9.29,4.29,17.14,9.29,6.43,1.43,1.43,2.86,4.29,1.43,2.86,2.14,1.43,0.71,16.43,0,2.86,0.71,2.86,18.57,3.57,2.86,2.86,3.57,5,9.29,3.57,0,1.43,2.14,2.14,0,0.71,1.43,0,5,2.86,2.14,0,0,0,7.86,5,0,20.71,0,12.14,8.57,0,0,0,0,0,1.43,0.71,0,0,0,0,0,15,5,7.14,0,0,0,0,0,0,0,2.86,0,0
2025-06-12 11:23:37,2025-06-12 12:15:01,0,100,3083,1,2025-06-12 12:15:01,R_8KZCiG5RsL5FZoB,anonymous,EN,4,FR,KA,12,5,1,1,,1,0,0,12.634,0,9.484,263.232,300.032,19,"Ich war nachts im Urlaub gegen Mitternacht mit meinem Mann unterwegs – ein Spaziergang, weil ich durch mein Restless-Legs-Syndrom nicht schlafen konnte. Es war ruhig, warm, die Straße leer. Wir liefen nebeneinander, redeten nicht viel. Ich war froh, dass er mitgegangen war, einfach um nicht allein zu sein. Dann hörten wir von hinten das Geräusch eines Mopeds – nichts Ungewöhnliches, den neben uns war eine Hauptverkehrsstraße. Aber in dem Moment, als es auf unserer Höhe war, zuckte er vor Schmerz zusammen. Ich dachte erst, das Moped hätte ihn angefahren, aber schnell stellte sich heraus, dass ihn aus dem Nichts ein Ei getroffen hatte. Direkt am Rücken, mit einer solchen Wucht, dass er zusammenzuckte und sofort vor Schmerz aufstöhnte.

Ich habe zuerst gar nicht verstanden, was passiert war. Es ging so schnell. Ich sah nur, wie das Moped davonzog, ohne langsamer zu werden. Kein Wort, kein Blick zurück. Nur mein Mann, der sich instinktiv an den Rücken fasste, wo das Ei ihn getroffen hatte.

Es war ein rohes, braunes Ei. Später wurde die Stelle bläulich, schwoll an, ein richtiges Hämatom in Herzform. Ich hätte nie gedacht, dass ein Ei solche Spuren hinterlassen kann. Ich war gleichzeitig schockiert, wütend und traurig. Es war so sinnlos. So gezielt – und doch so leer. Keine Provokation, kein Anlass, keine Erklärung. Nur zwei vorbeifahrende Fremde und ein Moment, der sich eingebrannt hat.

Was mich am meisten getroffen hat: Mein Mann war nur mitgegangen, weil er mich nicht allein lassen wollte. Es hätte mich treffen können - oder sollen. Und es hat mir gezeigt, wie willkürlich Gewalt passiert. Wie man zufällig in einer Situation stecken kann, die unvorhersehbar war.",09.06.2025 gegen Mitternacht,10,5,7,1,5,6,3,1,1,5,0,0,3.375,0,0.825,160.348,300.013,10,"Gestern habe ich mit meiner Familie einen Ausflug gemacht. Ich erinnere mich, dass ich vorher nicht wirklich motiviert war, aber trotzdem mitgegangen bin, weil es einfach zum Plan gehörte. Ich fahre auch in den Urlaub, um etwas vom dortigen Lang zu sehen. Die Strecke war staubig, die Luft trocken, die Sonne zu stark eigentlich. Ich war noch müde von der Nacht, genervt von den Kindern, die gequengelt haben und wusste nicht, wohin mit mir, um kurz der Sonne zu entgehen. 

Wir sind mit Jeeps gefahren, was ruckelig und laut war. Nicht schlimm, aber auch nicht besonders angenehm. Ich fand es schön, wirklich etwas vom Land zu sehen, habe mich aber öfter auch an das Ende des Ausflugs gesehnt.

Am Ende war es gut, diesen Ausflug gemacht zu haben und trotzdem erleichternd, endlich ins kühle Zimmer eintreten zu können. Immerhin waren die Kinder ebenso erschöpft von dem Tag.",11.06.2025,29,5,3,4,3,2,5,11,5,2,0,0,3.622,0,0.832,126.319,301.594,9,"Es war Anfang September 2008. Ich war mit meinem damaligen Partner in einer Beziehung, die von außen als BDSM-Beziehung erschien, aber in Wahrheit von psychischer und physischer Gewalt durchzogen war. An diesem Tag war ich in einem Kellerraum – kein Studio, keine Öffentlichkeit, einfach nur ein karger, kalter Raum. Dort wurde ich von ihm vollständig in Frischhaltefolie eingewickelt, zusätzlich mit Seilen fixiert. Arme, Beine, Körper – bewegungslos. Ich bekam eine Augenbinde, einen Knebel, war blind, stumm, komplett ausgeliefert.

Ich konnte kaum atmen. Mein Brustkorb dehnte sich nur mühsam. Ich spürte, wie Panik aufstieg, weil ich so schlecht Luft bekam, obwohl ich sie kannte, diese Art der Auslieferung. Aber an diesem Tag war es anders. Er ließ mich allein. Ich hörte, wie die Tür geschlossen wurde. Dann: Stille. Ich weiß nicht, wie lange ich dort lag. Zehn Minuten? Dreißig? Irgendwann wurde die Panik größer als alles andere. Ich hatte mein Handy auf dem Boden liegen lassen, für den Notfall – und schaffte es, mich so weit zu befreien, dass ich mein Safeword tippen konnte: „Atlantik“.

Er kam zurück. Befreite mich. Wortlos. Kein Blick, kein Trost, keine Frage, wie es mir ging. Als wäre nichts passiert. Ich fühlte mich nicht nur verletzt – ich fühlte mich gelöscht. Es war der Moment, in dem innerlich etwas zerbrach. Und ich wusste: Das hier ist nicht Spiel, das ist Gewalt. Ich war kein Mensch in seinen Augen. Nur ein Objekt. Und ich hatte um Hilfe gebeten – etwas, das ich nie tun durfte. Ich habe überlebt. Aber seitdem weiß ich, wie es sich anfühlt, wirklich nichts mehr zu sein.

Direkt nach dem Absenden der Nachricht, überkam mich ein schlechtes Gewissen, weil ich ihm nicht bis zum Schluss vertraut hatte, sondern selbst entschied, dass jetzt Schluss war. Und das ließ er mich spüren - in dieser Kälte, die er mir entgegenbrachte. Ich hatte das ""Spiel"" ruiniert, weil ich überleben wollte.",5,1,4,4,7,02.09.2008,19,7,7,1,7,7,6,11,2,1,3,3,4,4,4,4,4,1,2,2,4,3,3,4,2,2,4,4,4,4,2,0,1,2,3,1,0,3,1,1,0,3,2,1,0,1,2,2,0,1,2,3,3,1,3,3,2,3,4,2,3,6,1,1,5,6,1,6,1,1,6,1,1,1,3,6,6,5,8,0.879,0.879,120.011,1,"Panik, Preis, Problem, Paranoia, Post, Prank, Portfolio, posttraumatisch, Psychologe, Perfektion, Pedant, Persönlichkeit",1.25,1.25,120.01,1,"Esel, Pferd, Hase, Igel, Fuchs, Lama, Ziege, Schwein, Hund, Katze, Kakerlake, Dromedar, Schildkröte, Skorpion, Schlange, Hai, Wal, Delfin, Zikade, Vogel, Eichhörnchen, Zebra, Löwe, Steinbock, Goldfisch",38,2,4,6,5,1,,120,65,%SURVEY_CODE%,65,1,1,308,2.04,14.85,97.78,8.1,9.06,19.48,89.94,59.42,24.68,15.91,12.01,0,0,0,0,0,3.25,3.25,0.32,7.47,7.47,8.12,11.04,5.52,11.69,4.22,17.86,7.47,3.57,1.62,0.97,4.87,7.14,3.25,3.9,0.65,0.65,1.3,11.04,0.32,0.32,0,1.62,16.56,3.25,2.92,1.62,2.6,4.87,4.55,3.9,1.3,1.3,1.3,3.25,1.95,0.97,0.32,0,6.82,1.62,4.22,1.3,0,0.32,12.34,1.95,0.32,16.88,0.97,10.71,6.17,1.62,0.97,0.65,0.97,0,0.32,0.32,0,0.32,0,0,0,25,10.39,11.36,0.97,0,0.65,0,0.65,0.97,0,0,0,0
2025-06-13 16:07:30,2025-06-13 16:38:22,0,100,1851,1,2025-06-13 16:38:23,R_2lt4lkfG97umPvw,anonymous,EN,4,EV,AN,15,4,3,1,,1,12.121,13.2,21.641,2,32.995,33.694,300.096,2,"Ein solches Erlebnis ereignete sich während eines Schüleraustauschs im Ausland, als einem engen Freund in der Gastfamilie großes Unverständnis und soziale Ablehnung entgegengebracht wurde. Die Gasteltern reagierten wiederholt ablehnend auf kulturell bedingte Verhaltensweisen und machten abfällige Bemerkungen, die den Freund deutlich verunsicherten. In mehreren Situationen wurde diese Ablehnung miterlebt, unter anderem beim gemeinsamen Abendessen, als ironische Kommentare über seine Aussprache und Essgewohnheiten gemacht wurden. Während dieser Momente wurde eine unangenehme Spannung im Raum wahrgenommen, begleitet von einem Gefühl der Hilflosigkeit, da ein direktes Eingreifen schwierig erschien. Die wiederholte Konfrontation mit dieser feindseligen Atmosphäre führte zu einem unterschwelligen Stressgefühl und der ständigen Sorge, selbst negativ aufzufallen. Gedanken wie „Was kann ich tun, ohne die Situation zu verschärfen?“ oder „Warum reagieren die Menschen so?“ dominierten in diesen Momenten. Rückblickend wurde das Erlebnis als belastend, jedoch nicht traumatisch eingeordnet, da keine bleibenden psychischen oder physischen Folgen zurückblieben.",14.02.2012 14:00,50,5,5,2,5,4,4,5,4,4,1.958,3.207,5.601,2,28.91,256.217,300.199,5,"Ein solches Erlebnis fand während einer regulären Vorlesung im zweiten Semester statt. Der Raum war mit etwa 40 Studierenden gefüllt, die meisten saßen still da und hörten dem Vortrag des Dozenten zu. Die Präsentation behandelte ein bekanntes Thema, das zuvor bereits in der Literatur besprochen worden war – es ging um Motivationstheorien im organisationalen Kontext. Die Atmosphäre war ruhig, ohne besondere Spannung oder Aufregung.

Während der Sitzung wurden Notizen gemacht, einige Folien wurden fotografiert. Der Blick wanderte gelegentlich durch den Raum, es fiel auf, dass mehrere Kommiliton*innen müde wirkten oder auf ihre Handys sahen. Persönlich wurde ein neutraler Geisteszustand wahrgenommen: Konzentration auf die Inhalte, jedoch ohne besondere emotionale Beteiligung. Es wurde abgewogen, ob die Inhalte später relevant für eine Prüfungsleistung sein könnten. Die Zeit verging weder schnell noch langsam. Nach Ende der Vorlesung wurde der Raum verlassen, ohne dass ein bleibender Eindruck entstanden wäre. Das Erlebnis war unspektakulär, aber typisch für den universitären Alltag.",Februar 2023,44,2,1,4,2,2,2,3,2,2,0,0,1.291,0,4.43,79.593,300.096,11,"Im Alter von zwölf Jahren wurde eine Explosion in der Schullaborumgebung miterlebt, als unzureichend stabilisierte Chemikalien miteinander reagierten. Während des Vorfalls wurde eine akustische Druckwelle wahrgenommen, die zu dauerhaften Innenohrschädigungen führte, wodurch eine beidseitige, mildgradige Hörminderung verblieb. Gleichzeitig wurde durch umherfliegende Glasfragmente eine tiefe Schnittverletzung am rechten Unterarm erlitten, deren Narbenbildung bis heute sensorische Überempfindlichkeiten auslöst. In den folgenden Monaten wurde eine anhaltende posttraumatische Stressreaktion dokumentiert, die durch intrusive Erinnerungen und vegetative Übererregung gekennzeichnet war.",5,5,1,5,5,15.11.2012 um 11:15,46,5,3,2,6,4,4,5,3,4,1,2,2,3,1,2,2,1,2,1,2,3,2,1,3,2,2,3,2,1,2,1,2,1,1,2,2,1,1,2,1,1,2,1,2,2,2,1,0,1,0,3,2,3,2,2,2,2,3,2,3,6,"2,3,6",1,3,1,3,3,3,3,3,5,4,4,3,5,2,4,13,5.936,72.766,130.661,11,"Papier
Pflanze
Programm
Paket
Produkt
Problem
Prozess
Plan
Position
Politik
Pause
Projekt
Punkt
Preis
Pflicht
Publikum
Protokoll
Palette
Passwort
Plattform
Paprika
Patenschaft
Plakat
Portemonnaie
Pfanne",3.76,31.676,120.123,5,"Hund
Katze
Pferd
Kuh
Schwein
Schaf
Ziege
Löwe
Tiger
Bär
Wolf
Elefant
Giraffe
Nashorn
Nilpferd
Affe
Fuchs
Dachs
Eichhörnchen
Igel
Hase
Kaninchen
Maus
Ratte
Fledermaus
Waschbär
Pinguin
Adler
Eule
Spatz
Taube
Schwan
Ente
Gans
Huhn
Hahn
Truthahn
Ameisenbär
Bär
Waschbär
Thunfisch
Forelle
Karpfen
Goldfisch",24,1,4,5,4,1,,90,38,14389,38,1,1,75,99,65.13,93.11,2.99,18.75,56,65.33,41.33,1.33,1.33,0,0,0,0,0,0,1.33,1.33,1.33,0,14.67,14.67,6.67,5.33,5.33,0,12,5.33,1.33,1.33,1.33,0,4,1.33,2.67,1.33,0,0,5.33,0,0,0,0,9.33,2.67,4,0,0,0,2.67,1.33,0,0,0,4,1.33,2.67,0,0,2.67,0,0,2.67,0,0,9.33,1.33,0,25.33,1.33,10.67,14.67,2.67,0,0,0,0,0,1.33,0,0,0,0,0,13.33,5.33,8,0,0,0,0,0,0,0,0,0,0
2025-06-15 09:39:54,2025-06-15 10:22:51,0,100,2577,1,2025-06-15 10:22:52,R_2hiCg9B3kzlQ9Yl,anonymous,EN,4,ch,ba,14,9,1,1,,1,0,0,11.868,0,1.015,292.673,300.025,15,"Während der Corona-Pandemie Anfang 2020 habe ich meinen Job verloren. Das war nachvollziehbar, da es aufgrund der Beschränkungen keine Kunden mehr gab. Allerdings hatte ich ihn erst zwei Monate zuvor angetreten, so dass ich aufgrund der Probezeit eine kurze Kündigungsfrist hatte. Das war schlecht, da ich aufgrund der Umstände so schnell keinen neuen Job finden konnte. Außerdem bin ich extra für den Job umgezogen und die Kündigungsfrist meiner Wohnung war deutlich kürzer und neue Wohnungsbesichtungen konnten aufgrund der Beschränkungen damals auch nicht stattfinden. Ich konnte so schnell also auch keine neue Wohnung finden. Der finanzielle Schaden war also recht groß, so dass ich etwas unsicher war, wie es weitergeht. Aber ich war hauptsächlich genervt. Verglichen mit den anderen Problemem zu dieser Zeit, war es trotzdem noch eine irgendwie handlebare Situation.",Anfang 2020,14,1,3,2,2,3,1,10,4,5,0,0,1.763,0,1.293,158.265,300.162,12,"Letztes Jahr hat sich während eines Zahnarztbesuchs herausgestellt, dass am Ende meiner Wurzelbehandlung trotzdem der Zahn gezogen werden musste. Davon war ich zunächst überrascht. Dann war ich genervt von der Tatasache, dass die vorherige Wurzelbehandlung umsonst war. Dann habe ich mich gefragt, ob das schmerzhaft wird. Dann habe ich mich gefreut, dass der Zahn keine Probleme mehr machen kann, wenn er endlich raus ist. Dann hab ich mich gefragt, wie lange die Behandlung jetzt noch dauern wird und ob ich meinen Anschlusstermin pünktlich schaffe. Dann habe ich darüber nachgedacht, ob ein Zahnersatz nötig sein und wieviel der kosten wird.",Sommer 2024,14,1,2,3,2,1,1,10,1,2,0,0,15.12,0,1.187,238.38,300.029,21,"Ein enger Familienangehöriger ist in meiner Anwesenheit völlig überraschend und unerwartet verstorben, was ich zuerst gar nicht realisiert habe. Dannfühlte ich mich zuerst hilflos, später traurig und wütend. Ich hatte zuerst Angst und Mitleid und dann habe ich mich gefragt, wie lange dieser Prozess jetzt dauert und was man währenddessen tun oder sagen sollte und ob bzw. wieviel derjenige noch mitbekommt. Währenddessen habe ich die Geräusche in meiner Umgebung gedämpft, Farben und Gerüche aber sehr intensiv wahrgenommen. Außerdem habe ich über gemeinsame Erlebnisse, die wir in den vergangenen Jahrzehnten hatten, nachgedacht.",3,,,,6,August 2022,71,7,7,7,7,7,3,2,4,7,3,3,3,4,4,3,3,1,0,1,3,1,2,1,2,1,2,2,2,2,1,1,0,1,1,1,0,1,1,1,1,1,1,1,0,0,0,1,1,1,0,3,3,3,3,3,3,3,3,3,3,3,2,2,2,6,1,2,3,3,3,6,1,1,3,3,6,1,12,5.31,5.31,120.119,1,"Papier, Porto, Pflanze, Pappkarton, Preis, Produkt, produzieren, parken, Parkhaus, Pfand, Person, persönlich, Panzer, Punkt, Pendel, Panda, Promotion, Pinguin, petzen, Parade, Pferd, pressen, platzen, pleite, Pfannkuchen",2.47,2.47,120.121,1,"Affe, Anaconda, Giraffe, Elefant, Löwe, Jaguar, Tiger, Panther, Erdmännchen, Fisch, Katze, Hund, Pferd, Vogel, Reptil, Echse, Känguruh, Papagei, Schildkröte, Eisbär, Pinguin, Seekuh, Seelöwe, Wal, Haifisch, Schwertwal, Buckelwal, Qualle, Möwe, Aal, Spatz, Meise, Amsel, Taube, Krähe, Ameise, Sandfloh, Wellensittich, Wespe, Biene, Hummel, Hornisse, Heuschrec",40,2,3,11,7,1,,88,43,19204,43,1,1,91,1.47,15.4,99,1,15.17,31.87,90.11,58.24,17.58,12.09,10.99,1.1,0,0,0,0,0,0,0,5.49,4.4,5.49,10.99,7.69,15.38,1.1,19.78,10.99,3.3,5.49,3.3,1.1,5.49,0,5.49,2.2,1.1,2.2,6.59,1.1,0,0,0,17.58,4.4,2.2,2.2,2.2,3.3,6.59,4.4,1.1,2.2,0,1.1,0,0,0,0,8.79,3.3,5.49,0,0,0,7.69,8.79,1.1,16.48,0,8.79,8.79,1.1,1.1,1.1,0,0,1.1,2.2,0,0,0,0,0,13.19,6.59,6.59,0,0,0,0,0,0,0,0,0,0
2025-06-15 20:36:34,2025-06-15 21:14:52,0,100,2297,1,2025-06-15 21:14:52,R_8OjLIDK2m841u9s,anonymous,EN,4,KR,PI,1,3,1,1,,1,0,0,1.301,0,1.38,1.929,300.016,2,"Ein negatives Erlebnis, das mir in Erinnerung geblieben ist, ereignete sich während meiner Schulzeit. Es war in der Oberstufe, im Rahmen eines Projektes, bei dem wir in Gruppen eine Präsentation vorbereiten mussten. Ich war Teil einer vierköpfigen Gruppe, und wir hatten die Aufgabe, ein komplexes Thema im Fach Geschichte aufzubereiten.

Von Beginn an lief die Zusammenarbeit schwierig. Zwei Gruppenmitglieder waren kaum engagiert, meldeten sich selten in den Treffen und übernahmen keine Aufgaben. Die Arbeit blieb dadurch größtenteils an mir und einer anderen Schülerin hängen. Ich erinnere mich, dass wir mehrfach versuchten, die beiden anderen zu motivieren oder einzubinden, doch es blieb erfolglos. Besonders frustrierend war, dass sie bei den Lehrkräften den Eindruck erweckten, sie hätten mitgearbeitet.

Am Tag der Präsentation war ich angespannt und gereizt. Ich war wütend darüber, dass die anderen den gleichen Beitrag zur Note erhalten würden wie ich, obwohl sie kaum etwas getan hatten. Gleichzeitig machte ich mir Sorgen, ob wir die Präsentation gut genug vorbereiten konnten, weil so viel Arbeit an wenigen hängen geblieben war. Ich erinnere mich noch gut an das Gefühl der Ungerechtigkeit und an meine Gedanken: „Warum wird das nicht gesehen? Warum müssen wir das ausbaden?“

Während der Präsentation selbst war ich nervös, weil ich wusste, dass das Endergebnis nicht unseren Ansprüchen genügte. Ich spürte, wie meine Hände leicht zitterten, und ich hörte mein Herz schneller schlagen. Im Raum war es still; ich nahm das Kratzen von Stiften auf Papier und das leise Summen des Beamers wahr. Nach außen funktionierte ich, beantwortete Fragen und führte durch die Folien, doch innerlich fühlte ich mich erschöpft und ein Stück weit enttäuscht.

Im Nachhinein blieb das Erlebnis bei mir hängen, weil es mir zum ersten Mal so deutlich vor Augen führte, wie belastend es sein kann, wenn Verantwortung in Gruppen ungleich verteilt ist und man sich nicht auf andere verlassen kann. Es war kein traumatisches Ereignis, aber eines, das mich in vergleichbaren Situationen später vorsichtiger gemacht hat.",2013,92,2,4,2,4,3,3,10,4,2,10.96,10.96,47.269,1,41.184,109.104,300.139,5,"Ein guter Freund arbeitet in einem mittelgroßen Unternehmen und hatte die Aufgabe, eine Präsentation für ein internes Meeting vorzubereiten. Es handelte sich um ein Routine-Meeting, bei dem er regelmäßig Updates zum Stand eines Projekts geben muss.

Die Vorbereitung verlief unspektakulär: Er hatte ausreichend Zeit, konnte alle notwendigen Informationen zusammentragen und die Präsentation fertigstellen. Auch das Meeting selbst war unscheinbar – die Kolleginnen und Kollegen hörten zu, stellten ein paar Fragen, aber es kam weder zu großer Begeisterung noch zu Kritik. Nach dem Meeting ging der Arbeitsalltag wie gewohnt weiter.

Was mir an seinen Schilderungen aufgefallen ist: Obwohl dieses Ereignis an sich neutral war, hatte es dennoch einen kleinen Effekt auf sein Empfinden. Er berichtete, dass es einer dieser Momente gewesen sei, in denen er sich fragte, ob seine Arbeit eigentlich gesehen und wertgeschätzt wird. Nicht, weil er Lob erwartet hätte, sondern weil völlige Neutralität manchmal das Gefühl vermittelt, unsichtbar zu sein. Gleichzeitig war er aber auch erleichtert, dass es keine kritischen Rückmeldungen gab – so konnte er das Projekt ohne größere Änderungen fortführen.",02.03.2025,73,3,2,4,5,2,3,7,1,4,0,0,2.232,0,26.384,26.384,389.372,1,"Es fällt mir nicht leicht, mich an dieses Erlebnis zu erinnern, weil es mit starken Emotionen verbunden war. Es war vor ein paar Jahren, als ich Zeuge eines schweren Fahrradunfalls wurde. Ein guter Freund von mir und ich waren an einem sonnigen Frühlingstag gemeinsam unterwegs. Wir fuhren eine Strecke, die wir gut kannten. Es war ein entspannter Ausflug, bis es an einer Kreuzung plötzlich passierte: Ein Auto übersah ihn beim Abbiegen und erfasste ihn mit der Frontstoßstange.

Ich erinnere mich genau an das laute Geräusch des Aufpralls – ein dumpfer Knall, gefolgt vom Kreischen der Bremsen. Für einen Moment war ich wie erstarrt. Mein erster Gedanke war: „Das kann nicht sein. Das darf nicht wahr sein.“ Ich sprang sofort vom Rad, rannte zu ihm hin und sah, wie er reglos auf dem Asphalt lag. Sein Fahrrad war verbogen, eine Pedale war abgebrochen. Ich hörte das Zittern in meiner eigenen Stimme, als ich versuchte, mit ihm zu sprechen, während ich gleichzeitig jemanden bat, den Rettungsdienst zu rufen.

Was ich wahrgenommen habe, war ein seltsamer Kontrast: die warme Sonne, der klare blaue Himmel – und mitten in diesem friedlichen Bild das Chaos der Szene. Menschen blieben stehen, manche riefen, andere schauten schweigend zu. Ich roch den Geruch von Gummi, vermutlich von den Reifen, die abrupt gestoppt hatten. Die Zeit schien für einen Moment stillzustehen.

Gefühlsmäßig war es ein Wechselbad: Schock, Angst, Hilflosigkeit. Ich hatte das Gefühl, die Kontrolle zu verlieren, weil ich nichts tun konnte, um die Situation sofort zu verbessern. Gleichzeitig versuchte ich, ruhig zu bleiben und meinem Freund beizustehen. In meinem Kopf kreisten Gedanken wie: „Was, wenn er schwer verletzt ist? Was, wenn es schlimmer ist, als es aussieht?“

Die Minuten bis zum Eintreffen des Rettungswagens fühlten sich endlos an. Erst als die Sanitäter übernahmen, spürte ich ein wenig Erleichterung. Mein Freund kam ins Krankenhaus und wurde dort behandelt. Glücklicherweise hat er sich nach einer langen Reha wieder vollständig erholt.

Bis heute begleitet mich die Erinnerung an dieses Erlebnis, vor allem das Gefühl der Ohnmacht in diesem Moment.",5,5,2,5,4,17.06.2018,31,5,6,1,5,5,5,11,5,2,0,1,1,0,0,0,0,0,0,0,0,0,0,0,0,0,0,0,1,1,1,0,0,0,0,0,0,0,1,0,0,1,0,0,1,0,0,0,0,0,0,3,3,3,3,3,3,3,3,3,3,"1,2,3","2,3","1,2,3","1,2,3",6,6,6,6,6,6,6,2,2,6,6,6,"1,2,3",3,0.913,0.913,120.007,1,"Pinguin, Post, Pöller, Pusteblume, Pustekuchen, Pizza, Pfeffer, Pawian, Papagei, Polster, Pilot, Porsche, Pircing, Pommes, Pferd, Panter, Puderdose, Pony, Pullover, Peugeot, P",2.302,2.302,120.007,1,"Pferd, Affe, Maus, Hund, Katze, Tiger, Wal, Pinguin, Giraffe, Löwe, Gepard, Ratte, Meerschweinchen, Hase, Kaninchen, Vogel, Hai, Delfin, Robbe, Elster, Goldfisch, Makrele, Pawian, Koala, Oktupus, Qualle, Grille, Ameise, Zecke, Fliege, Biene, Wespe, Schaf, Ziege, Otter, Biber, Salamander, Echse, Nilpferd, Nashorn, Hy",27,2,4,5,6,1,,38,4,19189,4,0,1,336,73.77,48.08,98.35,70.45,12.92,25.3,89.29,57.14,20.54,11.61,7.14,0.6,0,0,0,0,3.27,3.27,0,7.14,12.8,13.1,9.23,3.87,9.52,1.19,18.75,9.23,2.08,1.79,0.6,1.49,8.63,5.36,3.27,1.49,0,1.19,11.31,0,1.19,0,1.79,15.77,3.57,1.79,1.49,3.57,2.68,3.27,7.14,2.38,2.38,1.79,3.87,0.89,0.89,0.6,0,8.33,2.38,4.46,1.19,0,0.3,9.82,2.98,0,23.21,5.06,10.71,10.71,1.19,2.68,0,0.3,0.3,0,1.49,0,0,0.3,0,0,18.75,7.14,8.93,1.49,0,0.6,0,0,0.6,0,0,0,0
2025-06-16 22:53:50,2025-06-17 00:26:43,0,100,5572,1,2025-06-17 00:26:44,R_8wp78sjnnlf9CI9,anonymous,EN,4,SU,LI,13,3,3,1,,1,0,0,6.428,0,1.537,76.541,301.864,4,"Meine Mutter ist im alter von ungefähr 50 Jahren an Alzheimer Demenz erkrannkt. Innerhalb von 10 Jahren konnte sie nicht mehr sprechen, denken, selbstständig laufen oder essen und zu Hause wohnen. Ich bin mir nicht sicher ob sie mich noch erkennt.",2015,59,4,3,6,2,5,2,9,2,3,0,0,1.119,0,5.17,142.261,301.927,2,"Ich war einmal Kanufahren mit einer Gruppe gleichaltriger. Es war okay, ich war nicht sonderlich gut mit ihnen befreundet und das wetter war so la-la. Es war ein Veranstalter der Kanutour dabei der zu Flora und Fauna erzählen konnte und ein paar Spiele auf dem Wasser veranstaltet hat. Eines der anderen Boote ist gekenntert, aber niemandem ist etwas passiert.","2016, Mitte Juli, 12-16 Uhr",59,3,1,4,2,1,6,10,2,6,0,0,8.757,0,1.277,1.277,301.474,1,Ich habe kein Erlebnis welches ich als Traumatisch beschreiben würde. Tut mir leid. Ich bin sehr behütet aufgewachsen,5,5,5,5,1,Nie,0,1,1,1,1,1,1,1,1,1,0,0,0,0,0,0,0,0,0,0,0,0,0,0,0,0,0,0,0,0,0,0,0,0,1,1,0,0,0,0,0,0,1,0,0,0,0,0,0,0,1,2,3,2,2,2,2,2,2,2,2,6,6,6,6,6,6,6,6,6,6,6,6,6,6,6,6,6,17,0.896,86.791,120.005,5,"Pumpe
prellen
praktisch
pneu
penis
paris
precious
penibel
prahlen
Pralhans
Pipette
Polymere
Polyamorie
Psydonym
psychologisch
Pirruette",0.868,0.868,120.013,1,"Schlange
Esel
Hund
Katze
hase
Kaninchen
Raupe
Spinne
Käfer
Kranich
Karpfen
Kolibri
Stachelrochen
Kamel
Trampeltier
Gürteltier
Wolf
Bär
Hecht
Hai
Blauwal
Delfin
Orca
Seerobbe
Seelöwe
Löwe
Seehund
Ocelot
Panther
Tiger
Leopard
Gepard
Jaguar
Anakonda
Aligator
Nilkrokodil
Salzwasserkrokodil
Aal",28,1,4,4,5,1,,25,0,17779,0,0,1,18,1,1,99,17.39,6,33.33,83.33,66.67,33.33,22.22,22.22,0,0,0,0,0,0,0,0,11.11,0,5.56,22.22,11.11,5.56,5.56,27.78,5.56,5.56,5.56,0,11.11,11.11,5.56,5.56,0,0,5.56,5.56,0,0,0,0,16.67,5.56,0,5.56,5.56,0,5.56,0,0,0,0,0,0,0,0,0,11.11,0,5.56,0,0,0,0,16.67,0,11.11,0,0,11.11,0,0,0,0,0,5.56,0,0,0,0,0,0,11.11,11.11,0,0,0,0,0,0,0,0,0,0,0
2025-06-19 10:12:40,2025-06-19 11:15:01,0,100,3740,1,2025-06-19 11:15:01,R_2wgJu4iRw4T0nfJ,anonymous,EN,4,CL,JO,13,5,1,1,,1,0,0,67.138,0,0.725,50.823,300.014,3,"Meine erste Beziehung ging 2 einhalb Jahre. 2 Jahre Fernbeziehung, weil er studierte und ich noch in der Schule war. Für ein halbes Jahr bin ich nach Schulabschluss zu ihm gezogen. Es war ein radikaler Schritt, den wir aber beide wollte. Es gab einige Schwierigkeiten und es lief nicht alles glatt. Die Probleme haben sich angehäuft und ich habe ihn nach einem Wochenende, dass wir zum Nachdenken getrennt verbracht haben, konfrontiert. Ich wollte mit ihm Probleme in der Beziehung erörtern. Ich wollte mit ihm Kompromisse finden und an der Beziehung arbeiten. Nach einem 3-Stündigen Gespräch fällte er den Entschluss, dass er diese Kompromisse nicht eingehen will, dass ich und diese Beziehung ihm das nicht wert sind. Er hat an diesem Abend entschlossen, dass es vorbei ist. Eine Woche später musste ich meine ganzen Sachen wieder aus der Wohnung schaffen, hatte ein gebrochenes Selbstwertgefühl, hatte ein gebrochenes Herz und musste bis zum Ablauf einer Frist noch irgendwie mein FSJ weiterführen, dass ich in Bonn angefangen hatte. Dazu lebte ich eine Zeit lang, direkt nach der Trennung, in einem AirBNB ganz alleine in Bonn und bin immer wieder an seinem Haus vorbeigefahren und war mit hunderten Erlebnissen und Erinnerungen mit ihm konfrontiert","Am Abend des 19.11.2023, gegen 20 Uhr",80,6,6,4,6,7,7,11,7,2,0,0,6.557,0,0.8,141.888,300.109,2,"Aufgrund von anhaltender Müdigkeit, egal wie viel ich schlafe, habe ich schon vor einem Jahr meinen Hausarzt konsultiert. Mir wurde Blut abgenommen und es wurden einige Tests durchgeführt, alle ohne Befund. Um wirklich alles auszuschließen hatte ich dann mein allererstes MRT von meinem Gehirn. Es war interessant und jetzt besitze ich einen Scan von meinem Gehirn, aber auch das war ohne Befund. An der anhaltenden Müdigkeit hat sich nichts geändert, aber ich habe mich daran gewöhnt und mich angepasst.
Da ich noch Zeit habe: Ich war vor dem MRT ein bisschen nervös, weil ich aus Serien wusste, dass man da drin völlig still liegen muss und ich bin ein recht zappeliger Mensch. Außerdem musste ich dafür meine Piercings rausnehmen und eins davon war erst 2 Monate alt und noch nicht richtig verheilt (Ist aber alles gut gegangen und ich habe es direkt nach dem MRT wieder reingetan). Letztendlich ging die Zeit schneller rum als ich dachte und ich konnte mich mental gut ablenken.","12.03.2024, 14 Uhr",100,2,1,4,4,1,5,11,7,4,0,0,43.932,0,1.067,217.41,300.012,5,"Es war 23 Uhr nachts auf einer nassen Straße. Das Navi hat mir eine Autobahnauffahrt zu früh gesagt, ich solle nun auf die Autobahn fahren (die Auffahrten lagen nur wenige 100 Meter auseinander). Es war die falsche Auffahrt und ich bin zu schnell draufgefahren. Die Kurve war enger als erwartet und ich bin mit etwa 50 km/h ins Schleudern geraten. In letzter Sekunde hatte ich eine Eingebung und habe aufgehört gegenzusteuern, habe das Lenkrad losgelassen und bin frontal auf ein Auto geprallt. Ich hatte ein Blackout und als ich anfing die Dinge um mich wahrzunehmen, hörte ich eine Jungenstimme, die panisch nach seiner Mutter schrie. Ich sah Rauch aus den Airback-Gefäßen aufsteigen. Das Handy war aus der Halterung direkt vor mir aufs Lenkrad gefallen. Ich war mir sicher, dass ich diese Frau getötet habe. Ich habe mich noch schuldiger gefühlt, weil es mir gut ging. Ich hatte Schrammen, Druck auf der Brust und blaue Flecken. Das wars. 
Als ich vom Krankenwagen abgeholt wurde, wurde mir sehr oft gesagt, was ein Glück ich hatte. Ich hätte bei diesem Unfall sterben können und ich hätte bei diesem Unfall ein Leben nehmen können ... Ich habe es nie verarbeitet.",5,1,5,5,7,"In der Nacht vom 22.03.2023, ca. 23 Uhr",25,7,7,1,7,7,7,11,7,7,4,4,3,4,2,1,0,1,4,4,4,3,4,4,2,1,1,2,3,4,2,0,2,0,2,3,1,2,0,2,3,3,2,1,1,2,3,3,0,0,3,2,2,1,1,2,1,3,2,1,1,"1,3",6,"1,3",6,6,6,6,6,"1,3",6,6,6,6,6,6,"1,6","1,3",3,1.039,1.039,120.017,1,"Polizist, privat, Prachtexemplar, prächtig, prunkvoll, pervers, penibel, perfekt, plötzlich, plaudern, pietätvoll, Portrait, passiv, peinlich, Pose, Pizza, Pfand, Pfannekuchen,",1.228,1.228,120.008,1,"Delfin, Affe, Elefant, Emu, Chamäleon, Maus, Hund, Kaninchen, Pferd, Giraffe, Elch, Laus, Dachs, Schmetterling, Chinchilla, Papagei, Blau-Ara, Seekopfadler, Specht, Roche, Waal, Fisch, Hai, Seepferdchen,",20,2,4,4,5,1,,106,55,15754,55,1,1,196,45.07,22,98.92,4.84,13.07,19.39,84.69,57.14,19.9,12.76,12.24,0,0,0,0,0,0.51,0.51,0,5.1,10.71,10.71,12.24,3.57,10.2,0.51,20.92,6.63,1.53,0.51,1.53,1.53,5.1,2.04,3.06,1.02,0.51,0,6.12,1.02,0,1.02,0,9.69,0.51,0.51,1.02,2.55,1.53,2.04,4.08,1.02,2.55,0.51,1.53,0.51,0.51,0.51,0,5.1,0.51,2.04,0.51,0.51,1.53,12.76,4.59,0,19.9,3.06,9.18,8.67,1.02,0.51,0,0,0,1.02,2.55,0,0,0,0,0,15.31,8.67,4.59,0,0,0,0,0.51,0,0,1.02,0.51,0
2025-06-15 11:35:29,2025-06-15 11:37:04,0,19,94,0,2025-06-22 11:37:10,R_8LgJZ9Zq0CymrC9,anonymous,EN,4,SH,BE,6,8,3,3,1,1,,,,,,,,,,,,,,,,,,,,,,,,,,,,,,,,,,,,,,,,,0,0,0.962,0,,,,,,,,,,,,,,,,,,,,,,,,,,,,,,,,,,,,,,,,,,,,,,,,,,,,,,,,,,,,,,,,,,,,,,,,,,,,,,,,,,,,,,,,,,,,,,,,,,,,,,,,,,,,0,0,10246,,,1,0,,,,,,,,,,,,,,,,,,,,,,,,,,,,,,,,,,,,,,,,,,,,,,,,,,,,,,,,,,,,,,,,,,,,,,,,,,,,,,,,,,,,,,,,,,,,,,,,,
2025-06-22 11:29:01,2025-06-22 12:01:16,0,100,1935,1,2025-06-22 12:01:17,R_2kYO2x6HnUfdBh8,anonymous,EN,4,MA,SE,12,9,1,1,,1,0,0,1.347,0,0.588,70.802,300.012,3,"Ich hatte ein Unfall mit einem E-Scooter nachdem ich feiern war und stark angetrunken war. Ich habe 2 Zähne verloren und musste ins Krankenhaus. Dies war eine sehr harte Zeit, da es Ewigkeiten gedauert hat, bis ich ordentliche Zahnprothesen erhalten habe, und die Verletzung war sehr schmerzhaft, ich würde es aber nicht als traumatisch ansehen. Es hat mich nur gelehrt, nicht mehr so unvorsichtig zu sein.",September 2022,81,7,7,1,6,5,6,11,7,4,0,0,3.26,0,3.281,285.05,300.099,6,"Mein Bruder ist im Alter von 28 jahren gestorben. Dies geschah letztes Jahr und ich hatte leider keinen guten Kontakt mehr zu meinem Bruder, da es schwer für mich war, mit ihm umzugehen. Er hatte ein Alkoholproblem geparrt mit Depressionen. Es war schwer mit ihm zu reden und generell der Umgang. Meine Versuche, ihn zu einer Therapie zu bewegen, blieben erfolglos. Irgendwann habe ich aufgegeben und bin den Kontakt zu ihm eher aus dem Weg gegangen. Ich habe Schuldgefühle, weil ich weiß, dass er dachte die Familie hasst ihn. Diese Gefühle haben ihn lange zeit geplagt und ich habe nichts mehr unternommen, ihn dieses Gefühl zu nehmen. Er ist dann in der Wohnung meiner Mutter gestorben, an den FOlgen den Alkoholkonsums",11.08.2024,20,7,7,1,7,7,6,3,2,2,0,0,3.759,0,1.144,244.597,314.201,6,"Ich habe zudem kein gutes Verhältnis zu meinen Eltern und das ist wohl das prägendste in meinem Leben. Ich habe keine positiven Erlebnisse mehr mit meinen Eltern, wie es meine Freunde oä. haben, und keine Mutter oder Vaterfigur, die mir Liebe und Zuneigung sowie Sicherheit gezeigt hat. Ich denke, dass dies bis heute Auswirkungen auf meine Psyche und auf mein Verhalten hat. Ich frage mich ständig, warum ich nicht gut genug bin, warum ich diese Art von Liebe nicht verdient habe. Ich habe oft das Gefühl, dass ich mich beweisen muss und Liebe verdient werden muss. Darum sind gesunde Beziehungen für mich oft nicht möglich oder schrecken mich sogar ab. Sogar in Freundschaften ist es für mich schwierig, Kontakt aufrechtzuerhalten da ich nicht das Gefühlk habe, wichtig zu sein oder anderen nicht zur Last fallen möchte.",1,5,5,5,6,Leben lang,11,7,4,2,5,7,5,11,7,3,3,0,0,3,2,4,3,0,2,3,3,1,2,2,0,1,1,1,2,0,0,0,0,1,1,1,1,1,0,1,1,1,1,0,0,0,2,0,1,1,1,2,3,3,2,3,3,4,4,4,4,6,6,6,6,6,6,6,6,1,6,6,6,1,2,6,6,1,13,2,2,120.061,1,"Portugal, Panama, Profil, Perfekt, Partizipant, Polen, Party, Pilgerfahrt, Paar, Probono, Pusten, Pegel, Psalm, Pollerwiesen, Poet,",0.984,0.984,120.01,1,"Elefant, Tiger, Hund, Katze, Waschbär, Igel, Giraffe, Löwe, Tasmanischer Teufel, Wal, Hai, Fisch, Robbe, Frettchen, Ameise, Bär, Antilope, Reh, Fuchs,",25,2,4,5,4,2,Anfangsfrage falsch verstanden glaube ich,79,33,17902,33,1,1,136,1,3.75,99,99,17,19.12,95.59,66.91,25,16.18,15.44,0,0,0,0,0,0.74,0.74,0,5.88,3.68,10.29,16.18,7.35,15.44,5.88,21.32,11.76,3.68,2.21,0,2.94,13.24,10.29,2.94,0.74,0.74,0.74,11.76,2.94,1.47,0.74,0.74,29.41,7.35,4.41,1.47,6.62,8.82,7.35,1.47,0.74,0,0.74,5.88,0.74,1.47,2.94,0,11.76,6.62,2.94,0.74,2.21,1.47,1.47,11.03,0.74,11.76,1.47,7.35,4.41,2.21,0,0,1.47,0,0,0.74,0,0,0,0,0,12.5,5.88,6.62,0,0,0,0,0,0,0,0,0,0
2025-06-24 17:07:40,2025-06-24 17:45:06,0,100,2246,1,2025-06-24 17:45:06,R_20udPGvhVgW2mS0,anonymous,EN,4,RE,VE,29,3,1,3,1,1,0,0,3.64,0,1.68,236.376,300.027,6,"Ein negatives Ereignis war zu erfahren, dass meine beste Freundin bereits seit mehreren Jahren in Therapie ist und es ihr viel schlechter geht, als von außen gedacht. Erst hat es geholfen darüber zu wissen, mit der Zeit hat sie sich aber verändert und jegliches Treffen hat mir meine Energie komplett entzogen, sodass ich auf mich hören musste und fast gar keinen Kontakt mehr mit ihr habe. Das ist natürlich sehr schade, ich habe es aber lange versucht und möchte mir für den Kontaktabbruch keine Schuld geben.",2020,60,4,6,2,5,5,4,2,4,3,0,0,6.981,0,2.138,214.601,300.02,8,"Von meiner Freundin der Onkel hat sich das Leben genommen. Natürlich war das schrecklich für alle Angehörigen, allerdings eine Erlösung für ihn, er hat sich schon lange im Leben gequält. Ich hatte mit ihm nicht viel zu tun und kannte ihn nicht richtig, hatte aber natürlich tiefstes Mitleid mit der Familie meiner Freundin.",2015,86,1,5,2,2,3,4,1,2,5,0,0,11.784,0,12.907,156.572,300.045,7,"Ich hatte als Kind oft Operationen am Ohr und Mittelohrentzündungen. Auf einem Schüleraustausch ist beim Flug mein Trommelfell geplatzt und hat sich entzündet. Vor Ort hatte ich keinen Ansprechpartner und hatte sehr Angst vor dem Rückflug, außerdem kaum mehr was gehört.",5,5,5,5,3,2018,70,5,6,5,4,5,4,11,7,4,0,1,0,1,0,0,1,0,0,0,0,1,1,0,0,0,0,0,0,0,0,0,0,0,1,0,0,1,0,0,0,1,0,0,0,0,0,0,0,0,0,3,4,4,3,2,3,3,3,2,2,"3,6","3,5","3,6","3,6","3,6","2,3,6","3,6",6,6,6,6,6,"3,6","3,6",6,6,"3,6",14,2.86,70.081,120.13,5,"Palme
Pudel
Pudelmütze
Perücke 
Pilz
Pink
Panzer
Pflaster
Pipi
Papagei
Pilot
Pech
Piranha 
Pirat
Panda
Puma",3.637,3.637,120.015,1,"Ameise
Amsel
Affe
Alegator
Biene
Bär
Bieber
Dachs
Ente
Hase
Fuchs
Fisch
Maus
Ratte
Schwein
Kuh
Katze
Pferd
Hund
Meerschwein 
Schildkröte 
Puma
Panda
Libelle
Schmetterling
Fledermaus
Fisch
Qualen 
Tintenf",26,1,4,4,5,1,,37,5,7321,5,0,1,41,26.77,20.1,82.86,1,13.67,21.95,82.93,60.98,17.07,12.2,7.32,0,0,0,0,0,2.44,2.44,0,7.32,7.32,14.63,12.2,9.76,9.76,2.44,14.63,7.32,4.88,2.44,0,7.32,2.44,0,2.44,2.44,0,0,4.88,0,0,0,0,9.76,0,0,0,4.88,0,4.88,2.44,0,2.44,0,7.32,2.44,2.44,0,0,4.88,0,4.88,0,0,0,7.32,4.88,0,17.07,2.44,9.76,9.76,0,2.44,0,0,0,0,2.44,0,0,0,0,0,9.76,7.32,2.44,0,0,0,0,0,0,0,0,0,0
2025-06-27 01:50:09,2025-06-27 02:16:18,0,100,1569,1,2025-06-27 02:16:19,R_8luGyF2HKqmcW63,anonymous,EN,4,SU,SO,29,12,3,1,,1,0,0,2.006,0,0.768,81.841,300.115,8,Ich bin einmal vom Pferd gefallen und mir weh gemacht. War aber nur schlimm in dem Moment und nach ein paar tagen ging es mir besser. Es war nicht traumatisch.,Kindheit,95,2,2,2,3,3,3,5,4,4,0,0,1.258,0,2.782,208.144,300.021,6,Ich wurde zu einem Geburtstag eingeladen mit Kuchen und Keksen. es war zuerst sehr schön aber dann haben alle angefangen über mich zu lachen und mich auch geschlagen. und da habe ich zurückgeschlagen und ein Mädchen leicht verletzt. es gab keine Konsequenzen außer das ich angeschrien wurde von der Mom.,Kindheit,72,3,4,3,4,4,3,4,6,3,0,0,1.842,0,1.479,241.209,300.147,10,"Ich wurde gemobbt. Menschen haben mich rumgeschubst und gemeine Sachen gesagt. jeder hat mich ausgeschlossen. Niemand hat mir geholfen. Es ging oft um meine Klamotten und wie ich aussehe. Mädchen haben über mich gelästert und Jungen waren immer nur gemein zu mir. Das tat weh und ich denke immernoch oft daran. es hat mit meinem Selbstwert gespielt, mich verletzt, mich in self harm und therapy getrieben. Manchmal weine ich noch deswegen. ich fühle mich hässlich und wertlos. Es ist nicht schön, wenn man nicht gemocht wird. Und es hinterlässt Narben. Ich habe damals immer nur versucht mich anzupassen aber das hat nie geklappt.",1,5,4,3,4,Kindheit,13,3,2,2,3,2,3,3,4,2,1,2,1,2,1,1,1,1,1,1,1,1,1,1,2,2,2,2,2,2,0,1,1,1,1,1,1,1,1,1,1,1,1,2,1,2,1,1,1,1,1,3,2,2,3,2,2,2,3,2,2,3,2,2,2,2,2,2,2,2,2,2,2,3,3,3,2,3,6,1.555,118.036,120.013,5,"Porno, Plagiat, Pups, Pfannenkuchen, Plumps, Plumpsklo, Penis, Po, Puder, Prüde, Pfanne, Pipi, Plenum, Putz, putzen, Plastik, Pleased, Photogrsphy,",1.255,117.974,120.01,13,"Kamel, Pferd, Tiger, Latze, Hund, Fisch, Kaulquappe, Jaguar, Leopard, Schnecke, Schildkröte, Wolf, Wal, Affe, Bonobo, Gorilla, Panda, Seestern, Hai, Delfin, Kakelarke, Mistkäfer, Schmetterling,",24,2,4,4,5,1,,73,28,15355,28,0,1,103,1,11.1,99,1,7.92,25.24,89.32,61.17,25.24,16.5,16.5,0,0,0,0,0,0,0,0,6.8,1.94,4.85,14.56,7.77,14.56,2.91,25.24,7.77,0.97,0.97,0,0.97,10.68,2.91,7.77,0,2.91,2.91,13.59,0,0,0.97,0.97,19.42,2.91,1.94,2.91,5.83,5.83,4.85,4.85,1.94,0.97,0.97,3.88,0,1.94,0.97,0.97,5.83,0,3.88,0.97,0,0.97,9.71,10.68,0.97,16.5,2.91,2.91,10.68,0.97,0.97,0,0.97,0,0,0.97,0,0,0,0,0,15.53,12.62,2.91,0,0,0,0,0,0,0,0,0,0
2025-06-30 11:27:59,2025-06-30 12:06:54,0,100,2335,1,2025-06-30 12:06:55,R_2RUeH1Yuy5r7xrH,anonymous,EN,4,AL,EM,23,10,1,1,,1,0,0,10.091,0,0.903,0.903,300.111,1,"Eine Patientin in meinem Praktikum kam mit Verletzungen in die Klinik. Sie hatte mir alles erzählt wie es passiert ist und dass es durch häusliche Grewalt passiert ist. Und wie ganu ihr Partner sie geschlagfen hatte. ich war sehr mitfühlend, jedoch habe ich es nicht persönlich genommen oder für mich gefühlt. Sondern wollte ihr dann eher helfen. Sie hat mir sehr leid getan aber ich knnte mich davon distanzieren. Zu Hause musste ich auch kaum daran denken und nach ein paar Tagen nicht mehr wirklich.",Januar 2023,71,3,3,2,3,4,2,10,3,6,0,0,1.756,0,0.806,0.806,300.01,1,Ich bin heute morgen aufgewacht. Ich habe mich weder gut noch schlecht gefühlt. Ich habe an meinen kommenden Tag gedacht und was ich so zu tun habe. Ich war alleine und war dann am Handy. Dann bin ich aufgestanden und habe etwas getrunken. Ich habe dann Musik angemacht und mit Meiner Mutter telefoniert,heute morgen,8,5,2,4,5,2,5,8,2,6,2.727,2.727,3.199,1,1.075,91.123,300.11,5,Ich wurde in einem Parkhaus nach der Uni verfolgt. ich bin runter gegangen und dann stand da ein Mann in der Zeischentüre. Ich habe ihn gesehen und es war merkwürdig und er hat mich angeschaut und ich bin dann hochgelaufen. Er ist mir hinterhergelaufen aber kam dann oben nie raus. Ich musste aber danach noch runter weil ich ja zu meinem Auto musst. Ich bin dann einen anderen weg gegangen damir ich dieses Treppenhaus umgehen konnte.,5,5,5,5,5,ca Oktober 2022,76,7,7,1,5,6,6,2,6,3,0,1,0,3,2,3,4,3,0,0,0,0,0,0,0,0,0,0,0,0,0,0,0,0,0,0,0,0,0,0,0,0,0,0,0,0,0,0,0,0,0,3,3,3,3,2,2,3,2,2,3,1,2,3,3,5,3,3,3,"1,3","4,5",6,"2,3",4,"3,4",3,6,5,9,3.637,71.519,120.01,3,person pfleil plötzlich praktisch pendel parken piercing post paar posten paraphrasieren p,0.941,0.941,120.107,1,Affe giraffe krokodil löwe hyäne maus ratte elefant hund schlange spinne katze leopard,22,2,4,4,5,1,,42,16,14014,16,0,1,76,1,8.59,99,3.08,12.67,17.11,94.74,75,25,19.74,14.47,0,0,0,0,0,5.26,5.26,0,6.58,6.58,7.89,17.11,6.58,17.11,1.32,23.68,1.32,0,0,0,0,1.32,0,1.32,0,0,0,6.58,1.32,0,0,3.95,14.47,0,2.63,5.26,0,5.26,5.26,2.63,2.63,0,0,1.32,0,0,0,0,1.32,1.32,0,0,0,0,14.47,9.21,0,26.32,11.84,14.47,3.95,1.32,1.32,0,0,0,0,5.26,0,0,1.32,0,0,7.89,7.89,0,0,0,0,0,0,0,0,0,0,0
2025-06-30 11:37:22,2025-06-30 12:07:47,0,100,1824,1,2025-06-30 12:07:47,R_2gdP9yjip7Zk9od,anonymous,EN,4,FA,ES,26,4,1,1,,1,1.748,1.748,2.291,1,121.068,121.068,300.044,1,"Mein Bruder hatte in einem Streit mal mein Goldarmband kaputt gemacht. Das hat mir besonders viel bedeutet weil ich das von meiner Oma hatte. Ich habe dieses Armband immer getragen. Jetzt, das meine Oma verstorben ist, macht mich das noch trauriger das ich es nicht mehr tragen kann","vor zwei Jahren, irgendwann im sommer",0,2,4,2,3,4,2,8,5,2,7.35,7.35,8.589,1,78.509,78.509,300.008,1,ich weiss nicht mir fällt nichts ein.,keine Ahnung,0,1,1,1,1,1,1,1,1,1,0,0,6.628,0,1.28,1.28,300.173,1,"Ich habe mitansehen müssen wie der Onkel meines Partners in seinen Armen gestorben ist. Die beiden hatten einen großen Streit. Sein Onkel ist nicht viel älter als er, darum waren die beiden immer sehr eng. Nach dem Streit ist der Onkel an sein Motorrad gegangen und losgefahren. Nicht weit vom Haus meines Partners entfernt, ist dann ein Auto in ihn reingefahren. Der Onkel ist noch in den Armen meines Partners gestorben. Nicht nur das Ereignis an sich hat mich sehr mitgenommen sondern auch, die Art und Weise wie es meinen Partner mitgenommen habe. Dies ist jetzt fast ein Jahr her.",2,3,2,5,5,am 17.08.2024,16,6,5,1,1,7,3,1,4,1,2,1,2,1,2,1,2,3,2,2,1,2,2,1,2,2,1,1,1,2,3,2,2,1,1,1,1,1,2,2,1,1,2,1,2,2,1,1,2,1,1,4,3,2,2,3,2,2,2,3,3,4,3,3,3,3,4,4,3,4,3,4,3,4,3,2,3,3,3,2.873,78.914,120.007,7,"putzen, plaudern, popeln, pink, pur, pute, panther, paladium, philosophie, psychologie,",1.076,1.076,120.016,1,"Katze, Hund, maus, affe, wal, Delfin, Pferd, Pony, Tiger, Löwe, Leopard, Krokodil, Erdmännchen, Otter, Schwein, Kuh, Schaf, Lamm, Hase, Kaninchen, Wolf, Ratte, Ameise, Karkelacke, Spinne, Fisch, Lachs, Forelle, Barsch, Vogel, Adler, Storch, Flamingo,",21,2,4,5,5,1,,90,33,17377,33,1,1,100,12.11,39.44,94.8,1,12.5,16,92,64,16,12,6,0,0,0,0,0,5,5,0,3,12,9,17,9,10,3,22,10,4,2,0,5,6,2,4,0,2,2,14,5,1,0,6,15,2,3,1,3,4,6,1,0,0,1,9,2,1,0,0,9,5,3,1,0,0,7,10,0,22,5,10,7,0,1,1,2,0,2,0,0,0,0,0,0,11,8,3,0,0,0,0,0,0,0,0,0,0
2025-06-30 12:24:43,2025-06-30 13:06:15,0,100,2491,1,2025-06-30 13:06:15,R_8uIcOvpbydAR3ax,anonymous,EN,4,MA,IA,3,3,1,1,,1,0,0,20.347,0,2.756,294.286,300.009,3,Als Kind habe ich meinen Vater mit meiner Mutter und meinem Bruder betrunken auf dem Hausboden schlafen gesehen. Mein Vater hatte zur der Zeit viel getrunken. Ich weiß noch dass es für mich sehr schlimm war ihn da so leigen zu sehen und meine Mutter hat gesagt ich soll raus gehen. Dann hat meine Mutter ihn sehr laut angeschrien und geweint. Mein Bruder war auch im Raum und hat auf ihn eingeredet. Ich habe sie weinen gehört und sie hat sowas gesagt wie dass er sich nicht so gehen lassen darf und alles zerstört. Dass er wieder Hilfe brauch und in eine Klinik muss. Mein Vater ist auch aufgestanden und hat sich dann ins Bett gelegt und dabei wie so oft vor sich hin geflüstert. Leider kann ich mich nur noch grob an alles erinnern,Ich war vielleicht 6-7 Jahre. Ich bin jetzt 22 Jahre alt.,80,4,5,2,3,4,5,9,3,4,0,0,21.19,0,7.801,180.685,300.111,3,"Ich wurde mit 19 (bin jetzt 22 Jahre) sexuell missbraucht von einem Mann. Der Mann war ein Bruder von einer Freundin. Wir haben uns auf der Party kennengelernt und sind zusammen zurück. Dann habe ich es mir anders überlegt und wollte nicht mit ihm schlafen. Das hat er aber nicht akzeptiert trotztdem ich mehrmals gesagt habe dass ich zu müde sei und nicht will. Ich habe mich körperlich nicht gewehrt weil ich überfordert war, hätte ich mich nicht nur verbal gewehrt wäre es vielleicht anders gewesen...aber wer weiß das schon.",als ich 19 war also 2021-22 ca,60,6,7,1,4,6,5,5,2,4,0,0,6.826,0,4.882,4.882,300.012,1,"Der Bruder einer Freundin. Ich habe ihn am Tag davor schon einmal kennengelernt auch auf einer kleinen Feier. Am Tag danach sind meine Freunde und ich in den Garten, um dort zu feiern. Er war auch da. Mir ging es am Tag mental schon schlecht und ich hatte geweint auf der Feier. Wir haben getrunken und warum auch immer bin ich mit ihm nach Hause gegangen. Ich war angetrunken und er auch leicht. Dann sind wir hoch und ich wollte nur schlafen weil ich sehr müde war. Es war auch gar nicht mein Typ eigentlich. Er hat ständig bitte gesagt ich soll mit ihm schlafen, ich hätte ja auch auf der Feier mit ihm geflirtet. Dann habe ich öfter nein gesagt jeedoch es dann doch gemacht weil ich nicht weiter wusste. Währenddessen habe ich geweint, aber ich weiß nicht ob er es gesehen hat. Er hat mir auch die",5,5,5,1,4,2021-2022,50,5,6,1,4,6,4,5,6,5,1,0,0,2,1,1,1,2,1,1,0,0,1,1,1,0,0,2,1,0,2,2,0,1,0,2,3,2,1,0,2,1,1,2,2,0,1,2,1,2,0,3,4,1,2,3,3,1,3,2,3,5,6,3,3,6,6,6,1,3,6,6,"2,3",1,6,3,6,1,8,4.841,71.335,120.11,3,"Papagei, Pirat, Papaja, Penis, Pumu, Pirahnia, Plunder, Piercing, Piste, Pasta, Punkt, Pronomen, Pisa, Pizza, Pi",4.24,4.24,120.11,1,"Hund, Katze, Maus, Schwein, Hamster, Vogel, Rabe, Raube, Spinne, Tausendfüssler, Fisch, Lachs, Robbe, Chinchilla, Kollibri, Kuh, Schaf, Schildkröte, Schimpanse, Affe, Bär,",22,2,4,4,5,1,,68,16,15433,16,0,1,149,1,43.2,69.89,17.39,11.46,12.75,97.32,69.8,22.82,18.79,11.41,1.34,0,0,0,0,6.04,6.04,0,4.03,6.71,10.74,16.78,6.04,17.45,2.68,26.85,4.03,0,1.34,0,0.67,5.37,2.68,2.68,0,0,2.68,18.12,0.67,1.34,0.67,4.7,14.77,2.01,3.36,2.68,1.34,5.37,4.03,2.01,0.67,1.34,0,4.03,2.01,2.01,0,1.34,9.4,3.36,0.67,1.34,2.68,1.34,11.41,8.05,0.67,16.11,1.34,7.38,8.05,0,5.37,1.34,0.67,0,0,1.34,0,0,0.67,0,0,10.07,8.05,2.01,0,0,0,0,0,0,0,0,0,0
2025-07-03 18:59:09,2025-07-03 19:47:38,0,100,2909,1,2025-07-03 19:47:39,R_2qa3oSicXACaVGy,anonymous,EN,4,DO,CE,8,8,3,1,,1,0,0,2.659,0,0.892,247.647,300.013,5,ein mädchen ist bei einem reitunfall ums leben gekommen. das ist so schrecklich. ganz ganz traurig. ich kann mir gar nicht ausmalen wie sich die familie fühlt.,märz 2025,32,1,7,1,5,7,5,1,1,3,0,0,41.662,0,5.902,290.242,300.058,11,es war sehr traumatisch für mich. ich denke auch heute noch unbewusst daran. und dann wird mir ganz komisch. ich wünschte es wäre nicht passiert. ich fühle mich so schlimm.,sommer 2022,66,1,1,1,1,7,1,6,1,1,0,0,1.468,0,2.219,263.075,300.031,3,"es waren mehrere jungs beteiligt. sie haben das mädchen mit drogen zugepumpt und dann mit nach hause genommen. sie haben sich alle gleichzeitig an ihr vergangen. sie waren alle befreundet und fanden es lustig. das mädchen ist den nächsten tag aufgewacht und wusste von nichts. dann kamen leichte erinnerungsblitze und sie hat sich etwas schlimmes ausgemalt. ein paar wochen später hatte sie es von vielen anderen menschen gehört, die die story erzählt hatten.",1,3,3,1,7,Sommer 2022,80,1,1,1,1,7,4,4,1,1,1,0,2,2,1,2,1,2,2,0,2,2,0,1,0,1,2,2,1,0,1,2,0,0,1,1,1,1,0,0,1,0,0,0,0,1,1,2,1,0,0,3,3,3,3,3,4,4,4,4,2,5,2,3,1,1,5,6,1,1,6,6,2,2,5,3,6,1,8,1.04,24.571,120.012,2,"Papagei, Papier, Papiereimer, Pause, Pausenhof, Plumsklo, Paradies, Pferd, Pferdestall, Persönlichkeit, Peperoni, Pinguin, Pizza, Parkplatz, Preis, Presse, Plus, Pluspunkt",2.183,108.814,120.014,2,"Pferd, Affe, Hund, Katze, Hase, Meerschweinchen, Maus, Vogel, Ameise, Erdmännchen, Papagei, Ratte, Schwein, Rind, Lamm, Ziege, Hamster, Eule,",22,2,4,4,5,1,,70,24,19285,24,0,1,73,6.49,99,1,51.26,10.43,24.66,95.89,57.53,23.29,10.96,0,0,1.37,0,1.37,0,8.22,8.22,8.22,9.59,8.22,8.22,13.7,1.37,13.7,1.37,23.29,9.59,1.37,0,0,9.59,4.11,2.74,1.37,0,0,1.37,32.88,0,2.74,2.74,1.37,12.33,2.74,0,2.74,4.11,5.48,1.37,0,0,0,0,4.11,1.37,1.37,0,0,6.85,2.74,4.11,0,0,0,12.33,2.74,1.37,15.07,1.37,6.85,8.22,0,1.37,1.37,0,0,0,2.74,0,1.37,0,0,0,10.96,9.59,1.37,0,0,0,0,0,0,0,0,0,0
2025-07-04 12:19:37,2025-07-04 12:59:20,0,100,2383,1,2025-07-04 12:59:20,R_8tjkhspCdwhclX3,anonymous,EN,4,SU,DA,12,4,1,1,,1,0,0,10.538,0,3.435,135.164,300.021,3,"Meine Chefin hat mich zum Gespräch gerufen und mir dann gesagt dass sie gesehen hat wie ich im Urlaub war auf Instagram obwohl ich keinen Antrag gestellt hatte, weil ich keine Urlaustage mehr hatte. Sie war mega sauer und ich fands komplett unfair weil ich keine Aufgaben hatte zu der Zeit und vorher die ganze Zeit krank war und das voll nötig hatte. Statt mit ihr diskutieren hab ich dann einfach angefangen zu heulen und sie hat das gedeutet als eine Entschuldigung und dass ich mich schäme aber ich habe ich war eigentlich nur total wütend und dachte mir wieso arbeite ich hier und bin dann gegangen und hab gekündigt. Und kurz danach musste ich zu meinem Praktikum und dann innerhalb von ein paar Minuten so tun als wär alles super und normal aussehen obwohl ich voll am Ende war.",vor ca. 6 Monaten,82,4,7,1,4,3,6,10,5,7,0,0,100.785,0,2.407,188.399,300.009,3,"Ich musste meinen Freund von der Arbeit abholen. Allerdings stand sein Auto bei seiner Arbeit aber er musste den Firmenwagen woanders abgeben. Deshalb musste ich erst 15 min laufen und dann 30 min Bus fahren um dann sein Auto abzuholen und damit zu der anderen Stelle seiner Arbeit zu fahren, wo er den Firmenwagen abgeben musste. Die Fahrt hat nochmal 45 min gedauert, weil noch Stau war und irgendwie gabs nur Landstraßen keine Autobahn. Dann hab ich ihn dort abgeholt und wir sind gemeinsam zu mir nach Hause gefahren. Es waren 26 grad draußen aber unser Auto hat eine gute Klimaanlage. Anschließend hab ich zuhause meine Tasche gepackt und bin dann zu einer Freundin gefahren.",Gestern 3.7.,10,7,1,4,5,2,7,11,7,7,0,0,25.685,0,1.235,1.235,300.119,1,"Mein Freund hatte Geburtstag und wir waren auf einer Veranstaltung auf der wir selber mitgeholfen haben deshalb hatten wir Backstage Pässe und durften umsonst essen und trinken. Wir haben die nacht davor mit vielen freunden zusammen in einem airbnb übernachtet und reingefeiert mit Kuchen und Sekt und alles war mega schön und süß. Am Veranstaltungstag war auch alles total perfekt dann hat mein Freund MDMA genommen und ich hatte kein Problem damit weils nicht das erste Mal war. Irgwann meinte er aber das Licht sei total hell und dann hat er reingeschaut und auf einmal angefangen zu zucken und ist dann umgekippt und hat minutenlang gekrampft und alle drum herum habn versucht zu helfen und ich auch aber ich konnte nur schreien und heulen und dann kamen Sanitäter und der Krankenwagen und dann sind wir ins Krankenhaus und er musste seinen restlichen Geburtstag auf der Intensivstation verbringen und ich saß da in party klamotten mit verschmierter schminke und hab keinen Ton mehr rausbekommen, ich dachte zwischendurch er wird sterben. Im Endeffekt gehts im wieder gut aber noch nie hab ich Stimmung von so hoch auf so tief kippen sehen, das war wie ein Alptraum.",5,3,3,5,7,26.10.2024,81,7,7,1,5,6,7,6,4,7,0,0,1,3,1,2,0,1,1,2,1,0,0,0,0,1,1,1,0,0,1,0,0,0,2,2,0,2,1,1,1,1,1,0,0,0,0,1,0,0,0,3,3,3,3,3,3,3,3,3,3,5,6,3,2,6,"1,3",5,"1,3","1,3",6,6,3,"1,2,3",5,6,6,5,4,2.433,2.433,120.014,1,Papa Papagei Parkplatz Pott Porzellan Papier Prag Peinlich Panik Po Penis Porno Prinz Prinzessin Pinzette Punkt Pink Pfau Pferd Pinguin Petersilie Panflöte P,1.296,1.296,120.014,1,Hund Katze Maus Pinguin Igel Adler Fisch Oktopus Seestern Seeanemone Hamster Maus Ratte Elefant Giraffe Löwe Zebra Koale Spinne Mücke Fliege Schmetterling Stinktier Bär Panter Tiger Erdmännchen Flamingo Pfau Schwan Laus Floh Leopard,23,2,4,5,5,1,,58,15,5032,15,0,1,194,1.94,70.54,14.82,69.92,38.8,20.62,86.6,60.82,14.95,9.79,4.12,2.58,0,0,0,0,3.09,3.09,0,4.12,5.67,10.31,13.92,4.12,22.68,2.06,20.1,6.19,1.03,0.52,0.52,4.64,6.19,3.61,1.55,0,0,0.52,12.89,1.03,1.55,0,3.09,13.4,1.55,2.06,3.09,2.06,4.12,2.58,4.64,2.06,1.03,0,4.12,0,1.55,0,2.06,8.76,4.64,2.58,1.55,0.52,0.52,8.25,3.09,0.52,15.46,2.58,7.22,5.15,1.55,1.03,0,0,0,0.52,3.09,0,0,0.52,0,0,3.61,2.58,1.03,0,0,0,0,0,0,0,0,0,0
2025-07-04 20:33:37,2025-07-04 21:13:54,0,100,2416,1,2025-07-04 21:13:55,R_2trHb982mziBMk3,anonymous,EN,4,f,e,12,12,3,1,,1,0,0,1.302,0,1.397,235.791,301.069,3,w..............,ljigug,40,2,3,3,4,4,2,6,4,3,0,0,1.303,0,1.071,1.071,381.859,1,"y<casaDjjjjjjjjjjjjjjjjjjjjjjjjjjjjjjjjj
hhhhhhhhhhhhhhhhhhhhhhhhhhhhhh
rrrrrrrrrrrrrrrrrrrrrrrrrrrrrrrrrrrrrrrrrrrrrrrrrr",ewf,41,4,4,4,3,5,3,4,5,3,0,0,1.348,0,1.795,1.795,418.612,1,,2,2,1,2,4,ysdvfgsd,53,4,3,5,3,5,3,7,3,4,1,1,1,0,2,1,0,1,1,2,1,1,1,1,2,1,2,1,1,1,2,1,0,1,2,1,1,0,1,2,1,0,1,1,1,0,1,1,1,0,0,2,1,2,1,2,2,1,2,2,2,2,2,2,3,2,3,2,3,2,2,2,3,2,1,1,2,2,9,1.049,97.874,121.316,4,polizei,1.489,1.489,207.476,1,affe hund huhn pferd,25,2,4,4,6,1,,57,22,19351,22,0,1,0,,,,,,,,,,,,,,,,,,,,,,,,,,,,,,,,,,,,,,,,,,,,,,,,,,,,,,,,,,,,,,,,,,,,,,,,,,,,,,,,,,,,,,,,,,,,,,,,,
2025-06-29 14:17:36,2025-06-29 14:18:47,0,19,71,0,2025-07-06 14:18:53,R_8cIbFaLPWoueYWB,anonymous,EN,4,ER,AB,25,8,3,3,1,1,,,,,,,,,,,,,,,,,,,,,0,0,1.034,0,,,,,,,,,,,,,,,,,,,,,,,,,,,,,,,,,,,,,,,,,,,,,,,,,,,,,,,,,,,,,,,,,,,,,,,,,,,,,,,,,,,,,,,,,,,,,,,,,,,,,,,,,,,,,,,,,,,,,,,,,,,,,,,,0,0,16813,,,1,0,,,,,,,,,,,,,,,,,,,,,,,,,,,,,,,,,,,,,,,,,,,,,,,,,,,,,,,,,,,,,,,,,,,,,,,,,,,,,,,,,,,,,,,,,,,,,,,,,
2025-07-07 08:13:08,2025-07-07 09:00:41,0,100,2852,1,2025-07-07 09:00:41,R_2c9wu4TrG75Va37,anonymous,EN,4,RI,NI,18,12,1,1,,1,0,0,2.491,0,1.9,1.9,300.007,1,"Ich saß in einem Raum in der IB-Bib mit einer Freundin, die Freundin und ich mögen uns etwas mehr... Ich war schlecht drauf und hatte das Gefühl da auch in dem Moment nicht raus zu kommen. Zum teil wusste ich nicht genau was mich belastet, ich hatte aber auch negative Gedanken, vor allem bezogen auf meine Bachelorarbeit, wo die Zeit langsam knapp wurde. Aber auch zu Dingen, die ich nicht an mir mag und die mich generell beschäftigen. Weil ich nicht genau wusste, was ich davon in dem Moment erzählen sollte (später kam auch noch ein Freund dazu), konnte ich in dem moment nicht genau benennen ihr gegenüber, warum es mir schlecht geht und habe mich deshalb etwas distanziert verhalten. Sie war auch sehr geschafft an diesem Tag und wurde durch mein Verhalten zusätzlich verunsichert, wodurch sie sich selbst auch distanzierter Verhalten hat. Wir haben beide kaum etwas f",4.7.2025,7,4,3,3,4,4,2,7,5,5,37.534,37.97,39.602,2,1.605,163.176,300.138,3,"Ich war mit einem Freund in der Mensa. Ich habe einen Falafelteller gegessen, er einen Dönerteller. Ich musste mal wieder beide allein bestellen, weil er an einer anderen Uni studiert. Es gab kein Reis mehr, also mussten wir Pommes nehmen. Während wir gegessen haben, haben wir über ein Update in unserem Lieblingsvideospiel geredet, dass wir immer zusammen spielen. Dabei habe ich die meiste Zeit geredet, weshalb ich kaum voran gekommen war, während mein Freund schon fertig war. Mein Freund isst sowieso schneller als ich. Wir haben außerdem besprochen, wann wir abends zu Bochum total gehen. Dann hat er sich entschieden noch einmal mit dem Zug in unsere Heimat zu fahren, um eine kurze Hose anzuziehen. Ich kam dann auf die Idee, dass er mir auch ein Tshirt von meinen Eltern mitbringen könnte. Als wir fertig waren mit Essen, bin ich dann zur IB-Bib und er zur Bahn.",4. Juli 2025,5,5,1,5,5,4,3,7,5,1,0,0,5.576,0,1.434,9.777,300.108,2,"Ich war in der 5. Klasse der Schule. Dann wurde der Unterricht durch eine seltsam klingende Durchsage nach der 5. Stunde beendet, erstmal haben alle sich gefreut. Der Schulbus auf der Heimfahrt war sehr voll, aber es gab schon erstes getuschel über Spanien oder so. Aber ich habe das in dem Moment nicht verstanden. Als Mama mir dann Zuhause die Tür geöffnet hat, hat sie geweint. Dann habe ich erfahren dass ein Flugzeug abgestürzt ist mit dem Spanischkurs meiner Schule.

In den nächsten Tagen der Woche, hatten wir jeden Tag Schule, aber haben keinen Unterricht gemacht. Was genau wir gemacht haben weiß ich aber nicht. Wir saßen viel im Kreis, es wurde viel geweint, vor allem von den Mädchen. Am letzten Tag, habe ich dann auf einmal auch ganz viel geweint. Ich hatte aber das Gefühl aus Schuldgefühl und nicht aus Mitgefühl zu weinen, weil ich bisher nicht richtig nachempfinden hatte können, wie die anderen es taten und wie es den opfern ging...",5,5,5,5,3,24.3.2015 und restliche Woche,90,5,4,2,3,5,5,8,4,1,0,0,0,0,0,0,0,1,2,0,1,0,1,1,0,0,0,0,2,0,1,0,1,0,2,0,0,1,0,1,1,2,1,0,0,1,1,0,0,1,0,3,3,2,1,2,1,3,3,2,2,6,6,3,6,6,1,6,6,6,6,6,"2,3",6,"3,6",6,6,6,14,1.908,1.908,120.008,1,"Penis, Prospekt, Party, Paradies, Papagei, Paar, Passung, Pneumonie, Preis, Prange, Periode, Pleite, Planschen, Probe, Peinlichkeit, Plan, perplex, Pups, Pervers, Pfahl, Prinz,",2.017,2.017,120.11,1,"Hund, Katze, Maus, Elefant, Taube, Papagei, Fuchs, Wolf, Leguan, Varan, Aligator, Krokodil, Nilpferd, Löse, Tiger, Leopard, Pandabär, Braunbär, Nasenbär, Huhn, Kolibri, Pottwal, Delfin, Orca, Riesenschildkröte, Luchs, Stinktier, Stachelschwein, Hängebauchschwein, Reh, Lama, Alpaca, Stier,",21,1,4,7,5,1,,43,8,7402,8,0,1,163,38.78,32.38,98.41,17.39,12.54,19.63,93.25,63.19,15.95,8.59,5.52,1.84,0,0,0,0,0.61,0.61,0.61,6.13,11.66,11.04,13.5,3.07,13.5,3.07,21.47,8.59,2.45,1.84,1.84,6.13,7.36,3.68,3.68,0,0.61,2.45,9.82,0.61,0,1.23,0,20.25,2.45,3.07,3.68,3.68,6.75,7.36,1.23,0.61,0,0.61,0.61,0,0,0,0,8.59,2.45,3.68,1.23,0.61,0.61,10.43,4.91,0,21.47,1.23,11.66,9.82,4.91,0,1.23,0,0.61,0.61,3.07,0,0,1.84,0,0,15.34,9.2,6.13,0,0,0,0,0,0,0,0,0,0
2025-07-07 13:54:32,2025-07-07 14:29:07,0,100,2075,1,2025-07-07 14:29:08,R_80Dzh8wayB3SWmw,anonymous,EN,4,DA,PA,6,6,1,1,,1,4.071,4.071,4.75,1,1.007,264.654,300.015,8,"ich war im gym. ich war gerade dabei meine übungen durchzuführen. neben mir, an einem anderen gerät, war ein älterer herr. ich habe gemerkt, dass er mich anschaut, habe jedoch nichts gesagt. nach einer weile, hat er aus dem nichts zu mir gesagt, dass er mich jetzt schon beobachtet hat, wie ich die übungen ausführe und dass ich das echt gut machen würde, sehr konzentriert. ich habe danke gesagt. es war ein unangenehmes gespräch und moment. ich fand negativ, dass er mich beobachtet hat, es war aber kein traumatisches erlebnis. ich dachte die ganze zeit daran, dass er nichts besseres zu tun hat, als frauen beim trainieren anzuschauen. gesagt habe ich aber nichts.",vor 4 Jahren,90,3,2,4,2,2,2,11,2,6,0,0,7.066,0,0.628,0.628,300.018,1,"ich war in urlaub mir meinem freund. wir waren draußen und sind treppen hoch gelaufen. als wir oben ankamen, war eine gruppe von 3 personen vor uns, 2 männer und eine frau, die sich gestritten haben. die 2 männer waren sehr aggressiv zueinander, haben sind angefasst und die frau hat geschrien. in dem moment hatte ich ein gefühl der Panik. ich konnte nichts sagen und hatte angst um meinen freund, dass er sich einmischt. ich hatte wieder herzrasen. es war ein komisches gefühl, so ein aggressives verhalten wieder zu sehen. mein kopf war leer. es war weder positiv noch negativ, weil die 3 irgendwann aufgehört haben.",im Jahr 2024,50,3,3,4,3,3,3,11,2,6,0,0,21.799,0,1.224,249.805,300.019,10,"es war mein vater, der meiner mutter die ganze zeit im haus gefolgt ist. ich war bei ihr. wir saßen im wohnzimmer. er fasste sie am nacken und massierte sie. das war keine massage, weil die mutter schmerzen hatte. sie sagte, er solle loslassen. wir sind zu zweit auf die toilette gegangen und sie flüsterte, dass er sie schlagen wollte. ich bin rausgegangen und wollte zu meiner Tante gehen, um hilfe zu holen. auf der treppe bin ich stehen geblieben, weil der vater die tür aufriss und mir hinterher schrie, wo ich hingehen wollte. ich bin weiter gerannt und habe an der tür meiner tante geklopft. sie öffnete die tür. ich sagte zu ihr weinend: er schlägt sie wieder. ich hatte herzrasen. was danach geschieht, weiß ich nicht. ich wurde bei meiner tante im bett getragen und bin eingeschlafen.",5,2,2,5,5,"ich war sehr jung, wahrscheinlich um 6-7 Jahre",81,6,4,1,3,5,3,11,4,4,0,2,1,0,0,0,0,0,0,1,1,0,0,0,1,0,0,0,0,2,0,0,0,0,0,0,1,1,0,0,0,0,0,0,0,0,0,0,0,0,0,3,3,3,3,3,2,3,3,2,2,1,3,3,3,6,2,6,6,6,6,6,6,2,3,3,6,6,6,2.186,119.66,120.014,20,"palast, paar, perfekt, persönlichkeit, pastor, pelz, 
Panda, Perle, Polyester",2.72,91.563,120.015,4,"katze, hund, schildkröte, papagei, maus, schlange, giraffe, krokodil, fisch, leopard, armekse, spinne, frosch, affe, vogel, panda, ente, huhn, schwein, rind,",22,2,4,4,5,1,,37,8,9937,8,0,1,139,23.27,70.5,49.16,1,9.27,17.27,92.09,62.59,24.46,21.58,10.79,1.44,1.44,0,1.44,0,9.35,9.35,6.47,2.16,7.91,10.79,13.67,0.72,8.63,1.44,25.18,1.44,0,1.44,0.72,1.44,3.6,0,3.6,0.72,1.44,0.72,18.71,5.04,0,3.6,4.32,6.47,0.72,1.44,2.16,0,2.16,0.72,2.16,0,2.16,0,3.6,2.16,0.72,0.72,0,9.35,7.19,0.72,2.88,0,0,13.67,7.19,0.72,21.58,6.47,12.95,5.76,0.72,0,4.32,0,0,0,0.72,0,0,0,0,0,17.27,10.79,5.76,0.72,0,0,0,0,0,0,0,0,0
2025-07-07 14:22:56,2025-07-07 14:59:26,0,100,2189,1,2025-07-07 14:59:26,R_23wCZPNHzHxf0Ye,anonymous,EN,4,SU,JA,18,5,1,1,,1,0,0,26.042,0,1.388,276.501,300.114,3,"Nachdem ich mich sehr über eine Jobzusage gefreut habe, änderte der Arbeitgeber die Bedingungen, ohne mir vorab bescheid zu geben. 
Derzeit bin ich als Studierende im Zweitstudium quasi gezwungen, zum Mindestlohn zu arbeiten, was mich finanziell extrem in die Enge treibt, bzw. mir komplett die Lebensgrundlage nimmt. Ich wohne 60km von meiner Hochschule entfernt, habe also pro Tag einen Arbeitsweg von 120km. Das umgerechnet in Benzinkosten ist so ein massiver Betrag, wenn ich (entgegen der Absprache) 4x wöchentlich vor Ort sein muss, dass ich mich mit dem Arbeitsverhältnis mehr schädige, als dass ich davon profitiere. Das empfinde ich als Vertrauensmissbrauch einerseits. Zweitens brauche ich noch die Anerkennung meines zweiten Praktikums und habe nun Sorge, ob mir Steine in den Weg gelegt werden. 

Zudem ich auch einfach finanziell nicht weiß, wie ich meine eigene Miete tragen soll, wenn ich diesen Job ausschlage. Ich würde mich zwar natürlich gerne auf meine Abschlussarbeit konzentrieren. Kann aber am Ende des Studiums finanziell nichts mehr abfedern, Insofern habe ich jetzt ein Thema, mir einen Job aus den Fingern zu saugen (ohne zu wissen, woher) und ich bin auch wahnsinnig enttäuscht. Wäre diese Bedingung von vornherein kommuniziert worden, hätte ich mich gar nicht erst beworben und mir diesen Konflikt komplett sparen können...",02.07.2025,66,6,4,2,2,4,1,1,2,5,0,0,2.701,0,1.23,183.012,300.012,7,"Bei der Einschulung musste ich eine Biene malen. 
Ich habe überhaupt nicht verstanden wieso. Meine Biene wurde sehr gelobt und ich kann mich erinnern, dass meine Mutter über die Maßen begeistert war. 
Ich habe keine Ahnung, was an meiner Biene so besonders war und warum ich mich daran überhaupt erinnere. Ich habe mich ziemlich unwohl gefühlt, weil ich in einem fremden Raum war und die Haptik der Stifte mir nicht gefallen hat. Außerdem waren Bienen kein Motiv, das ich jemals aus irgend einem Grund gemalt habe und ich war irritiert und habe nicht verstanden, was das sollte (Schlussendlich war das der Test, mit welchem Alter ich eingeschult werden sollte).",Vermutlich ca. 1994,100,2,2,4,1,1,1,11,4,7,0,0,10.775,0,1.376,154.296,300.008,5,"Meine Beziehung zu meiner Mutter ist katastrophal, geprägt von extrem viel Demütigung und eigentlich verabscheue ich sie extrem. 
Bisher hat es sich aber immer irgendwie wieder eingekriegt und wir haben weiterbestritten. 

Ich bin in der letzten Phase meines Studiums. Ende Februar hatte ich einen Bandscheibenvorfall und starke Schmerzen. Im Laufe des Jahres sind 3 meiner Hühner gestorben, es lag ein toter Specht auf meiner Terrasse und ich habe meine älteste Hündin verloren, die einen Tag nach meinem Geburtstag eine Krebsdiagnose erhalten hat und auf den Tag 4 Wochen später eingeschläfert werden musste. 
Meine Mutter hat es nicht einmal geschafft, mir ihr Beileid per WhatsApp auszudrücken. Sie hat angekündigt, wieder mit mir zu sprechen, wenn mein Stress vorbei ist. Ich schreibe meine Abschlussarbeit und sie will mir ab Oktober kein Geld mehr geben. 

Ich habe sonst keine Familie. Wow All",5,5,5,5,6,"Lebenslang, Stand heute",2,7,7,1,2,7,1,2,1,2,4,2,4,4,2,3,4,1,4,4,4,3,4,4,3,2,4,4,4,3,2,1,2,0,3,2,1,3,3,3,3,3,3,2,3,2,3,1,1,3,2,4,3,1,3,2,3,3,3,3,4,4,6,2,6,6,1,6,3,1,5,5,5,1,1,1,6,5,13,1.083,1.083,120.011,1,Platz Person Propaganda Petrischale Privatjet PowerRanger Puder Perversion Paketbote Plissee Penetration Pudel Panikattacke Polizei Personal Pes,1.393,1.393,120.109,1,Maus Ziege Huhn Laus Taube Ratte Skorpion Hund Lamm Katze Hamster Elefant Zebra Gnu Blauwal Delfin Zecke Haie Adler Kondor Spinne Motte Hirschlausfliege Blaumeise Buntspecht,37,2,4,5,6,1,,142,67,19381,67,1,1,139,16.33,29.44,99,1,13.9,23.02,89.93,54.68,23.74,17.99,13.67,0.72,0.72,0,0.72,0,2.88,2.88,2.88,5.76,5.76,7.91,12.23,1.44,6.47,2.16,19.42,5.76,2.16,0,1.44,3.6,5.04,1.44,3.6,0.72,0,2.88,14.39,2.88,0,1.44,0,13.67,3.6,0,2.88,2.88,4.32,3.6,0,0,0,0,5.04,0.72,2.88,0,0,8.63,4.32,2.88,0.72,0.72,0.72,5.04,9.35,1.44,21.58,2.16,5.76,15.11,1.44,2.16,0.72,0.72,0.72,1.44,0.72,0,0.72,0,0,0,10.79,6.47,4.32,0,0,0,0,0,0,0,0,0,0
2025-07-07 13:55:31,2025-07-07 19:29:38,0,100,20046,1,2025-07-07 19:29:38,R_2PN2zQ3GbwwZ1ps,anonymous,EN,4,Ma,No,8,12,3,1,,1,0,0,5.301,0,1.472,181.467,300.016,9,"Psychologie Aufnahmetest an der Hauptuni. Ergebnis war kein Platz in Studiengang. Email mit Ergebnis hat hat mich zutiefst erschüttert. Wusste nicht mehr weiter, am Boden zerstört. Im Endeffekt Psychologie an anderer Uni studiert.",September 2020,100,6,7,1,2,2,3,5,1,7,0,0,151.64,0,1.842,209.457,300.094,4,Reise nach Frankfurt für Studium. Notwendiges Seminar bei Standort in Frankfurt für Psychologie Bachelor. Vor Reiseantritt sehr negativ der gezwungenen Reise gegenüber eingestellt. Reise und Seminar waren weniger anstrengend als erwartet also im Endeffekt weder positiv noch negative Erinnerung,9. bis 13. juni 2025,62,1,1,3,2,1,2,3,2,6,0,0,121.693,0,3.116,249.564,300.116,8,"Ich war 12 Jahre alt, meine Oma war mit mir und meinem Opa zu Hause. Oma hat plötzlich nicht mehr geatmet. Opa und ich haben Rettung gerufen und Oma an Händen und Füßen getragen, damit Rettung sie schneller wiederbeleben kann. Oma ist noch Vorort gestorben.",1,5,5,5,5,Juli 2013,28,7,7,1,7,2,7,11,7,1,1,0,0,1,0,1,0,0,0,2,1,0,0,0,0,1,3,3,2,1,0,1,1,0,0,2,0,1,1,0,0,0,0,0,0,0,0,0,0,0,0,4,3,2,3,3,4,2,1,3,3,1,3,3,"1,2",6,3,6,3,3,6,6,6,6,3,6,6,3,17,9.266,9.266,120.011,1,"Post, Papier Panne putzen pfau Pferde philosophieren psychologisch privat platonisch Politik Priorität Prophylaxe Pflanzen pra",4.111,86.739,120.016,6,Ameise Bär Zebra Hund Katze Esel Hase Pferd Spinne Fliege Wespe Biene Hornisse Hummel Mosquito Krabbe Fisch Elefant Giraffe Frosch Gans Ziege Schaf Kuh Stier,24,1,4,6,5,1,,50,16,19378,16,0,1,45,1,38.43,99,,11.25,20,88.89,51.11,13.33,13.33,11.11,0,0,0,0,0,2.22,2.22,2.22,0,0,8.89,17.78,6.67,15.56,2.22,24.44,8.89,2.22,0,2.22,2.22,0,0,0,0,0,0,17.78,13.33,0,8.89,4.44,8.89,2.22,0,0,0,2.22,4.44,2.22,0,2.22,0,8.89,4.44,2.22,0,0,2.22,0,0,0,0,2.22,11.11,6.67,0,17.78,4.44,4.44,11.11,0,0,2.22,0,0,2.22,0,0,0,0,0,0,13.33,8.89,4.44,0,0,0,0,0,0,0,0,0,0
2025-07-08 14:10:25,2025-07-08 14:47:15,0,100,2210,1,2025-07-08 14:47:16,R_2Oe4uBboNtbWYh3,anonymous,EN,4,MA,TI,24,4,1,1,,1,0,0,20.493,0,1.347,281.543,300.028,22,"Mir wurde die Hose samt Unterhose von einem Freund vor 4 Mädchen aus meiner damaligen 8.Klasse heruntergezogen. Ich stand vor diesen Mädchen, als mein Freund mir aus Spaß die Hose nach unten ziehen wollte, als dabei die Unterhose mit nach unten rutschte und ich entblößt vor ihnen stand. Im Anschluss habe ich die Hose sofort nach oben gezogen und bin ihn körperlich angegangen, was nahezu noch unangenehmer war, da ich 2 Köpfe kleiner war und ich wie ein Klammeräffchen an ihm hing.",07.12.2017,90,3,4,3,5,2,6,8,4,4,0,0,16.159,0,0.873,286.629,300.134,18,"Ich habe in der Bahn eine Mutter beobachtet, die ihr Kind nicht unter Kontrolle hatte und welches Anweisungen der Mutter nicht folgen wollte. Nach mehrmaligen ignorierten Aufforderungen, dass das Kind nun aufhören sollte in der Bahn zu spielen, fiel jenes Kind auf den Boden und verletzte sich leicht. Daraufhin verließen Mutter und Kind die Bahn an der nächsten Station.",Frühjahr 2024,60,3,3,4,2,1,4,11,1,6,0,0,172.446,0,0.844,244.138,300.128,11,"Es waren zum Teil mehrere Erlebnisse in der Schule. Trotz dessen, dass ich eine schöne Schulzeit hatte, gab es insbesondere in der Unter- und Mittelstufe hier und da Probleme mit Lehrern. Als Beispiel habe ich in der 5.Klasse meine Hausaufgaben vergessen in Mathematik, worauf mich der Lehrer darauffolgend vor der ganzen Klasse zum Nachsitzen verpflichtete. Jener Lehrer hatte ohnehin seine Probleme mit mir und konnte mich das ganze Jahr nur schlecht leiden und nutzte immer wieder Momente um mir das zu zeigen. Mein Lehrer in der 8.Klasse schrie mich bei der Korrektur der Hausaufgaben vor der ganzen Klasse an, da er mir unterstellte abzuschreiben, obwohl es dafür keinen Beleg gab und ich meine Aufgaben alleine bewerkstelligte.",5,5,5,5,4,2015 bzw 2018,100,5,5,2,5,3,5,11,4,3,0,0,0,1,0,1,1,1,0,0,0,0,0,0,0,0,0,0,0,0,1,0,0,1,1,0,1,0,1,0,1,1,0,0,1,0,0,0,1,1,0,4,3,3,3,4,4,4,4,3,3,6,6,3,6,6,5,6,6,1,3,6,3,5,6,3,6,5,14,1.601,1.601,120.024,1,"Pappe
papa
polka
paket
patrone
punk
panade
polemisch
pessimismus",1.737,45.858,120.017,3,"affe
elefant
katze
hund
meerschweinchen
haase
wal
hai
eichhörnchen
reh
schwein
esel
pferd
ziege
schaf
huhn
bär
fisch
vogel
giraffe
zebra
löwe
gazelle
leopard
pinguin
koala
emu
aal
lachs
forelle
säbe",20,1,4,4,5,1,,49,4,17746,4,0,1,118,73.03,25.42,94,1,23.6,21.19,92.37,57.63,18.64,12.71,10.17,0,0,0,0,0,2.54,2.54,0,5.08,10.17,16.1,5.93,5.93,12.71,1.69,11.02,5.08,0.85,0.85,1.69,5.08,11.02,4.24,6.78,0,0,3.39,8.47,0,0,0,0.85,18.64,2.54,1.69,3.39,0.85,2.54,3.39,1.69,0.85,0.85,0,1.69,0.85,1.69,0,0,8.47,0,2.54,3.39,0.85,1.69,6.78,0.85,0,19.49,0,14.41,6.78,11.86,0,1.69,0.85,0,0,3.39,0,0,3.39,0,0,11.02,5.93,4.24,0,0,0,0,0.85,0,0,0,0,0
2025-07-10 12:43:57,2025-07-10 13:13:40,0,100,1783,1,2025-07-10 13:13:41,R_8wzqnQEKMQMLhgk,anonymous,EN,4,JU,AN,7,11,1,1,,1,0,0,2.186,0,13.092,13.092,300.133,1,"ich wurde als grundschülerin zurechtgewiesen, nachdem ich eigenmächtig und ohne abklärung mit der richtigen stelle spendenboxen für unseren pausenhof gebastelt und im lokalen supermarkt aufgestellt hatte.
ich musste sowohl mit lehrern sprechen als auch mit dem bürgermeister und erinnere mich grob an die empfundene scham.",1999,32,2,2,3,2,5,2,5,4,2,0,0,2.091,0,2.15,83.897,300.196,4,"Essen gehen mit Freundin und ihrer Familie im Urlaub, warmes Wetter, mehrere Erwachsene, Zigarettenrauch, Spaghetti mit Putenschnitzel und Tomatensauce. Sonnige Umgebung, fremde Sprache.",vor ca. 25-27 Jahren,30,3,3,5,4,3,4,3,2,7,0,0,24.345,0,1.029,1.029,300.132,1,"Nach einem Flug mit großer Flugangst und dem Passieren des Terminals wurde ich mit meiner 1  jährigen Tochter vom Flughafenpersonal festgenommen und in eine Einwanderungszelle gesteckt.

Ich erinnere mich an die Ungewissheit, die Angst, den Kontrollverlust, die Verzweiflung, Überforderung...und die Diskrepanz zwischen Ortszeit und meinem Schlafrhythmus - ich war hellwach und wollte Klärung, das Personal schlief und ich war der Situation völlig ausgesetzt, ohne Handy, ohne Kommunikation nach außen etc.

Wir waren in einer Zelle mit Fliesen, unbezogener Plastikmatratze am Boden, grelles Licht, graue oder weiße Wände.

Ich erinnere mich nicht mehr was ich gemacht habe, nur an den völligen Verlust an Handlungsmacht.",5,5,5,5,5,2012,28,4,4,2,3,5,4,9,3,4,0,0,2,2,1,2,0,2,4,2,3,3,3,3,3,1,3,3,4,3,3,1,2,2,3,3,0,3,1,1,1,2,2,2,1,2,2,2,3,1,2,2,3,2,2,2,2,3,3,2,2,6,3,3,5,6,4,3,3,3,3,3,3,3,3,6,6,1,17,1.176,1.176,120.022,1,"Pflaume, Pizza, Pilz, Pusteblume, Pumba, Pandabär, Posaune, Paukenschlag, Problem, Polizei, Pause, Pille, Parkplatz, PKW, Peripherie, Plätzchen, Primzahl, Primel, Palme, Poker, Perforierung, Praxis, Palliativmedizin, Psychologie, Psychiatrie, Pendel, Popcorn, Pfi",0.887,0.887,120.126,1,"Huhn, Katze, Maus, Tiger, Elefant, Adler, Hund, Krokodil, Fisch, Delphin, Hamster, Spinne, Biene, Wespe, Hummel, Eichhörnchen, Otter, Oktopus, Ameise, Hornisse, Schlange, Chamäleon, Kamel, Nashorn, Jaguar, Giraffe, Ziege, Schwein, Kuh, Gazelle, Strauß, Kakerlake, Hase, Esel, Pferd, Puma, Eisbär, Pinguin,",35,2,4,4,5,1,,106,44,19432,44,1,1,103,86.17,14.47,96.81,1,25.75,33.01,83.5,55.34,14.56,11.65,9.71,0.97,0,0,0,0,0.97,0.97,0,2.91,13.59,14.56,9.71,2.91,12.62,2.91,15.53,2.91,1.94,0.97,0.97,0.97,5.83,0.97,4.85,3.88,0,1.94,2.91,0.97,0,0.97,0,11.65,1.94,0.97,1.94,2.91,2.91,3.88,1.94,0.97,0.97,0,0,0,0,0,0,5.83,0.97,1.94,2.91,0,0,8.74,0.97,0,18.45,3.88,12.62,1.94,1.94,0.97,0,0,0,0,1.94,0,0,0,0,0,18.45,6.8,10.68,0,0,0,0,0.97,0,0,0,0,0
2025-07-10 15:56:57,2025-07-10 16:47:08,0,100,3011,1,2025-07-10 16:47:09,R_2CiiVfHjqRFY8ut,anonymous,EN,4,si,le,8,9,1,1,,1,0,0,25.401,0,4.015,4.015,300.008,1,"Meine Mama hat mir von ihrem traumatischen Erlebnis im Krankenhaus erzählt als sie noch ein Kind war, sie wurde dort schlimm behandelt, hat bis heute eine große Narbe und bekam Schmerzensgeld.

Ps: In der Skala davor, habe ich es falsch verstanden und dachte ich müsste es einschätzen wie ich es damals empfand. Ich fand es jetzt eher weniger Belastend darüber zu schreiben und war auch nicht sehr emotional. Ich hätte es da auch eine skala von 3 gemacht anstatt 7 bei den ersten beiden.",1974 vielleicht,1,2,2,1,4,3,3,2,1,5,0,0,3.936,0,0.801,0.801,300.028,1,Mir fällt nicht wirklich etwas ein also nehme ich einfach meine Sitzungen damals bei einem Psychologen zu dem wir immer eine Stunde gefahren sind als ich jünger war. Empfand ich als weder positiv weil ich oftmals nicht so Lust hatte und weder negativ weil ich es auch trotzdem jetzt nicht schlimm fand. Es war ok. Auch wenn es natürlich oftmals emotional ist aber ich rede jetzt mal von Stunden die einfach so lala waren.,2016,0,1,1,4,2,3,2,2,4,1,0,0,7.784,0,1.664,230.713,300.01,3,"es fand über einen längeren Zeitraum statt im alter von 10-13 jähren.Ich habe schlimmes mobbing und cybermobbing erfahren welches auch von Eltern der Täter gefördert wurde. Ich war ganz alleine mit der Situation über zwei Jahre, jeder hat weggesehen. Mir wurde oft gedroht von älteren Schülern und ich wurde auch körperlich angegangen. Deshalb kam ich auf ein Internat, dort fing meine Psyche an sehr stark mich zu belasten, es gab dort viele Erlebnisse die ich als sehr schlimm empfand aber vor allem hatte ich keine Ansprechperson auch nicht meine Familie. dann hatte ich deshalb Suizid Gedanken und kam in eine geschlossene Station, dort roch alles nach Blut und die duschen waren immer kaputt da Patienten sich versuchten zu erhängen. ich habe dort mit svv angefangen. Meine Vater hat mich in das Zimmer meiner Mutter geschubst als ich mal nach hause durfte und gesagt es ist alles meine schul.d das esmeiner Mutter wegen mir schlecht geht, nach dem Klinik Aufenthalt konnte ich kein Blut mehr riechen und ein bestimmtes Duschgel, ich habe bis heute alptr#äume von allen",3,1,3,5,7,"Mobbing, Klinikaufenthalt, Internatsleben, Suizidversuch Krankenhaus Aufenthalt 2022 (hatte im text keine zeit mehr) - falls das vom Text gemeint war",61,7,7,1,7,7,4,11,6,4,1,1,0,2,0,2,0,1,2,0,0,0,3,4,1,1,0,1,3,2,1,0,0,0,2,2,0,1,0,0,0,0,1,2,0,0,1,1,0,0,1,3,3,2,2,3,2,1,2,3,3,6,6,3,3,6,1,6,3,1,6,6,2,2,6,6,6,1,17,1.733,1.733,120.008,1,"Packen, Polizei, Preisgeld, Papagei, pleite, Porsche, Pronomen, predigen, Paradies, Polo, penibel, parken, pink, Papier, Plüschtier, Pollen, Pferd, Pfeil, plappern,",1.766,1.766,120.107,1,"Pferd, Giraffe, Hund, Ratte, Krokodil, Nashorn, Bieber, Papagei, Erdmännchen, Seehund, Delfin, Vogel, Katze, Hamster, Meerschweinchen, Adler, taube, Eidechse, Bär, tiger, hai, Esel, affe, Zebra, Hyäne, e",26,2,4,8,5,2,Bei der ersten Skala und einmal habe ich im hier und jetzt angegeben bei dem letzten obwohl es in der Vergangenheit liegt,60,24,19423,24,0,1,179,34.44,30.81,99,1,25.57,22.35,89.39,57.54,19.55,11.73,11.17,0,0,0,0,0,0,0,0,6.7,6.15,14.53,10.61,4.47,11.73,1.68,18.44,8.94,2.79,0.56,1.12,6.7,6.7,1.12,5.59,0.56,1.12,3.91,10.61,2.79,0,1.12,0.56,15.08,2.79,1.68,1.12,3.91,5.03,2.23,1.12,0,0.56,0,6.15,1.68,2.79,0,0,7.26,2.79,2.23,2.23,0,0.56,11.73,4.47,0,22.35,1.68,14.53,7.82,2.23,0.56,2.23,0.56,0,0.56,0.56,0,0,0,0,0,8.94,4.47,3.35,0,0,0,0,0.56,0,0,0,0.56,0
2025-07-08 09:34:40,2025-07-08 09:46:21,0,35,700,0,2025-07-15 09:46:30,R_8JLoz7UgLa1pP0f,anonymous,EN,4,LJ,DR,19,8,1,1,,1,0,0,15.193,0,1.515,281.212,300.113,13,"Als Kind (ca. 6 Jahre) ist mir mein Spielzeug Frosch (Aufziehbar, mit Rädern) beim Aussteigen unter den Bus gefahren. Es war an unserer Haltestelle. Ich habe damit beim Aussteigen gespielt und es ist unter den Eingang des Busses gerollt. Meine Mutter hat mir nicht erlaubt das Spielzeug zu holen, obwohl es in Reichweite war. Der Busfahrer hat gewartet. Aber sie hat darauf bestanden es sei  nicht möglich das Spielzeug zu holen. Für einen Moment sah es so aus als ob es heil bleiben würde. Doch das letzte Rad des Busses hat das Spielzeug überfahren. Ich habe geweint, meine Mutter hat darauf nicht reagiert, zumindest erinnere ich mich nicht daran.",Vor 40 Jahren. Ich war ca. 6 Jahre alt.,15,6,5,2,4,2,5,9,7,6,,,,,,,,,,,,,,,,,,,,,,,,,,,,,,,,,,,,,,,,,,,,,,,,,,,,,,,,,,,,,,,,,,,,,,,,,,,,,,,,,,,,,,,,,,,,,,,,,,,,,,,,,,,,,,,,,,,,,,,,,,,,,,,,,,,,0,0,13318,,,1,0,,,,,,,,,,,,,,,,,,,,,,,,,,,,,,,,,,,,,,,,,,,,,,,,,,,,,,,,,,,,,,,,,,,,,,,,,,,,,,,,,,,,,,,,,,,,,,,,,
2025-07-16 11:01:12,2025-07-16 11:49:18,0,100,2885,1,2025-07-16 11:49:18,R_87Vb7PLSOi3hW14,anonymous,EN,4,AG,PA,22,2,1,1,,1,0,0,8.449,0,1.082,1.082,300.124,1,"Ein Nachbar, der ein paar Häuser weiter weg wohnt, hat mich heute während meiner Gassi Runde angesprochen. Ich musste Benji, meinen Hund ablenken, da er sonst fremde Mesnchen verbellt. Mit Leckerchen hat das gut funktioniert. Nun der ältere Herr hat sich über Hundebesitzer beschwert, die den Hundekot liegen lassen und hat mich beschuldigt auch dazu zu gehören. Trotz der Verneinungen von meiner Seite aus, hat er mir nicht geglaubt. Er hat mir mit rechtlichen Konsequenzen gedroht und gefragt wo ich wohne. Außerdem hat er gesagt, dass er mich gesehen hat wie ich ein Kotbeutel in eine fremde Mülltone entsorgt habe. Das sei jedoch nicht erlaubt. Ich hab versucht ihn zu erklären, dass es eine Ausnahme war und das es bei uns in der Umgebung keine Mülleimer gibt. Das war ihn jedoch egal und er hat gedroht, das nächste mal ein Kotbeutel vor meine Tür zu legen. Als er wieder gaegangen ist, war ich fassunglos und wurde irgendwann sehr wütend. Denn ich hasse falsche Anschuldigungen.",Heute Morgen,1,7,7,2,6,6,5,11,7,4,0,0,22.637,0,1.782,286.523,300.108,2,"Ich war vor kurzem beim Kaufland einkaufen. Dort habe ich meine Einkaufsliste abgearbeitet und bin von Gang zu Gang durchgegangen um alles zu besorgen. Ich war glücklich, weil ich so gut wie alle Angebote kaufen konnte. Außerdem habe ich mich bereits beim einkaufen über die bevorstehenden leckeren Rezepte gefreut. Zum Schluss musste ich etwas länger in der Warteschlange zu Kasse anstehen, was ungewohnt war. Deshalb war ich etwas frustriert. Aber als ich bezahlt habe und gesehen habe wie viel ich sparen konnte, war ich wieder zufrieden. Ich wusste, dass der zeitliche Aufwand sich gelohnt hat.",vorgestern,20,7,3,4,4,4,4,11,7,1,0,0,22.291,0,3.036,299.817,300.116,13,"Unsere Mutter wird von unserem betrunkenen Stiefvater erneut verprügelt. Ich verstecke mich und meine Geschwister hinter dem Sessel in der Hoffnung, dass sie so wenig wie möglich davon mitbekommen. Da sitzen wir nun. Ich als älteste kann aus meiner Position alles sehen und hören. Wie meine Mutter über den Hocker geschleudert wird und kaum Kraft hat wieder aufzustehen und ich hoffe, dass wir nicht die nächsten sind. Als die Sitauation vorbei war, war ich etwas erleichtert, dass ich meine Geschwister erfolgreich schützen konnte. Trotzdem war die Angst da, dass das beim nächsten Mal nicht möglich sein wird. Außerdem war auch die Sorge da, um meine Mutter. Auch wenn sie gesagt hat, das es ihr gut geht, wusste ich das es nicht die Wahrheit war.",2,5,3,5,6,Das Erlebnis ist aus meiner Kindheit. Ich war da etwa 10 Jahre alt. Also ist es bereits 15 Jahre her,92,6,5,1,6,5,6,11,5,4,0,0,0,2,1,2,3,1,2,0,1,0,0,0,0,0,1,1,1,0,2,1,0,0,2,2,1,2,1,0,1,2,1,1,0,0,0,1,3,1,0,3,4,3,2,2,3,4,4,2,3,2,3,2,6,6,"1,2",6,6,6,6,6,6,2,6,6,6,"1,3",6,1.791,95.112,120.127,4,"Pommes, Puffer, Protest, Persönlichkeit, Pronomen, Professor, Pflanzen, Portemonnaie, Presse, Pudding,",1.639,1.639,120.023,1,"Hund, Katze, Vogel, Schwein, Delphin, Affe, Elefant, Tiger, Löwe, Giraffe, Wal, Kuh, Schaf, Ziege, Pferd, Huhn, Pute, Meerschweinchen, Hamster, Hase, Kaninchen, Reh, Wildschwein, Fuchs, Maus",25,2,4,5,5,1,,66,15,19375,15,0,1,124,1,46.9,96.11,97.21,13.78,19.35,92.74,68.55,21.77,16.13,9.68,3.23,0.81,0,0.81,0,3.23,3.23,2.42,3.23,8.87,8.06,14.52,6.45,20.97,2.42,18.55,9.68,4.03,1.61,0,2.42,7.26,5.65,1.61,1.61,0,0,16.13,4.84,0,2.42,0.81,23.39,4.03,4.03,3.23,7.26,4.84,6.45,2.42,0.81,1.61,0,0.81,0,0.81,0,0,12.9,7.26,4.84,0.81,0.81,0.81,6.45,4.03,2.42,16.94,1.61,9.68,7.26,1.61,0,0,0,0,0,1.61,0,0,0,0,0,13.71,7.26,6.45,0,0,0,0,0,0,0,0,0,0
2025-07-16 12:46:03,2025-07-16 13:21:38,0,100,2134,1,2025-07-16 13:21:38,R_8TKSpPT6Gc87vJu,anonymous,EN,4,SO,TO,13,1,1,1,,1,0,0,1.631,0,0.995,169.348,300.128,2,"Ein belastendes Ereignis war der Vorwurf, dass ich Untergebene schlecht und unmenschlich behandeln würde. Es gab mehrere Vorwürfe, die einfach behauptet wurden und die oberste Führung, ohne weitere Nachforschungen oder Ermittlungen zur Entlastung meinerseits, entschied, dass ich aus meinem bisherigen Arbeitsverhältnis rausgenommen werden soll am darauffolgenden Tag. Dabei musste ich meinen Arbeitsplatz nach 6 Jahren räumen und das nur, weil zwei Arbeitskollegen, denen nicht passte, dass sie arbeiten müssen, sich beim Chef ausgeheult haben, wie schrecklich alles ist.",09.04.2025,10,1,3,2,7,7,1,11,3,7,0,0,26.242,0,1.309,138.577,300.016,2,"Das Erlebnis bezieht sich auf die Diagnostik meiner Migräneanfälle. Es wurden keine Auffälligkeiten festgestellt, die einen Krankheitswert besitzen. Das ist zum einen positiv und zum anderen beunruhigend, weil das ärztliche Personal sich nicht erklären kann woher die Anfälle kommen und warum diese erheblich stärker sind als gewöhnlich.",05.06.2025,10,2,3,4,3,4,1,11,3,7,0,0,4.79,0,1.034,166.424,300.029,4,"Das schrecklichste Erlebnis war als meinem Vater nicht erlaubt wurde mich zu sehen, als ich ein Kind war. Mein Vater hat sich darum bemüht mich immer wieder besuchen zu dürfen und wurde immer wieder durch Dritte davon behindert. Meistens waren das die Lebensgefährten meiner Mutter. Das Bild wie mein Vater im Gericht saß, bevor wir für mehrere Jahre getrennt wurden, ist mir bis heute als negativstes Ereignis im Gedächtnis geblieben. Es beschreibt eine geringe Aussicht auf Hoffnung, dass meine Familie ein gesundes Verhältnis haben wird.",5,5,5,5,3,2004,74,4,5,2,4,6,1,9,2,7,2,2,1,3,3,3,3,0,1,3,2,3,3,3,0,0,0,0,3,4,1,0,1,1,3,2,1,2,1,1,1,2,0,2,1,2,0,2,2,0,0,3,3,3,3,3,3,3,3,3,3,6,"2,3,4","1,2,3,4",4,6,4,6,6,6,"1,4",6,6,6,"2,3,4","3,4",6,"1,2,3,4",17,1.528,1.528,120.122,1,"Preis
Penis
Pornografie
Planwagentour
Porridge
Pass
Pinkeln
Pipi
Pollenallergie
Pfund
Pferd
Pöbel
Pingelig
Präteritum
Perfekt
Plusquamperfekt
Präsenz
Plane
Popel
Puff",2.159,2.159,120.122,1,"Katze
Hund
Löwe
Tiger
Gepard
Leopard
Spinne
Fliege
Pinguin
Wal
Hai
Fisch
Eisbär
Leguan
Fuchs
Reh
Hirsch
Braunbär
Dachs
Vogel
Papagei
Ara
Chamäleon
Eidechse
Igel
Jaguar
Luchs
Maus
Natter
Schlange
Otter
Qualle
Rochen
Schwe",30,1,4,6,4,1,,94,39,19477,39,1,1,85,21.96,38.61,99,45.79,17,24.71,92.94,58.82,17.65,12.94,10.59,1.18,0,0,0,0,0,0,0,1.18,8.24,15.29,14.12,8.24,12.94,1.18,18.82,8.24,7.06,1.18,1.18,2.35,8.24,4.71,3.53,1.18,0,3.53,14.12,5.88,1.18,1.18,3.53,18.82,2.35,2.35,2.35,4.71,3.53,4.71,2.35,2.35,0,0,4.71,2.35,2.35,1.18,0,16.47,7.06,4.71,3.53,0,1.18,8.24,4.71,1.18,22.35,1.18,7.06,17.65,2.35,1.18,1.18,0,0,0,0,0,0,0,0,0,10.59,5.88,4.71,0,0,0,0,0,0,0,0,0,0
2025-07-16 14:31:59,2025-07-16 15:19:29,0,100,2849,1,2025-07-16 15:19:29,R_2MFGwVknaO6HwTd,anonymous,EN,4,MA,LU,15,12,1,1,,1,0,0,7.389,0,0.618,97.633,300.107,3,"Für mich persönlich ein negatives Erlebnis war, als ich vor zwei Jahren eine etwa 1-Stündige Strecke mit dem Auto von meiner Unistadt in die Heimat gefahren bin. Es war sehr heiß a dem Tag, etwa 33 grad und ich bin mit einem alten Auto was fast 30 Jahre alt ist gefahren. Mir ging es selber schon nicht allzu gut, ich weiß noch dass ich einfach gerne Zuhause sein wollte. Dann stand ich natürlich im Stau, mitten in einer Baustelle. Dann habe ich bemerkt wie eine Anzeige an meinem Auto extrem in die Höhe gegangen ist, ich wusste nicht genau was das heißt und hab erstmal meinen Vater angerufen. Während wir telefonierten find das Auto plötzlich an zu dampfen, ich geriet in Panik und dann ging gar nichts mehr. Ich bin also mitten im Stau, in einer Baustelle stehen geblieben und habe somit einen noch längeren Stau verursacht, da an mir keiner mehr vorbei fahren konnte. Ich geriet dann sehr in Panik und fühlte mich schlecht für die Leute in en Autos hinter mir. Ich bin sehr froh, dass viele Menschen dann kamen um mir zu helfen und mir nach etwa einer Stunde geholfen haben das Auto aus der Baustelle zu bewegen.",vor 2 Jahren im Juli,33,5,3,3,5,3,6,10,6,6,0,0,183.362,0,0.815,297.12,300.006,10,"Für mich ist es irgendwie schwierig an ein Erlebnis zu denken, welches weder besonders positiv noch besonders negativ ist. Es heißt ja eigentlich, dass es etwas unspektakuläres oder ""normales"" ist. Deshalb habe ich an einen Tag letzte Woche gedacht, wo ich selber weder besonders glücklich/ euphorisch noch besonders traurig oder so war. Ein ganz normaler Tag, an dem ich mittags spazieren gegangen bin und abends mit einer Freundin etwas zu essen gemacht habe und einen Film geguckt habe, der mich nicht wirklich vom Hocker gehauen hat. Der Film war halt ganz okay. Und genau dieses ""Okay"" ist für mich ein solches Erlebnis. Wahrscheinlich könnte man viele solche Beispiele nennen, an denen man eher keine großen Emotionen empfindet, wenn man im nachhinein darüber nachdenkt.",am 09.07,1,3,1,5,2,2,4,11,4,3,0,0,4.778,0,0.574,159.767,300.111,8,"Für mich ist der schlimmste Tag, der 13.06 vor 13 Jahren. Eigentlich fing der Tag gut an, ich war bei einer Freundin um ihren Geburtstag zu feiern. Abends saß ich dann mit meiner großen Schwester vorm Fernseher um Fußball zu gucke, bis wir sehr laute Schreie von vorne hörten. Wir rannten nach vorne und da sah ic meiner Mutter schreiend und weinend auf dem Boden liegen und um sich schlagen. Überall lag kaputtes Geschirr und ich find auch an zu schreien weil ich so grüße Angst vor meiner Mutter hatte und  die Situation nicht verstand. Ic lief dann raus und versteckte micch für ein paar Stunden. Dann fand mich mein Vater und versuchte mich zu beruhgen. Ein paar Stunden später kam er dann in mein Zimmer und versuchte mir zu erklären dass er meine Mutter verlassen würde und uns, weil er sich in eine andereFrau verliebt hat. Er hat meineMutter betroge, mit unserer 19 Jährigen Nachbarin. Das war für mich als Kind ziemlich schwer zu vrstehen, vor allem weil dann noch die Krebsdiagnose meiner Mutter dazu kam. Und ich fühlte mich so schlecht dass",5,5,5,5,7,13.06.2012,84,6,6,1,6,7,7,8,4,7,2,1,2,3,1,4,1,1,1,4,3,2,1,2,1,1,2,2,2,3,2,1,2,1,2,1,2,2,3,1,1,2,2,1,2,2,1,1,1,2,1,2,2,2,2,2,2,3,2,2,2,3,3,6,3,6,2,6,"1,3",3,6,6,"2,3",3,3,6,6,"1,2,3",17,0.899,0.899,120.043,1,"Pilz, Panzer, Papier, Problem, Prozess, Paket, Punkt, Polizei, Perspektive, Programm, Pinsel, Paprika, Pfeffer, Plastik,",1.263,1.263,120.008,1,"Ameise, Tiger, Schwein, Kuh, Wal, Huhn, Schlange, Krebs, Fich, Krokodil, Nashorn, Adler, Biene, Maus, Maulwurf, Pinguin, Delfin, Ratte, Hund, Katze, Dachs, Fuchs, Wolf, Hase, Spinne, Mücke, Jaguar, Löwe, Zebra, Elefant, Bär, B",23,2,4,4,5,1,,93,39,19357,39,1,1,184,57.59,62.45,99,9.29,16.73,20.11,92.39,59.78,17.39,15.76,9.78,2.17,0,0,0,0,2.72,2.72,0.54,1.09,5.98,16.85,5.98,3.26,17.93,0.54,17.39,4.35,1.63,0,1.63,2.17,8.15,3.8,4.35,0.54,0.54,2.17,15.76,3.8,2.72,3.26,2.72,10.87,2.17,2.17,0.54,2.72,1.63,2.17,5.43,1.63,2.17,1.09,1.63,0,1.09,0,0,13.04,5.98,4.35,1.63,0.54,1.09,8.15,2.72,0.54,25.54,3.26,14.67,9.78,2.17,2.72,1.09,0.54,0,0,2.72,0,0,0,0,0,9.24,5.98,3.26,0,0,0,0,0,0,0,0,0,0
2025-07-10 16:08:39,2025-07-10 16:20:44,0,35,724,0,2025-07-17 16:20:48,R_22Pb8aoXWloYKij,anonymous,EN,4,MA,JO,25,1,1,1,,1,,,,,,,,,,,,,,,,,,,,,0,0,28.575,0,1.007,1.007,300.107,1,"Ich saß im Institut im Seminarraum mit den anderen beim Mittagessen.
Dabei saßen Max, Hanne, Jana, Insa und Sebastian.
Wir haben uns über verschiedene Sportarten unterhalten und sind danach zu Musik übergegangen.
Es war ein recht normales Mittagsgespräch, ich fand es interessant zu hören, was die anderen so machen, welche Sportarten und welche Genres sie hören.
Besonders gewundert hat mich, das Insa lange Kickboxen gemacht hat, Punk hört und wir ein paar Tage später sogar auf dem gleichen Konzert sein würden.
Ich hab mich sehr wohl gefühlt, eine entspannte Atmosphäre mit natürlich dem klaren Gedanken im Hinterkopf, dass danach alle wieder an den PC oder ins Labor mussten; aber diese Zeit nehmen wir uns immer.",vor ca. 9 Monaten,75,5,2,4,2,1,4,4,3,7,,,,,,,,,,,,,,,,,,,,,,,,,,,,,,,,,,,,,,,,,,,,,,,,,,,,,,,,,,,,,,,,,,,,,,,,,,,,,,,,,,,,,,,,,,,,,,,,,,,,,,,,,,,,,,,,0,0,18229,,,1,0,,,,,,,,,,,,,,,,,,,,,,,,,,,,,,,,,,,,,,,,,,,,,,,,,,,,,,,,,,,,,,,,,,,,,,,,,,,,,,,,,,,,,,,,,,,,,,,,,
2025-07-17 15:55:41,2025-07-17 16:31:55,0,100,2173,1,2025-07-17 16:31:56,R_8n0TylbKtOY33MZ,anonymous,EN,4,CL,LE,12,3,1,1,,1,0,0,2.046,0,0.863,221.716,300.014,6,Ich habe im Abi eine Prüfung verhauen weil ich mich auf die aussage einer Mitschülerin verlassen habe und sich im Nachhinein herausgestellt hat das es mit Absicht gemacht wurde.,vor 6 Jahren,58,4,1,2,5,4,1,5,5,5,0,0,113.762,0,0.989,39.739,300.015,5,"Ich war mit 14 Jahren das erste Mal bei damaligen meinem Freund zuhause. Eigentlich wollte ich gar nicht bei ihm übernachten, aber er hat mich dazu überredet, weil man das ja so macht. In der Nacht nachdem ich ihn mehrfach abgewiesen habe, hat er es dann nochmals, probiert mir näher zu kommen. Ich weis das ich mich sehr hilflos gefühlt habe weil ich nicht wusste was ich fühlen sollte, aber mehr weis ich nicht mehr dazu. Ich wollte rausgehen und meine Eltern anrufen, aber er hat mich nicht gelassen und mir ins Gesicht geschlagen, mich ausgelacht weil ich so unreif bin. Er hat sich auf mich gedrückt und ich weis noch das ich große schmerzen hatte und er mir den Mund zugehalten hat und ich kaum Luft bekommen habe. ich hab mich noch nie so schwach gefühlt und",8.8.2013,1,6,4,1,2,4,1,1,4,1,0,0,9.647,0,0.918,60.403,300.115,5,"Ich hab die Aufgabe falsch gemacht, das erste Textfeld ist das schlimmste Erlebnis für mich. tut mir leid, dass es nicht zu gebrauchen ist durch meinen Fehler",5,5,1,1,7,8.8.2013,0,5,7,1,4,7,4,2,5,1,1,2,1,4,3,4,4,2,3,3,4,4,4,3,1,3,3,3,4,4,1,1,2,0,3,2,1,2,2,2,2,3,3,2,1,2,2,2,1,2,3,2,3,3,2,1,2,3,2,2,2,3,2,2,2,3,1,1,1,1,6,6,6,1,6,6,6,6,8,0.943,0.943,120.014,1,Patient Panik Pause Privat primär primitiv plausible panisch paranoid Problem preis Pigment plural Person Punkt Pubertät Prinzip Pein peinlich peinigen,1.669,1.669,120.013,1,"Hund schlänge katze maus Elefant, Gans Giraffe Vogel Spatz Rotkelchen Marder wild Schwein Wildschwein Reh laus Rind Schaf Eber Wachtel eichelhär Eichhörnchen Dackel Windhund Pferd Kuh Stier Kolibri Fisch Kohlm",27,2,4,6,5,2,bei der ersten aufgabe,121,60,11905,60,1,1,27,6.41,4.71,99,1,13.5,22.22,88.89,62.96,25.93,14.81,14.81,0,0,0,0,0,0,0,0,3.7,11.11,11.11,18.52,0,11.11,3.7,22.22,11.11,3.7,0,3.7,0,14.81,0,14.81,0,0,7.41,3.7,0,0,0,0,18.52,3.7,3.7,0,0,3.7,3.7,0,0,0,0,7.41,0,0,0,0,18.52,0,7.41,3.7,0,11.11,3.7,11.11,0,11.11,0,7.41,3.7,3.7,0,0,0,0,3.7,0,0,0,0,0,0,11.11,3.7,7.41,0,0,0,0,0,0,0,0,0,0
2025-07-18 15:30:45,2025-07-18 16:03:43,0,100,1977,1,2025-07-18 16:03:43,R_8viwKrPWPHHALK0,anonymous,EN,4,OL,JU,27,10,1,1,,1,4.072,4.072,4.779,1,0.81,37.741,300.011,3,"Wir waren mit meinem Bruder und meiner Mutter auf dem Weg in den Wald. Mein Bruder saß am Steuer. Als ich eine Spinne im Auto bemerkte, machte ich ihn darauf Aufmerksam. Niemand ist wirklich nervös geworden, da sie Spinne doch recht klein gewesen ist. Dennoch ist mein Bruder davon bereits genug abgelenkt gewesen, dass er in ein Auto hineingefahren ist. Er ist von der Straße minimal abgekommen und direkt in ein geparktes Auto auf der linken Straßenseite in einer Wohngegend geprallt. Der Schock und die Scham waren ihm regelrecht ins Gesicht geschrieben. Es war ihm äußerst peinlich, dass ""so eine blöde Kleinigkeit"" einen so immensen Schaden angerichtet hatte.","Etwas unsicher, ich glaube noch dieses Jahr im März",38,2,5,3,6,4,5,9,2,6,0,0,75.289,0,1.408,207.638,300.01,9,"Der erste Tag vom Masterstudium war ein ganz normaler Tag. Es ist schwierig sich detailreich daran zu erinnern, weil ich keine genauen Gefühle damit verbinde. Ich weiß auch schon gar nicht mehr, wie mein morgen genau ausgehen hat. Ich erinnere mich, dass man sich zunächst etwas in der Aula angehört hat. Ich hatte zu den Zeitpunkt das erste Mädchen aus meinem Studiengang kennengelernt. Daraufhin wurden wir geben unsere Schilder zu suchen (darauf stand unser Studiengang). In diesem Moment hatte es angefangen zu regnen. Wir wurden von unserer Studiengangsleitung abgeholt, in unsere Klassenzimmer gebracht und hatten eine Einführung. Allerdings weiß ich auch hier nicht mehr, an welchem Platz ich saß oder wer neben mir gesessen hat. Wie lange die Einführung gewesen ist, weiß ich auch nicht mehr. Ich denke, dass ich alles, was ich zu diesem ""neutralen"" Tag noch in Erinnerung habe.",1. Oktober 2024,41,4,1,4,3,3,3,6,3,4,0,0,24.652,0,1.257,228.72,300.113,4,"Ich bin nach meinem Abitur als Au-Pair ins Ausland gegangen. Die Familie war sehr nett und ich mochte auch die Kinder, aber nach einiger Zeit kamen erste Streitigkeiten auf. Ich befand mich in einer Gegend, in der ich keine weiteren AuPairs kennenlernen konnte und auch ziemlich schwer (eigentlich keine) Freundschaften schloss. Ich habe mal mitbekommen, wie sich die Gastmutter über mich beschwert/ aufgeregt hat, als ich im Keller Wäsche gewaschen habe. Ich erinnere mich nicht mehr an den Inhalt, aber gefühlt habe ich mich sehr unwohl und schrecklich, da ich ihr danach vor die Augen treten musste, um wieder in mein Zimmer zu gelangen. Ich wollte zu diesem Zeitpunkt einfach nur den AuPair Aufenthalt abbrechen, konnte allerdings nicht. Weil ich nicht wegen ""Streitigkeiten"" einfach aufgeben wollte. Geweint habe ich für eine gewisse Zeit sehr viel und ich hatte einfach keine Motivation mehr.",5,5,5,5,5,Februar 2019,71,4,3,2,5,4,5,8,2,4,1,0,0,1,0,0,0,0,0,0,0,0,0,0,0,0,1,0,1,3,1,0,0,1,2,1,0,2,1,0,1,2,2,1,1,1,0,2,2,1,0,3,2,2,2,2,2,3,3,2,2,3,2,1,2,5,2,6,6,1,3,6,3,2,6,"3,6",6,1,17,2.034,35.765,120.009,4,Papier - Packesel - Pfirsisch - Pfand - Pustekuchen - Penis - Pfanne - Pferd - Pinsel - Papagei - Pils - Pilz - Packung - Pels - Pringles - Persisch - Portugal - Penne - Praline,1.769,1.769,120.005,1,Hund - Pferd - Giraffe - Katze - Leopard - Schnecke - Schlange - Seepferd - Hai - Gorilla - Schmetterling - Hase - Regenwurm - Fliege - Mücke - Ameise - Motte - Seekuh - Hahn - Papagei - Nemo - Storch - Hai - Spatz - Maus - Meerschweinchen,23,2,4,7,6,1,,51,7,16249,7,0,1,142,14.34,6,99,1,17.75,23.24,91.55,63.38,18.31,14.79,13.38,0,0.7,0,0.7,0,0.7,0.7,0.7,3.52,6.34,13.38,11.97,7.75,10.56,4.23,19.72,11.27,3.52,0.7,2.82,9.15,6.34,2.11,4.93,1.41,2.11,2.82,7.04,1.41,0,0,0,18.31,2.82,3.52,4.23,2.82,3.52,6.34,3.52,0.7,0,2.11,1.41,0.7,0.7,0,0,5.63,0.7,3.52,1.41,0,0,9.86,4.23,0,19.72,1.41,11.97,7.04,1.41,0.7,2.11,0,0,0,0,0,0,0,0,0,15.49,5.63,5.63,0,0,0,0,0.7,1.41,0,1.41,0.7,0
2025-07-22 21:44:09,2025-07-22 22:22:05,0,100,2275,1,2025-07-22 22:22:05,R_8bdDuOTUWfa2GMp,anonymous,EN,4,MA,ER,28,6,1,1,,1,0,0,6.193,0,0.792,0.792,300.13,1,"Eine Freundin von mir wird in der Arbeit sehr schlecht behandelt, sodass es sich negativ auf ihre Gesundheit auswirkt. Sie bekommt immer zusätzliche Arbeiten, aber auch nur sie und nicht ihre Kollegen. Mich belastet es, da ich ihr nicht helfen kann und sie eine Person ist, die ihre Probleme ehr mit sich selbst ausmacht. Das tut mir sehr leid und ich versuche trotzdem so gut wie möglich für sie da zu sein.","Die Information habe ich letzten Mittwoch erhalten. Es war am Nachmittag, an eine genaue Uhrzeit erinnere ich mich nicht.",16,6,5,2,6,5,5,1,1,6,0,0,123.058,0,0.785,0.785,300.118,1,"Als ich heute zur Arbeit gefahren bin. Musste ich an einer roten Ampel warten. Neben mir waren mehrere andere Autos, nach einer weile ist die Ampel grün geworden und ich konnte weiterfahren. Das Auto neben mir ist auch weitergefahren. Bevor wir losgefahren sind hatte ich mit der Frau im Auto neben mir kurz Augenkontakt und wir haben und angegrinst.","Das Erlebnis war heute Morgen auf dem Weg zur Arbeit. Ich habe um 07:00 eingestempelt, also war die Situation gegen 06:50.",60,2,1,5,3,1,2,11,5,3,0,0,2.449,0,0.818,0.818,300.118,1,"Mein Papa hatte einen schweren Fahrradunfall. Ich war zu der zeit noch ein Kind und bin früh runter ins Wohnzimmer kommen. Da saß bereits unsere Nachbarin und meine Mama und haben geweint. Mein Papa war zu dem Zeitpunkt bereits im Krankenhaus und man wusste nicht, ob er überlebt und ob es langfristige Schäden mit sich bringt. Am zweiten Tag durfte ich mit ins Krankenhaus und bei dem Anblick meines Papas ist mir schwarz vor Augen geworden. Mein Papa ist eins meiner größten Vorbilder, den nichts aufhalten kann und ihn dann so verwundet zu sehen, war einfach zu viel.",4,5,3,5,7,Das Erlebnis war 2012 am Freitag vor Ostern. Ich bin gegen 9 Uhr aufgewacht und dann begann die Situation.,6,7,7,1,7,6,7,11,7,7,1,1,0,2,1,1,1,0,0,0,3,3,3,0,2,3,1,0,4,3,1,0,0,0,2,2,0,0,2,0,1,1,1,0,0,0,0,1,0,0,0,3,3,3,3,2,1,3,3,2,4,6,"3,6",2,2,2,2,3,6,1,6,6,6,2,6,2,6,1,3,1.593,111.369,120.012,4,"Papa
Papagei
Parade
Panorama
Projekt 
Pferd
Pullover
Parade
Portemonnaie
Pflanze
Polizei 
Pinsel
Pizza
Papier
Planet 
Partner
Programm
Pause
Panik
Pudding
Pforte
Probieren
Piste
Papierkorb
Postkarte
Pfanne
Plakat
Pyramide
Pracht
Paket
Pionier",2.854,111.382,120.018,7,"Pferd
Panda
Hund
Katze
Hase
Maus
Giraffe
Löwe
Otter
Papagei 
Panther
Pinguin
Puma
Oktopus
Nilpferd
Marder
Luchs
Lama
Leopard
Mowe
Rochen
Igel
Hecht
Hyäne
Gepard
Go",24,2,4,5,4,1,,67,29,18169,29,0,1,98,18.55,35.15,99,4.84,16.33,22.45,92.86,64.29,16.33,13.27,9.18,1.02,0,0,0,0,2.04,2.04,0,3.06,7.14,14.29,14.29,5.1,15.31,2.04,20.41,6.12,1.02,2.04,3.06,3.06,3.06,1.02,2.04,0,0,2.04,11.22,5.1,1.02,1.02,5.1,12.24,2.04,1.02,0,2.04,3.06,4.08,3.06,2.04,0,1.02,5.1,1.02,2.04,0,0,8.16,1.02,4.08,3.06,0,0,8.16,6.12,1.02,22.45,4.08,10.2,10.2,0,1.02,2.04,0,0,0,1.02,0,0,0,0,0,9.18,6.12,3.06,0,0,0,0,0,0,0,0,0,0
2025-07-24 20:44:58,2025-07-24 21:31:09,0,100,2770,1,2025-07-24 21:31:10,R_2sWQlg55Vf13oIq,anonymous,EN,4,BE,NI,7,11,1,1,,1,0,0,4.553,0,1.037,27.353,300.02,3,"Ich wollte mir nach einem langen Tag Abendessen machen und wollte deswegen eine Avocado zubereiten. Die Avocado war noch ziemlich fest und dann bin ich mit dem Messer durchgerutscht und hab mir in den Ringfinger geschnitten. Das Messer war zackig, weshalb die Haut nicht ganz sauber aufgeschnitten war und die Wunde breiter war. Mir ist dann schwindelig geworden und habe mich auf den Küche Boden gelegt. Weil ich alleine zuhause war habe ich meinem Handy gesagt es soll meine Eltern anrufen und mit denen habe ich dann telefoniert während ich darauf gewartet habe, dass mein Kreislauf wieder zurück kommt. Ich konnte meine Fingerspitze nicht mehr spüren und war mir aber unsicher ob das der blutverlust ist oder ob ich mich stärker verletzt habe. Die Wunde hat nicht aufgehört zu bluten, auch wenn sie nicht mehr besonders stark geblutet hat. Ich hab dann noch mit meiner Tante, die Arzthelferin ist, telefoniert und überlegt, ich ins Krankenhaus fahren soll. Ich habe mich dann dagegen entsch",17.12.2024 abends,52,3,4,2,5,3,6,6,7,7,0,0,85.081,0,1.375,166.696,300.016,7,"Ich war auf der Hochzeit meines Cousins und seiner Frau. Es war eine freie Trauung und Düsseldorf und ich war dort mit meiner Familie. Die Seite meiner Familie zu der mein Cousin gehört verurteilt gerne und lästert leider auch häufiger mal. Ich hatte früher ein besseres Verhältnis zu ihnen, als das heute der Fall ist, es ist aber nichts großes vorgefallen. Die Hochzeit fand eher im ländlichen Gebiet an einer Gaststätte an einer Wassermühle statt. Es war erst sehr warm, so um die 30 Grad, aber dann hat es angefangen zu regnen nach der Trauung. Als erstes fand die Trauung statt, dann kam ein Sektempfang bei dem ich eine limo getrunken habe. Dieser hat sich leider ganz schön gezogen und ging",14.06.2025 Nachmittags bis abends,40,3,2,4,5,1,7,5,3,7,1.488,2.622,3.14,2,1.193,76.208,300.016,2,"Ich hab früher eine Krankheit gehabt wegen der ich jeden Tag Medikamente nehmen musste. Die Medikamente waren gerade neu eingestellt und ich nahm sie ganz normal zum Frühstück. Kurz danach hatte ich die schlimmsten Bauchschmerzen meines Lebens, die so intensiv waren, dass ich nur noch liegen konnte und am weinen waren. Die Bauchschmerzen gingen nach einer Stunde langsam wieder weg. Ich dachte erst es ist alles zu gut, aber am nächsten Tag passierte das selbe wieder, nur das diesmal die Bauchschmerzen noch schlimmer waren. Ich war beim Arzt, aber da konnte nichts festgestellt werden. Am nächsten Morgen folgten wieder auf die Tabletten so schlimme Bauchschmerzen, sodass ich wieder beim Arzt war. Das ganze passierte am nächsten Tag wieder, ich hatte mittlerweile Angst vor meinen Medikamenten und wollte diese nicht mehr nehmen. An dem Tag wurde dann festgestellt, dass ich durch die Medikamente eine sehr starke lebervergrößerung habe und wenn das so weit",3,5,5,3,3,Februar 2013,71,2,5,1,1,6,7,8,3,2,0,0,0,0,0,0,0,0,0,0,0,0,0,0,0,0,0,0,0,0,2,0,0,0,3,1,1,2,0,0,1,3,1,0,2,0,1,2,0,0,0,3,4,3,3,3,3,4,3,3,4,3,3,"1,2,3",3,6,6,6,3,"3,5",6,6,"1,2,3,4","2,4","3,4",6,5,5,12,1.422,1.422,120.015,1,"Pipi, Pfütze, Pflanze, Pferd, Park, Platz, Puma, Pullover, Pullunder, Preis, Priester, Pony, Pflicht, Pressen, Pranke, prügeln, pingelig, pummelig, Panzer, Pilz, Prokrastinieren, Prüfung, peinlich, Pflege, Pinsel, Pfannenkuchen,",2.121,2.121,120.114,1,"Ameise, Bär, Hase, Hund, Katze, Vogel, Schwein, Kuh, Marienkäfer, Elefant, Giraffe, Biene, Hummel, Wespe, Wurm, Maus, Ratte, Meerschweinchen, Reh, Tiger, Löwe, Affe, Jaguar, Leopard, Pferd, Esel, Schaf, Ziege, Ente, Eule, Maulwurf p",22,2,4,5,5,1,,52,0,%SURVEY_CODE%,0,0,1,152,36.17,22.58,99,1,16.89,18.42,98.03,61.84,14.47,8.55,7.89,0,0,0,0,0,0.66,0.66,0.66,3.29,13.16,9.87,12.5,7.89,13.82,1.32,18.42,12.5,2.63,0,0.66,4.61,4.61,1.32,3.29,0.66,0,2.63,3.95,0,0,0,0,17.76,2.63,1.32,5.92,3.95,3.95,3.95,0.66,0,0,0.66,11.18,3.95,5.92,0,0.66,6.58,0,3.95,1.97,0,0.66,12.5,1.97,1.32,26.32,2.63,11.18,17.11,2.63,0.66,0,0,0,0,0.66,0,0,0,0,0,10.53,5.26,5.26,0,0,0,0,0,0,0,0,0,0
2025-07-26 12:42:37,2025-07-26 13:14:02,0,100,1885,1,2025-07-26 13:14:03,R_2YEW9Vn7TO0R0xv,anonymous,EN,4,GA,SE,14,6,3,1,,1,0,0,26.895,0,0.732,0.732,300.022,1,"Ein für mich negativ erlebtes Ereignis war vor ein paar Jahren, als ich mein Abitur gemacht habe. Ich habe zu diesem Zeitpunkt noch bei meinen Eltern gelebt und sie haben sich genau in dieser Zeit getrennt. Ich habe oft mitbekommen, wie sie gestritten oder diskutiert hatten und das, obwohl ich für meine Prüfungen lernen musste - und das wussten sie auch. Ich war schon immer ein sehr zielstrebiger Mensch und wollte immer sehr gute Noten hatten, um Psychologie studieren zu können (was auch jetzt per se gut geklappt hat). Aber ich weiß noch, als dann anfingen meine Noten zu senken - trotz der harten Mühe, obwohl ich stundenlang gelernt hatte so wie immer, aber nichts mehr in mein Kopf reinbekam. Mein 1,0 Schnitt ist dann dadurch gefallen und das hatte mich sehr enttäuscht, da ich die erste in der Familie gewesen wäre (bzw. bin), die überhaupt studiert. Ich dachte in diesem Moment, als ich mein Zwischenzeugnis bekam, dass ich meinen eigenen Anforderungen nicht gerecht werden kann und das hat mich sehr runtergezogen. Meine Mutter hatte versucht mich aufzumuntern mit lieben Worten wie: ""Du kannst doch trotzdem dann studieren"", ""das wird schon"" - aber das hatte mir in diesem Moment einfach nicht gereicht.",2021,87,5,6,2,5,7,5,11,7,3,0,0,9.898,0,0.738,0.738,300.012,1,"Diesen Donnerstag habe ich mich mit einer Freundin in der Innenstadt getroffen. Ich habe auf dem Weg zum Restaurant gesehen, wie eine Person neben einem Dönerstand rückwärts mit seinem Auto fuhr und dann gegen die Parkbank geknallt ist. Ich dachte mir in diesem Moment nur ""Wie kann einem sowas passieren?"" und dann aber bemerkt, dass die Bank sehr sehr niedrig ist, weshalb die Person das übersehen haben könnte. Aber dann hätte man andere Personen ansprechen können, ob sie dieser Person beim ausparken hätten helfen können. Somit war das weder besonders positiv, noch negativ. Es hat mich eher gelehrt, auch mal andere Personen anzusprechen, wenn man merkt, dass man alleine etwas kaum schaffen könnte.",2025,1,5,2,4,5,5,5,11,3,7,0,0,1.489,0,1.451,1.451,300.11,1,"Das schrecklichste und schlimmste Ereignis in meinem Leben war, als meine Mutter kurz nach der Trennung eine Hirnhautentzündung hatte - durch einen Zeckenbiss. Ich habe zu diesem Zeitpunkt nebenher gearbeitet, kam nach Hause und sie lag mit Fieber im Bett. Ich dachte zunächst, dass sie eine einfache Grippe sich eingefangen hatte - als sie jedoch nachts um 03:00 Uhr anfing zu halluzinieren und keine Nahrung und Flüssigkeiten mehr zu sich nahm sowie umgeflogen ist, habe ich den Notarzt gerufen und sie haben sie nicht mitgenommen wegen ""Verdacht auf Corona"", obwohl der Test negativ war. Einen Tag später bin ich zu meinem Nachbarn gegangen und habe ihn darauf aufmerksam gemacht, dass meine Mama am austrocknen ist - seine Schwester arbeitet nämlich in der Uniklinik. Sie haben sie zum Hausarzt gebracht und dann in die Uniklinik - es kam raus, dass wir fast zu spät drangewesen wären. Nachdem sie vom Krankenhaus nach zwei Wochen entlassen wurde und anschließend vier Wochen lang in der Reha war, kam heraus, dass meine Mama Knochenmarkkrebs hat, der jedoch nicht ausgebrochen ist. Das war für mich die schlimmste Zeit im Leben, da ich nicht wusste, ob ich hätte früher reagieren können. Oder was passiert wäre, wenn ich nicht rechtzeitig reagiert hätte. Und das sie nun so ein hartes Schicksal erlitten hat. Das sind allgemeine Gedanken, die mich bis dato noch prägen.",5,2,5,5,7,2022,29,7,6,1,7,7,2,11,7,1,1,0,2,2,1,4,1,0,0,2,2,0,0,0,0,0,2,0,0,0,0,0,0,0,2,0,0,2,0,0,0,1,0,1,0,0,0,1,0,0,0,4,4,3,3,4,4,4,3,4,4,2,1,2,6,6,2,3,3,1,6,6,1,1,3,3,6,1,12,1.021,1.021,120.014,1,"Pfannkuchen, Pfanne, Pilz, Penis, Platte, Platten, Platten, Pilzragout, Penne, Pasta, Pilzsuppe, Pfannkuchensuppe, Paprika, Plastik, Plage, Pennen, Pflaumen, Pizza, Platz, Plätzchen, Party, Paket, Parken, Punkt, Pension, Person, Pferd, Pony, Position, Pustekuchen, Pickel, Piraten, Picasso, Perlen, Perlenkette, Perücke, Pokémon, P",1.782,1.782,120.012,1,"Pferd, Affe, Kakerlake, Katze, Hund, Giraffe, Elefant, Mücke, Fliege, Löwe, Tiger, Jaguar, Fische, Igel, Fuchs, Luchs, Berglöwe, Fledermaus, Schimpanse, Schaf, Lama, Alpaka, Kuh, Huhn, Henne, Gockel, Ente, Rind, Kalb, Schwein, Wildschwein, Reh, Hirsch, Wolf, Braunbär, Eisbär, Bär (schwarz), Erdmännchen, Wiesel, Nashorn,",25,2,4,11,5,2,"Bei dem ersten Balken musste man hin und her regulieren, da war mir das etwas unklar. Und ab der Hälfte kam ""Internet Connection lost"", obwohl bei mir alles in Ordnung war.",61,17,19537,17,0,1,221,19.86,32.47,95.47,1,22.1,22.17,92.31,62.9,17.19,12.67,6.33,0.45,0,0,0,0,4.98,4.98,4.07,2.71,8.6,13.57,13.12,4.98,15.84,2.26,20.36,8.14,4.07,0.9,2.26,0.9,3.17,0,3.17,0.45,0,2.71,10.41,1.81,0.9,1.81,0,14.48,3.17,1.81,2.26,2.26,2.71,6.33,1.81,0.45,0.45,0.45,5.43,1.81,2.71,0,0,5.88,1.36,1.81,0.9,0,1.81,9.95,4.98,0.9,21.72,2.71,9.5,10.86,1.81,0,1.36,0,0.45,0,1.36,0,0,0,0,0,14.03,4.52,6.33,0.45,0,0,0,1.81,0.9,0,0,0,0
2025-07-20 12:52:54,2025-07-20 12:54:28,0,19,93,0,2025-07-27 12:54:29,R_2POUYCM7Db7lhUl,anonymous,EN,4,S,B,2,2,1,1,,1,0,0,12.536,0,,,,,,,,,,,,,,,,,,,,,,,,,,,,,,,,,,,,,,,,,,,,,,,,,,,,,,,,,,,,,,,,,,,,,,,,,,,,,,,,,,,,,,,,,,,,,,,,,,,,,,,,,,,,,,,,,,,,,,,,,,,,,,,,,,,,,,,,,,,,,,,,,,,,0,0,19510,,,1,0,,,,,,,,,,,,,,,,,,,,,,,,,,,,,,,,,,,,,,,,,,,,,,,,,,,,,,,,,,,,,,,,,,,,,,,,,,,,,,,,,,,,,,,,,,,,,,,,,
2025-07-28 03:34:36,2025-07-28 04:03:21,0,100,1724,1,2025-07-28 04:03:21,R_2EEcuFEGtqcx17z,anonymous,EN,4,KA,JU,24,8,3,1,,1,1.745,1.745,2.667,1,28.128,65.646,300.127,17,"Bildschirmfoto 2026-07-28 um 02.38.43
Bildschirmfoto 2026-07-28 um 00.15.07
Bildschirmfoto 2026-07-28 um 00.16.05
Bildschirmfoto 2026-07-28 um 00.16.18
Bildschirmfoto 2026-07-28 um 00.19.36
Bildschirmfoto 2026-07-28 um 00.21.28
Bildschirmfoto 2026-07-28 um 00.25.26
Bildschirmfoto 2026-07-28 um 01.12.25
Bildschirmfoto 2026-07-28 um 01.12.39
Bildschirmfoto 2026-07-28 um 01.17.57
Bildschirmfoto 2026-07-28 um 01.26.46
Bildschirmfoto 2026-07-28 um 02.32.08
Bildschirmfoto 2026-07-28 um 00.14.52",Bildschirmfoto 2025-07-28 um 02.38.43 Bildschirmfoto 2025-07-28 um 00.15.07 Bildschirmfoto 2025-07-28 um 00.16.05 Bildschirmfoto 2025-07-28 um 00.16.18 Bildschirmfoto 2025-07-28 um 00.19.36 Bildschirmfoto 2025-07-28 um 00.21.28 Bildschirmfoto 2025-07-28 um 00.25.26 Bildschirmfoto 2025-07-28 um 01.12.25 Bildschirmfoto 2025-07-28 um 01.12.39 Bildschirmfoto 2025-07-28 um 01.17.57 Bildschirmfoto 2025-07-28 um 01.26.46 Bildschirmfoto 2025-07-28 um 02.32.08 Bildschirmfoto 2025-07-28 um 00.14.52,60,3,5,3,5,4,3,5,4,5,17.287,17.287,23.411,1,1.513,207.844,300.159,4,Ich hatte kein Ereignis. Es war nicht traumarisierend. Ich schau mir nur die Studie an. 4 sind mehr Sätze als 3.,nie,48,3,2,6,5,4,6,11,3,5,0,0,1.564,0,0.819,0.819,300.13,1,"Bildschirmfoto 2025-07-28 um 02.38.43
Bildschirmfoto 2025-07-28 um 00.15.07
Bildschirmfoto 2025-07-28 um 00.16.05
Bildschirmfoto 2025-07-28 um 00.16.18
Bildschirmfoto 2025-07-28 um 00.19.36
Bildschirmfoto 2025-07-28 um 00.21.28
Bildschirmfoto 2025-07-28 um 00.25.26
Bildschirmfoto 2025-07-28 um 01.12.25
Bildschirmfoto 2025-07-28 um 01.12.39
Bildschirmfoto 2025-07-28 um 01.17.57
Bildschirmfoto 2025-07-28 um 01.26.46
Bildschirmfoto 2025-07-28 um 02.32.08
Bildschirmfoto 2025-07-28 um 00.14.52",2,3,2,2,4,Bildschirmfoto 2025-07-28 um 02.38.43 Bildschirmfoto 2025-07-28 um 00.15.07 Bildschirmfoto 2025-07-28 um 00.16.05 Bildschirmfoto 2025-07-28 um 00.16.18 Bildschirmfoto 2025-07-28 um 00.19.36 Bildschirmfoto 2025-07-28 um 00.21.28 Bildschirmfoto 2025-07-28 um 00.25.26 Bildschirmfoto 2025-07-28 um 01.12.25 Bildschirmfoto 2025-07-28 um 01.12.39 Bildschirmfoto 2025-07-28 um 01.17.57 Bildschirmfoto 2025-07-28 um 01.26.46 Bildschirmfoto 2025-07-28 um 02.32.08 Bildschirmfoto 2025-07-28 um 00.14.52,51,4,5,3,3,3,4,8,6,6,0,0,0,1,2,1,2,1,4,2,1,2,3,2,1,1,4,0,2,3,1,1,1,1,2,1,1,2,2,1,2,2,1,1,2,1,3,3,2,2,2,2,2,3,2,3,2,2,2,3,3,2,4,3,3,4,3,3,"3,4",3,3,4,4,3,4,4,"4,5",5,11,2.795,2.795,120.03,1,P,1.083,1.083,120.025,1,baum,77,2,4,9,5,1,,90,32,4234,32,1,1,52,99,,71.12,,52,50,75,25,0,0,0,0,0,0,0,0,0,0,0,0,0,25,0,0,25,0,0,0,0,0,50,0,0,0,0,0,0,0,0,0,0,0,0,0,0,0,0,0,0,0,0,0,0,0,0,0,0,0,0,0,0,0,0,0,0,0,0,0,25,0,0,25,0,0,0,0,0,0,0,0,0,0,0,0,100,50,0,0,0,0,0,50,0,0,0,0,0
2025-07-28 10:43:18,2025-07-28 11:30:50,0,100,2852,1,2025-07-28 11:30:50,R_8jYTXI82lJgYmkX,anonymous,EN,4,AL,JU,25,2,1,1,,1,0,0,2.556,0,2.665,2.665,300.014,1,"In meinem Praktikum auf einer Kinder- und Jugendpsychatrie habe ich ein Kind betrut, dass in seiner früheren Kindheit schwer misshandelt und beinahe Tod aufgefunden wurde. Wir haben die Fallakten damals besprochen und ich war dem Kind direkt zugewiesen. Mir wurde damals geschildert, dass das Kind bis zur Ohnmacht gewürgt wurde, und seitdem geistige Behinderungen und stark eingeschränkte Möglichkeit der Sprache hat.",März 2025,30,5,6,1,6,6,4,1,1,4,0,0,5.618,0,1.102,1.102,300.017,1,"Abmeldung von meinem langjährigen Leichtathletikverein. Seit meinem Abitur habe ich hochgerechnet 10 Mal an diesem Training teilgenommen, konnte mich aber nicht formal trennen und blieb deshalb angemeldet. Da dies nun schon 3 Jahre her ist, hat meine Mutter die Initiative ergriffen und den Vertrag gekündigt, natürlich immer mit der Option mich wieder anzumelden. Da ich aber wegen dem Studium umgezogen, und somit außer Reichweite des Trainings bin, hat es sich neutral angefühlt und nicht mehr schmerzlich",Mai 2025,62,2,2,4,3,3,3,6,3,6,0,0,34.838,0,1.091,1.091,300.016,1,"Mein Vater hatte einen medizinischen Notfall. Er wurde mit der Feuerwehr und einem Krankenwagen aus unserem Dachfenster gehoben. Ich war sehr klein und habe nur mitbekommen, wie das ganze Haus in Aufruhr war, alle geschrien und wild um sich gelaufen sind, als sie bemerkt haben, dass mein Vater Hilfe braucht.Meine Großeltern waren zu dem zeitpunkt da, mein Opa hat mich dann festgehalten, damit ich nicht zu meinem Vater renne und sehe wie es ihm geht.",,,3,,3,"Ich war in der Grundschule, also ca. im Jahr 2013",69,6,6,2,5,4,6,9,2,5,0,0,1,1,1,1,0,1,0,2,1,0,0,0,0,0,2,1,0,0,2,2,1,1,2,2,0,0,0,1,2,2,1,0,0,0,1,2,0,1,0,3,3,3,3,2,3,2,2,3,3,6,6,3,2,6,6,6,6,1,6,6,1,3,3,6,6,1,17,1.509,1.509,120.017,1,"Paparrazi
Perle
Pantoffel
Pelz
Parkuhr
Prunk
Pendel
Paddel
Panda
Paar
Planwagen
Produktion
P",1.041,1.041,120.115,1,"Tiger
Affe
Löwe
Möwe
Kakadu
Pferd
Hund
Hase
Vogel
Krokodil
Seerobbe
Otter
Zebra
Gepard
Leopard
Hamster
Meerschweinchen
panda
Koala
Elefant
Nashorn
Erdmännchen
Katze
Schwein
Dachs
Stachelschwein
Wurm
Libelle
Frosch
Schlange
Spinne
Kellerassel",21,2,4,4,5,1,,58,11,9292,11,0,1,76,1,61.76,86.88,1,25.33,21.05,92.11,65.79,23.68,18.42,10.53,1.32,0,0,0,0,5.26,5.26,1.32,5.26,6.58,10.53,15.79,5.26,18.42,1.32,26.32,7.89,3.95,2.63,0,3.95,2.63,0,2.63,0,1.32,0,19.74,5.26,0,0,6.58,14.47,2.63,3.95,2.63,1.32,2.63,2.63,2.63,1.32,1.32,0,2.63,0,1.32,0,0,11.84,6.58,3.95,2.63,0,0,10.53,9.21,0,19.74,6.58,9.21,3.95,0,0,1.32,0,0,0,0,0,0,0,0,0,13.16,5.26,7.89,0,0,0,0,0,0,0,0,0,0
2025-07-28 12:14:43,2025-07-28 12:55:45,0,100,2462,1,2025-07-28 12:55:46,R_2V9dahU04CAIJjN,anonymous,EN,4,Su,Na,20,1,1,1,,1,0,0,3.893,0,4.144,39.834,385.198,3,"Es war sehr unangenehm , als meine ganze Familie von meinem traumatischen Erlebnis erfahren haben. Und auch die Freunde und Bekannte. Denn bis zu einem Punkt , konnte ich alles geheim halten und immer die perfekte Familie spielen.",März 2022,1,7,7,1,7,7,7,11,6,1,0,0,14.988,0,1.853,93.396,300.018,11,"Ich wurde von meinem Ex Mann jahrelang geschlagen und misshandelt. Er hat mich körperlich, sowie psychisch misshandelt. Nach der Trennung (bis heute) stalkt er mich. Die Polizei tut nichts dagegen.",angefangen Dezember 2021,1,7,7,1,7,7,7,11,5,1,0,0,2.224,0,1.061,1.061,300.119,1,"Das schlimmste war als mein Ex Mann mich draußen geschlagen hat. Vor allen Menschen. Ich war so hilflos und einsam. Es war peinlich und ich habe mich geschämt. Ich hatte Angst, dass jemand die Polizei rufen würde.",1,5,5,1,7,Mai 2020,9,7,7,1,7,7,7,1,1,1,4,4,4,4,3,3,1,2,2,2,2,2,4,4,3,2,4,4,4,0,2,0,1,0,2,2,0,1,3,3,3,3,2,2,2,1,2,2,0,1,1,3,4,4,4,4,3,4,4,4,4,6,6,1,2,2,1,1,1,1,6,6,2,2,6,6,6,1,6,5.983,116.917,229.637,11,"Polizei
Polizist
Pflaume
Pfirsich
Pilot
Peiniger
Pfeffer
Pfefferspray",1.197,1.197,120.007,1,"Löwe
Tiger
Elefant
Leopard
Affe
Ameise
Maus
Katze
Hund
Hamster
Vogel
Taube
Hase
Kaninchen
Schlange
Maulwurf
Igel
Schmetterling
Marienkäfer
Kakerlake",28,2,4,6,5,1,,129,58,14623,58,1,1,37,1,43.96,66,1,7.4,21.62,100,67.57,27.03,16.22,16.22,0,0,0,0,0,0,0,0,8.11,5.41,5.41,18.92,5.41,16.22,0,24.32,13.51,5.41,0,0,2.7,21.62,2.7,18.92,10.81,2.7,5.41,21.62,2.7,0,0,2.7,10.81,0,0,2.7,5.41,2.7,2.7,2.7,0,2.7,0,0,0,0,0,0,13.51,2.7,5.41,2.7,0,2.7,13.51,5.41,0,8.11,0,5.41,5.41,2.7,2.7,0,0,0,0,0,0,0,0,0,0,16.22,13.51,2.7,0,0,0,0,0,0,0,0,0,0
2025-07-28 20:19:28,2025-07-28 21:02:17,0,100,2569,1,2025-07-28 21:02:18,R_2L9KykKJnFmIBR7,anonymous,EN,4,TA,AH,24,9,1,1,,1,0,0,16.994,0,0.737,0.737,300.01,1,"Ich musste 5 Stunden im Krankenhaus warten, weil ich meine Rippe verletzt hatte. Es war an einem Sonntag, und es war super voll als ich ankam (zu keinem Zeitpunkt danach nochmal so voll). Alles nur um herauszufinden das man da nix tut, und meine Rippe geprellt ist, und nicht mehr. Das waren theoretisch immerhin die besseren neuigkeiten. Während diese 5 Stunden musste ich aber noch ein unangenehmes Gespräch mit meiner Ex-Freundin führen (über Whatsapp) und steckte da währenddessen halt in dem Krankenhaus Setting. Gleichzeitig wurde ich auch auf ein paar unangehnehme Dinge von Freunden angeschrieben und musste dann das auch klären was zusammen die hälfte der Wartezeit gefüllt hat. Ich war alleine dort, und hing also auch die ganze Zeit am Handy. Habe viel Hinterfragt ob sich das gerade lohnt, und musste dafür ein Treffen mit meiner Familie absagen, weil es so lange gedauert hat (und wegen der Verletzung selbst). Unterschiedliche Menschen waren dort, aber nichts ungewöhnliches.",gestern von Mittags bis Abends,71,3,3,3,5,4,5,8,4,3,0,0,1.312,0,16.389,17.391,303.446,2,"Ich war im Club mit Freunden und es war unterwältigend, und schlechter als sonst. es war weder aktiv positiv noch aktiv negativ. In Momenten war es dann doch ganz nett aber die Musik war auch ein bisschen schlecht, und immer wenn es dann gerade kurz gut war kam eine Einlage die den Moment für mich versaut hat. Wir waren da mit mehren meiner engen Freunde und die Stimmung in unserer Gruppe war auch eigentlich ganz gut, im restlichen Club aber eher langweilig. Ein bisschen getrunken haben wir an dem Abend auch, aber weniger als sonst. Der Abend war auch relativ kurz da alle zur der Zeit zeitlich sehr ausgelastet waren, also endete es auch früher.",Vor 6 Tagen,61,3,2,4,6,3,5,4,3,4,0,0,5.874,0,0.656,0.656,300.008,1,"Als ich noch jünger war stritten sich meine Eltern häufig. Meine Vater war super unzuverlässig und allgemein ein sehr schlechter Partner, meine Mutter war extrem genervt davon (irgendwie zurecht) aber auch sehr Sauer und ließ das auch sehr viel an ihm raus. Zu der Zeit war alles recht eskaliert und gereizt und ich weiß nicht mehr was den Streit ausgelöst hat, aber es war wieder das Muster das mein Vater scheiße ist, meine Mutter super sauer wird und ihm hinterher rennt und verbal weiter und weiter angreift bis er austickt. In dem Fall war es in der Küche und mein Vater ist wirklich so sehr ausgerastet und hat fast die kontrolle verloren und ein Messer aus der Küche in die hand genommen und gegen meine Mutter gehalten. Ich bin die ganze Zeit damals noch dazwischen gegangen, und mein Vater hat rational keinen drang so etwas wirklich durchzuziehen, und ich glaube heute auch, dass er in dem Moment nicht wirklich etwas tun wollte, sondern einfach nur aufgeschmissen war weil er weiter und weiter verbal angegriffen wurde und nicht wusste wie er meine Mutter stoppen konnte. Wir waren primär zu dritt, meine Geschwister waren noch jünger und planlos, ich weiß nicht genau ob sie sich daran erinnern oder inwiefern sie involviert waren. ich glaube sie waren aber da und haben währenddessen geweint und nur zugeschaut. Ich kann das Bild ~13-15 Jahre später noch genau vor Augen sehen von dem Moment.",5,3,5,5,5,vor ca 13 Jahren glaube ich +- 1 Jahr,75,6,7,1,5,7,6,1,4,6,0,0,0,0,0,1,0,1,2,0,2,2,2,2,0,1,2,2,2,2,1,0,2,1,2,1,0,2,0,1,1,3,3,0,1,2,2,2,1,0,0,4,4,4,3,3,3,3,3,3,3,6,6,6,6,6,"1,2,3",2,3,3,3,6,3,3,6,6,6,5,7,0.654,0.654,120.004,1,Pause Plan Pfand Palme Pharaoh Pensum Platin Probe Pass Packen Pflaume Pistole Pfirsich Praktikum Post Pilot Pusten Pinienkerne Pasta Paddel Putzen Piranha Posten Person,0.817,35.3,120.002,4,Affe Hase Pelikan Zebra Pferd Esel Bonobo Gurilla Hund Katze Maus Ratte Taube Papagei Amsel Schwein Kuh Huhn Krokodil Löwe Wolf Giraffe Elefant Stier Yak Urang Utan Tiger Kaninchen Meerschweinchen Hamster Nilpferd Nashorn Nacktmull Goldfisch Hai Delfin Wal,24,1,4,5,5,1,,79,21,8425,21,0,1,238,1,31.39,98.61,1,29.75,16.81,92.86,61.76,16.81,12.18,7.14,0.42,0,0,0,0,3.78,3.78,1.26,2.94,6.72,7.14,12.18,9.24,18.07,2.1,18.49,8.4,2.94,1.68,1.26,5.04,7.14,2.1,5.04,0,2.94,1.68,12.18,4.62,0.42,1.68,3.78,25.63,7.98,2.52,3.36,5.88,5.46,6.72,2.1,1.26,0,0,3.78,1.26,0,0.42,1.68,10.08,5.04,4.2,0.84,0,0.42,10.08,4.62,2.52,18.07,2.52,7.98,10.08,0.42,0,0.84,0.42,0.84,0,2.1,0.42,0,0.84,0,0,8.82,3.36,3.78,0,0,0,0,0.42,0,0,0.84,0.42,0
2025-07-29 19:37:52,2025-07-29 20:34:54,0,100,3422,1,2025-07-29 20:34:55,R_2nwXTgS6EQ61xKh,anonymous,EN,4,UR,DE,13,8,3,3,2,,,,,,,,,,,,,,,,,,,,,,,,,,,,,,,,,,,,,,,,,,,,,,,,,,,,,,,,,,,,,,,,,,,,,,,,,,,,,,,,,,,,,,,,,,,,,,,,,,,,,,,,,,,,,,,,,,,,,,,,,,,,,,,,,,,,,,,,,,,,,,,,,,,,,,,,,0,0,19603,,,1,0,,,,,,,,,,,,,,,,,,,,,,,,,,,,,,,,,,,,,,,,,,,,,,,,,,,,,,,,,,,,,,,,,,,,,,,,,,,,,,,,,,,,,,,,,,,,,,,,,
2025-07-30 12:01:22,2025-07-30 12:38:44,0,100,2241,1,2025-07-30 12:38:45,R_2qX8BxWOTEO5xNh,anonymous,EN,4,EN,DA,11,4,1,1,,1,0,0,24.054,0,0.846,282.175,300.058,8,"Ich war auf dem Weg zur Störungslehre-Klausur und war bereits zu spät. Ich war so unkonzentriert und total unter Stress, da ich sehr unvorbereitet war. Ich habe an der Uni geparkt und stand schon vor dem Hörsaal, als ich gemerkt habe, dass ich zum Bochumer Fenster muss. Also bin ich vollkommen schlecht vorbereitet und sehr gestresst 20 später zur Klausur angekommen und habe mich danach bewusst durchfallen lassen, da es keinen Sinn hatte. Eine schlechte Klausurerfahrung.",August 2023,62,4,4,3,6,4,5,11,3,5,0,0,11.17,0,0.771,183.094,301.395,9,"Einmal kam eine Person an der Uni in einem Seminarraum vorbei und suchte nach einem verschollenen Bekannten, den sie seit mindestens 5 Jahren nicht mehr gesehen habe. Sie habe bei uns scheinbar Psychologie studiert und wir haben zwar bestmöglich probiert, ihr zu helfen, allerdings kannten wir die Person nicht. Also haben wir sie an den Fachschaftsrat weitergeleitet.",Mitte Mai 2025,37,4,4,5,5,4,5,11,5,7,0,0,1.302,0,0.499,296.414,300.131,11,"Ich hatte vor einigen Wochen einen heftigen Auffahrunfall auf der Autobahn, der sich aus einem plötzlichen Stauende heraus ergeben hat. Ich bin mit einem Freund auf ein Festival gefahren und wir waren alle gut drauf. Es war Dichter Verkehr und viel los auf der autobahn. Plötzlich wie aus dem Nichts macht ein SUV vor uns eine Vollbremsung, Bremslichter flackern, was eine Gefahrenbremsung signalisiert, und ich trete das Bremspedal voll durch, aber es ist zu spät und wir krachen dem SUV mit einem starken Aufprall hinten rein. Ich erinnere mich nicht mehr an die Geschwindigkeit, aber die Vollbremsung war vielleicht mit 100 kmh und der Aufprall letztlich noch mit 30. Gott sei Dank ist niemandem etwas passiert, aber mein Auto, das ich zum 18. Geburtstag bekommen habe, war ein Totalschäden. Ich hatte es erst 6 Jahre und es war in top Zustand, quasi wie neu. Direkt nach dem Aufprall war der Schock sehr groß und alles fühlte sich so surreal an, als wäre es gar nicht passiert. Alle Bewegungen ab da wirkten so routiniert, Motor aus, Warnwesten an, hinter die Leitplanke, als würde ich so etwas jeden Tag machen. wie in einem Automatismus wusste ich genau, was zu tun ist. Erst später",4,1,5,5,5,19.06.2025,36,6,5,2,6,6,6,8,3,3,2,0,1,1,0,1,0,2,2,3,4,0,0,0,1,3,0,1,1,0,1,0,0,0,1,1,0,1,0,0,1,1,2,1,0,0,1,1,0,0,0,3,3,3,3,3,4,4,4,3,3,6,6,1,6,6,6,6,6,6,6,"3,6","2,3",3,6,3,6,6,3,4.478,98.384,120.019,3,"Pool, Prost, Pfarrer, Penner, Pluto, Pranke, Pferd, Pflanze, Pfand, Perfekt, Perforiert, Packen, Picken, Prahlen, Patte,",4.823,4.823,120.023,1,"Affe, Giraffe, Pferd, Ameise, Delphin, Waal, Bär, Biene, Capibara, Echse, Eidechse, Hund, Katze, Maus, Ratte, Hamster, Papagei, Wellensittich, Zebra, Nashorn, Nilpferd, Pferd, Raabe, Taube, Dohle, Krähe, Mücke, Zecke, Fliege, Elefant, Löwe, Tiger,",22,1,4,4,5,1,,66,22,6034,22,0,1,201,41.1,50.04,91.65,97,16.75,21.39,86.57,64.68,17.91,9.45,4.98,1.49,0,0,0,0,1.99,1.99,0,9.45,11.44,14.43,11.94,7.46,12.94,1.49,16.42,10.45,3.48,2.49,2.99,5.97,5.97,4.98,1,0.5,0.5,0,8.96,0.5,0.5,0,0.5,19.4,1.49,3.98,2.99,3.98,7.46,3.98,0.5,0,0,0.5,1.99,0,0,0,0,8.96,1.99,5.47,1.49,0,0.5,5.47,3.98,0.5,23.38,2.49,13.43,9.45,0,1,0,0.5,0.5,0,3.48,0,0,0.5,0,0.5,13.43,5.47,7.96,0,0,0,0,0,0,0,0,0,0
2025-07-30 16:37:02,2025-07-30 18:14:15,0,100,5832,1,2025-07-30 18:14:16,R_2sRbfu5KxHkvwzq,anonymous,EN,4,EL,RO,1,1,1,1,,1,0,0,4.854,0,1.025,128.276,300.148,4,"Im August letzten Jahres habe ich durch einen guten Freund erfahren, dass ein Freund von mir Suizid begangen hat. Obwohl der Verstorbene in den Jahren davor immer wieder davon gesprochen hatte und er desweiteren bipolar war, kam die Nachricht für mich dennoch völlig unerwartet.

Im ersten Moment war ich schockiert und traurig. Ich wusste nicht, wie ich mit der Nachricht umgehen sollte. Erst einige Zeit später begann ich,  darüber nachzudenken und fühlte mich in gewisser Weise schuldig, es nicht verhindert haben zu können. Diese Gedanken kamen erst, als ich allmählich zu realisieren begann, was wirklich geschehen war.",August 2024,85,3,3,2,4,3,4,5,2,5,0,0,1.824,0,0.966,0.966,300.135,1,"Vor ein paar Monaten war ich an einem Nachmittag im Supermarkt einkaufen. Ich hatte eine Einkaufsliste dabei und bin nach der Arbeit direkt dorthin gegangen. Der Laden war mäßig voll, es waren viele Menschen unterwegs, aber es war nicht überfüllt. Ich habe mir einen Einkaufswagen genommen und bin durch die Gänge gegangen.

Ich erinnere mich daran, dass ich zuerst zu den Obst- und Gemüseregalen gegangen bin. Dort habe ich Äpfel und eine Paprika gekauft. Anschließend habe ich noch Brot, Joghurt und Haferflocken geholt. Im Kühlregal war es recht kalt, und ich habe gemerkt, dass ich müde war. Ich habe mich weder besonders gut noch schlecht gefühlt – eher neutral, etwas erschöpft vielleicht.

An der Kasse musste ich ein paar Minuten warten. Ich habe in der Zeit auf mein Handy geschaut. Die Kassiererin war freundlich, aber es war ein kurzer und eher routinierter Kontakt. Nachdem ich bezahlt hatte, habe ich die Einkäufe in meinen Rucksack gepackt und bin wieder nach Hause gegangen.",gestern,50,1,1,4,2,2,2,2,2,7,0,0,1.411,0,0.893,0.893,300.146,1,"Vor ein paar Jahren war ich abends in einem Club. Es war noch relativ warm, deshalb trug ich ein kurzes, figurbetontes Kleid mit einer Feinstrumpfhose. Im Laufe des Abends merkte ich, dass ich plötzlich deutlich betrunkener war, als ich es hätte sein sollen, und ging deshalb an die frische Luft.

Vor dem Eingang saßen fünf Männer, die ich nicht kannte. Sie begannen mit mir zu sprechen. Einer von ihnen sagte, er habe etwas, das mir helfen würde, wieder etwas nüchterner zu werden. Ich war verunsichert, aber betrunken und beeinflussbar – deshalb ging ich mit ihm ein paar Meter weiter in einen nahegelegenen Park. Er führte mich gezielt zu einer dunklen, abgeschiedenen Stelle, wo man, wenn man sich hinsetzte oder hinhockte, von außen kaum sichtbar war.

Wenig später lag ich am Boden, und er begann, mich sexuell zu bedrängen. Als ich realisierte, was gerade passiert, kam Panik in mir auf. Ich begann laut zu schreien und mich heftig zu wehren. Zum Glück gelang es mir irgendwie, mich zu befreien und wegzulaufen.",5,5,5,1,7,2020,30,6,3,1,6,7,7,11,7,3,1,1,0,1,1,1,0,0,0,2,1,0,0,0,0,0,1,1,0,1,0,0,0,0,1,0,0,0,0,0,0,1,0,0,0,0,0,0,0,1,0,3,3,3,4,4,4,4,4,3,3,6,6,"1,2",6,6,2,3,1,1,6,6,2,6,2,6,6,6,8,6.82,6.82,120.023,1,"Person, Parkplatz, Park, Pferd, Pfanne, Post, Plan, Pizza, Puppe, Polizei, Plus, Pflaume, Papier, Plan, Pilz, Pause, Pi",2.49,2.49,120.026,1,"Vogel, Hund, KAtze, Pferd, Maus, Hamster, Frosch, Frettchen, Hase, Kuh, Reh, Dachs, Fuchs, Fledermaus, Affe, Bär, Hahn, Löwe, Jaguar, Pfau, Ziege, Nashorn, Schaf, Tiger, Papagei,",26,2,4,11,5,1,,49,11,19615,11,0,1,169,30.16,27.82,99,45.98,14.08,18.93,91.72,62.72,24.26,16.57,11.24,0,0,0,0,0,4.73,4.14,1.18,7.69,8.28,16.57,9.47,8.88,10.06,0.59,19.53,9.47,2.37,1.18,0.59,2.96,4.73,2.96,1.78,0.59,0.59,0,10.65,0.59,1.18,0,2.37,15.98,2.37,2.37,2.37,6.51,1.78,4.14,2.96,0.59,1.78,0.59,2.37,0,1.18,0.59,1.78,4.73,0,1.18,1.78,1.18,1.18,10.65,2.37,1.78,26.63,3.55,15.98,10.06,1.18,3.55,0,0,0,0,0.59,0,0,0,0,0,18.34,7.1,11.24,0,0,0,0,0,0,0,0,0,0
2025-07-24 21:32:56,2025-07-24 21:33:05,0,2,9,0,2025-07-31 21:33:08,R_8whHHpPFbmWCZ4l,anonymous,EN,4,,,,,,,,,,,,,,,,,,,,,,,,,,,,,,,,,,,,,,,,,,,,,,,,,,,,,,,,,,,,,,,,,,,,,,,,,,,,,,,,,,,,,,,,,,,,,,,,,,,,,,,,,,,,,,,,,,,,,,,,,,,,,,,,,,,,,,,,,,,,,,,,,,,,,,,,,,,,,,,,0,0,4498,,,1,0,,,,,,,,,,,,,,,,,,,,,,,,,,,,,,,,,,,,,,,,,,,,,,,,,,,,,,,,,,,,,,,,,,,,,,,,,,,,,,,,,,,,,,,,,,,,,,,,,
2025-07-26 11:00:17,2025-07-26 11:20:54,0,41,1236,0,2025-08-02 11:21:07,R_2D8gOJecTEFVOSO,anonymous,EN,4,ID,AM,11,11,3,1,,1,0,0,13.991,0,4.942,108.01,303.701,3,"Ich erfuhr dass meine Mama ihr erstes Baby während der Geburt verlor. Das war kein schönes Gefühl, da sie sehr jung war und ihr eigenes Baby Tod in den Händen hielt. Ich bin empathisch und konnte mir gut vorstellen, welche Angst sie bei den nächsten Kindern gehabt haben muss",,,,,,,,,,,,0,0,2.549,0,2.417,294.863,300.041,10,"Ich hatte als junges Mädchen starke Schmerzen im Unterbauch. Ich ging mit meinem Vater in die Notaufnahme und meine Schmerzen wurden trotz ärztlicher Überweisung nicht ernst genommen und ich wurde mit Abführmittel nach Hause geschickt. Zuhause angekommen stieg mein Fieber auf 42 grad, Schüttelfrost fing an und mein gesamter Körper zitterte. Ein Krankenwagen holte mich ab und brachte mich erneut ins Krankenhaus. Ich wurde stationär aufgenommen, da meine Körpertemperatur zusätzlich bedrohlich war. Am nächsten Morgen stürmten Krankenschwestern ins Zimmer und fuhren mich in den Not op Saal. Dort wurde ich 5 Stunden lang operiert und wachte auf der Intensivstation auf und musste 2 Wochen im Krankenhaus verbringen. Mein Blinddarm war aufgeplatzt und es hätte mir beinahe das Leben gekostet.",Im Sommer 2018,36,2,7,1,5,5,2,11,4,4,,,,,,,,,,,,,,,,,,,,,,,,,,,,,,,,,,,,,,,,,,,,,,,,,,,,,,,,,,,,,,,,,,,,,,,,,,,,,,,,,,,,,,,,,,,,,,,,,,,,,,,,,,,,,,,,0,0,19558,,,1,0,,,,,,,,,,,,,,,,,,,,,,,,,,,,,,,,,,,,,,,,,,,,,,,,,,,,,,,,,,,,,,,,,,,,,,,,,,,,,,,,,,,,,,,,,,,,,,,,,
2025-07-29 01:37:44,2025-07-29 01:38:52,0,2,68,0,2025-08-05 01:38:53,R_2Pe0R9nLQ3ZbrWz,anonymous,EN,4,,,,,,,,,,,,,,,,,,,,,,,,,,,,,,,,,,,,,,,,,,,,,,,,,,,,,,,,,,,,,,,,,,,,,,,,,,,,,,,,,,,,,,,,,,,,,,,,,,,,,,,,,,,,,,,,,,,,,,,,,,,,,,,,,,,,,,,,,,,,,,,,,,,,,,,,,,,,,,,,0,0,9346,,,1,0,,,,,,,,,,,,,,,,,,,,,,,,,,,,,,,,,,,,,,,,,,,,,,,,,,,,,,,,,,,,,,,,,,,,,,,,,,,,,,,,,,,,,,,,,,,,,,,,,
2025-07-30 22:00:11,2025-07-30 22:08:53,0,21,521,0,2025-08-06 22:08:59,R_20MiW8FWebbJVOu,anonymous,EN,4,TA,MA,3,1,3,1,,1,,,,,,,,,,,,,,,,,,,,,0,0,0.967,0,7.448,142.957,300.066,19,Es war anders. Ich war verzweifelt. Die Situation hat Angst bereitet. Die Nervösität ist immer gestiegen.,,,,,,,,,,,,,,,,,,,,,,,,,,,,,,,,,,,,,,,,,,,,,,,,,,,,,,,,,,,,,,,,,,,,,,,,,,,,,,,,,,,,,,,,,,,,,,,,,,,,,,,,,,,,,,,,,,,,,,,,,,,0,0,19426,,,1,0,,,,,,,,,,,,,,,,,,,,,,,,,,,,,,,,,,,,,,,,,,,,,,,,,,,,,,,,,,,,,,,,,,,,,,,,,,,,,,,,,,,,,,,,,,,,,,,,,
